perro,fecha,min_reposo,min_calma,min_activo,min_intenso,min_sin_datos,min_otros,ladridos_total,ladridos_franjas,ladridos_max_30min,fc_media,fc_min,fc_max,fc_n,fr_media,fr_min,fr_max,fr_n,temp_disp_media,temp_disp_max,dia_semana,es_finde,mes
cherry,2026-02-22,240.18333333333356,6.416666666666658,7.949999999999985,0.0,1185.4499999999916,0.0,6.0,2.0,4.0,57.63636363636363,51.0,77.0,22.0,9.471428571428572,7.0,14.0,70.0,21.90909090909091,28,Sunday,True,2
cherry,2026-02-23,888.2333333333311,85.26666666666551,117.69999999999784,0.0,348.8000000000056,0.0,149.0,11.0,53.0,57.78947368421053,51.0,80.0,76.0,8.4609375,5.0,20.0,128.0,27.0,35,Monday,False,2
cherry,2026-02-24,933.016666666664,67.61666666666585,108.59999999999789,0.0,330.7666666666715,0.0,289.0,15.0,84.0,58.04225352112676,51.0,96.0,71.0,7.8478260869565215,5.0,14.0,138.0,27.68421052631579,32,Tuesday,False,2
cherry,2026-02-25,1014.3999999999986,50.433333333332904,87.46666666666535,0.0,287.70000000000397,0.0,565.0,19.0,105.0,55.372093023255815,51.0,79.0,86.0,7.9226190476190474,4.0,16.0,168.0,26.666666666666668,35,Wednesday,False,2
cherry,2026-02-26,901.8666666666649,79.58333333333246,116.68333333333135,0.0,341.8666666666721,0.0,351.0,10.0,98.0,57.254901960784316,52.0,101.0,51.0,7.909677419354839,5.0,16.0,155.0,27.333333333333332,36,Thursday,False,2
cherry,2026-02-27,976.4333333333336,60.33333333333282,98.93333333333163,0.0,304.3000000000045,0.0,567.0,16.0,176.0,59.53947368421053,51.0,96.0,76.0,9.006802721088436,4.0,23.0,147.0,25.375,32,Friday,False,2
cherry,2026-02-28,832.399999999999,75.44999999999912,133.28333333333183,0.0,398.86666666667327,0.0,199.0,13.0,73.0,57.43396226415094,51.0,77.0,53.0,7.88,5.0,13.0,100.0,27.692307692307693,30,Saturday,True,2
cherry,2026-03-01,877.566666666663,65.56666666666595,116.36666666666441,0.0,380.50000000000665,0.0,182.0,18.0,45.0,57.707317073170735,51.0,107.0,82.0,7.477876106194691,4.0,16.0,113.0,19.545454545454547,27,Sunday,True,3
cherry,2026-03-02,866.0666666666654,68.18333333333247,124.483333333331,0.0,381.2666666666752,0.0,105.0,18.0,26.0,58.666666666666664,51.0,80.0,81.0,8.660194174757281,5.0,17.0,103.0,21.63157894736842,35,Monday,False,3
cherry,2026-03-03,855.8166666666656,55.649999999999565,115.86666666666427,0.0,412.66666666667425,0.0,308.0,12.0,99.0,58.55555555555556,51.0,77.0,81.0,8.597701149425287,5.0,22.0,87.0,20.03846153846154,35,Tuesday,False,3
cherry,2026-03-04,852.4499999999986,67.16666666666566,126.83333333333033,0.0,393.5500000000079,0.0,386.0,13.0,193.0,59.223684210526315,51.0,121.0,76.0,8.71,5.0,30.0,100.0,19.90909090909091,29,Wednesday,False,3
cherry,2026-03-05,967.4166666666645,58.96666666666601,119.66666666666409,0.0,293.9500000000052,0.0,308.0,13.0,107.0,61.325,51.0,96.0,80.0,8.779527559055119,4.0,15.0,127.0,30.25,34,Thursday,False,3
cherry,2026-03-06,908.9833333333321,54.23333333333272,126.68333333333048,0.0,350.10000000000923,0.0,700.0,17.0,216.0,58.21212121212121,51.0,75.0,66.0,8.918032786885245,5.0,21.0,122.0,23.37837837837838,35,Friday,False,3
cherry,2026-03-07,924.9166666666641,53.199999999999534,112.2499999999977,0.0,349.63333333334003,0.0,463.0,13.0,255.0,60.44871794871795,51.0,96.0,78.0,8.512605042016807,5.0,16.0,119.0,16.555555555555557,31,Saturday,True,3
cherry,2026-03-08,1034.1499999999978,38.46666666666662,92.49999999999868,0.0,274.8833333333383,0.0,164.0,19.0,58.0,56.95918367346939,51.0,75.0,49.0,8.598591549295774,5.0,15.0,142.0,19.142857142857142,32,Sunday,True,3
cherry,2026-03-09,946.6499999999992,47.46666666666632,111.54999999999777,0.0,334.33333333333985,0.0,182.0,15.0,100.0,59.96,51.0,80.0,75.0,8.832369942196532,5.0,18.0,173.0,20.4,34,Monday,False,3
cherry,2026-03-10,914.7833333333305,57.549999999999336,118.83333333333069,0.0,348.8333333333422,0.0,266.0,16.0,100.0,59.91549295774648,51.0,88.0,71.0,8.481132075471699,5.0,18.0,106.0,18.714285714285715,26,Tuesday,False,3
cherry,2026-03-11,968.1666666666647,55.86666666666597,114.58333333333091,0.0,301.38333333333975,0.0,58.0,14.0,13.0,56.232142857142854,51.0,84.0,56.0,8.486301369863014,5.0,14.0,146.0,28.8,34,Wednesday,False,3
cherry,2026-03-12,977.6499999999982,52.63333333333279,109.88333333333124,0.0,299.833333333338,0.0,108.0,13.0,67.0,56.97959183673469,50.0,96.0,49.0,8.617647058823529,4.0,15.0,170.0,22.333333333333332,25,Thursday,False,3
cherry,2026-03-13,995.9166666666632,55.73333333333283,95.1499999999985,0.0,293.20000000000624,0.0,420.0,13.0,181.0,55.8421052631579,51.0,88.0,57.0,8.506493506493506,5.0,15.0,154.0,24.8,32,Friday,False,3
cherry,2026-03-14,849.7833333333299,59.083333333332526,146.31666666666476,0.0,384.8166666666743,0.0,122.0,17.0,32.0,58.60344827586207,51.0,84.0,58.0,7.971830985915493,5.0,17.0,142.0,18.666666666666668,30,Saturday,True,3
cherry,2026-03-15,992.7666666666665,44.38333333333306,90.19999999999872,0.0,312.6500000000043,0.0,963.0,17.0,255.0,62.17482517482517,50.0,82.0,143.0,7.913907284768212,5.0,12.0,151.0,19.0,29,Sunday,True,3
cherry,2026-03-16,878.5499999999967,53.31666666666613,97.78333333333164,85.85,324.5000000000057,0.0,843.0,18.0,178.0,58.70860927152318,51.0,72.0,151.0,7.791469194312796,5.0,25.0,211.0,31.192307692307693,45,Monday,False,3
cherry,2026-03-17,490.76666666666756,32.51666666666679,71.81666666666607,5.266666666666667,839.6333333333048,0.0,734.0,17.0,180.0,56.6875,51.0,75.0,48.0,10.277777777777779,7.0,27.0,144.0,20.384615384615383,31,Tuesday,False,3
cherry,2026-03-18,810.5333333333332,64.4666666666658,122.94999999999725,0.0,442.05000000000854,0.0,929.0,20.0,255.0,58.91860465116279,51.0,72.0,86.0,7.274074074074074,5.0,17.0,135.0,21.294117647058822,27,Wednesday,False,3
cherry,2026-03-19,985.8166666666642,49.016666666666204,93.56666666666516,0.0,311.60000000000565,0.0,384.0,18.0,184.0,57.88235294117647,51.0,73.0,170.0,7.654205607476635,5.0,15.0,214.0,29.0,31,Thursday,False,3
cherry,2026-03-20,841.7833333333298,49.0166666666662,121.9666666666643,0.0,427.23333333334176,0.0,922.0,21.0,196.0,58.85507246376812,51.0,70.0,138.0,7.21301775147929,5.0,22.0,169.0,18.166666666666668,25,Friday,False,3
cherry,2026-03-21,954.5833333333319,49.88333333333284,113.69999999999781,0.0,321.83333333333917,0.0,545.0,16.0,255.0,58.377272727272725,51.0,70.0,220.0,7.057971014492754,5.0,21.0,207.0,26.5,30,Saturday,True,3
cherry,2026-03-22,996.5666666666642,47.19999999999966,95.6999999999983,0.0,300.5333333333383,0.0,531.0,16.0,139.0,57.64052287581699,51.0,77.0,153.0,7.666666666666667,5.0,16.0,249.0,26.5,36,Sunday,True,3
cherry,2026-03-23,838.6499999999992,59.966666666665866,115.03333333333075,0.0,414.4500000000089,11.9,208.0,19.0,54.0,56.03174603174603,51.0,65.0,63.0,8.804347826086957,6.0,35.0,184.0,21.791666666666668,32,Monday,False,3
cherry,2026-03-24,941.9999999999972,46.966666666666384,101.68333333333167,0.0,331.48333333334006,17.866666666666674,513.0,18.0,96.0,58.11578947368421,51.0,72.0,95.0,7.624365482233503,5.0,19.0,197.0,24.0,30,Tuesday,False,3
cherry,2026-03-25,998.7666666666657,44.38333333333321,87.98333333333221,0.0,290.18333333333834,18.68333333333334,252.0,15.0,79.0,56.31159420289855,51.0,67.0,138.0,7.935185185185185,5.0,20.0,216.0,25.333333333333332,31,Wednesday,False,3
cherry,2026-03-26,894.0499999999981,53.616666666666056,108.0166666666645,0.0,380.56666666667377,3.749999999999999,884.0,19.0,209.0,58.4,51.0,88.0,60.0,9.26388888888889,6.0,22.0,216.0,23.666666666666668,29,Thursday,False,3
cherry,2026-03-27,910.5166666666653,64.69999999999916,112.44999999999753,0.0,351.81666666667223,0.5166666666666666,181.0,14.0,68.0,57.916666666666664,51.0,96.0,96.0,9.341463414634147,5.0,18.0,164.0,22.153846153846153,37,Friday,False,3
cherry,2026-03-28,913.1666666666663,55.26666666666625,111.54999999999787,0.0,359.4833333333376,0.5333333333333333,184.0,13.0,52.0,57.63,51.0,72.0,100.0,8.620481927710843,6.0,16.0,166.0,20.285714285714285,30,Saturday,True,3
cherry,2026-03-29,862.9499999999979,59.84999999999919,126.99999999999731,0.0,389.9166666666729,0.2833333333333333,217.0,13.0,81.0,57.9080459770115,51.0,84.0,87.0,8.920289855072463,6.0,19.0,138.0,19.6875,30,Sunday,True,3
cherry,2026-03-30,859.2166666666656,60.99999999999925,132.66666666666424,0.0,387.1166666666742,0.0,206.0,11.0,85.0,60.05797101449275,51.0,101.0,69.0,8.675213675213675,6.0,16.0,117.0,21.625,27,Monday,False,3
cherry,2026-03-31,846.6333333333307,66.24999999999915,129.83333333333044,0.0,397.2833333333394,0.0,1054.0,20.0,255.0,61.68041237113402,51.0,92.0,97.0,8.771428571428572,5.0,22.0,105.0,22.8,35,Tuesday,False,3
cherry,2026-04-01,882.5999999999967,71.13333333333232,123.28333333333079,0.0,362.98333333334017,0.0,112.0,10.0,25.0,59.391304347826086,51.0,101.0,46.0,8.854166666666666,5.0,39.0,96.0,23.2,29,Wednesday,False,4
cherry,2026-04-02,849.1666666666667,55.93333333333282,120.21666666666408,0.0,414.63333333334054,0.05,300.0,14.0,92.0,58.333333333333336,51.0,80.0,84.0,8.544303797468354,6.0,21.0,79.0,25.583333333333332,31,Thursday,False,4
cherry,2026-04-03,910.13333333333,60.216666666665965,120.54999999999751,0.0,348.00000000000546,1.0999999999999999,371.0,13.0,166.0,59.54022988505747,51.0,92.0,87.0,8.82716049382716,5.0,18.0,81.0,23.571428571428573,27,Friday,False,4
cherry,2026-04-04,911.1000000000001,61.616666666665964,120.18333333333106,0.0,346.81666666667337,0.2833333333333333,552.0,18.0,158.0,60.929577464788736,51.0,151.0,71.0,9.176470588235293,6.0,16.0,68.0,26.666666666666668,36,Saturday,True,4
cherry,2026-04-05,899.1666666666657,53.999999999999496,111.71666666666465,0.0,374.98333333333863,0.13333333333333333,389.0,10.0,255.0,56.96296296296296,51.0,77.0,81.0,8.781512605042018,5.0,16.0,119.0,24.666666666666668,30,Sunday,True,4
cherry,2026-04-06,830.6166666666661,66.93333333333246,139.83333333333115,0.0,401.6000000000063,1.0166666666666666,71.0,13.0,30.0,57.74193548387097,51.0,77.0,62.0,8.65040650406504,5.0,27.0,123.0,24.333333333333332,30,Monday,False,4
cherry,2026-04-07,927.8499999999979,64.88333333333254,112.49999999999758,0.0,334.2833333333399,0.4833333333333333,155.0,14.0,72.0,61.0,51.0,96.0,74.0,9.268456375838927,5.0,22.0,149.0,23.0,28,Tuesday,False,4
cherry,2026-04-08,887.2833333333311,73.59999999999886,127.49999999999712,0.0,351.31666666667303,0.3,149.0,10.0,103.0,60.178082191780824,51.0,96.0,73.0,8.892156862745098,5.0,18.0,102.0,20.9,24,Wednesday,False,4
cherry,2026-04-09,981.7666666666657,53.11666666666623,91.94999999999852,0.0,312.75000000000335,0.41666666666666663,260.0,12.0,82.0,59.583333333333336,51.0,107.0,72.0,8.425373134328359,6.0,20.0,134.0,28.153846153846153,35,Thursday,False,4
cherry,2026-04-10,1054.6333333333341,41.88333333333317,92.5666666666652,0.0,248.91666666667052,2.0,108.0,5.0,89.0,56.43421052631579,51.0,84.0,76.0,9.058441558441558,5.0,18.0,154.0,28.0,31,Friday,False,4
cherry,2026-04-11,899.1833333333294,55.11666666666602,125.46666666666442,0.0,359.75000000000836,0.4833333333333334,247.0,15.0,104.0,56.986111111111114,51.0,84.0,72.0,8.407766990291263,5.0,15.0,103.0,24.375,31,Saturday,True,4
cherry,2026-04-12,1048.6999999999998,44.68333333333304,86.26666666666543,0.0,259.9666666666709,0.38333333333333336,261.0,15.0,79.0,58.31325301204819,51.0,88.0,83.0,9.968944099378882,6.0,19.0,161.0,19.0,28,Sunday,True,4
cherry,2026-04-13,879.7333333333308,48.23333333333305,101.08333333333148,0.0,410.550000000006,0.4,319.0,19.0,97.0,58.775,50.0,107.0,80.0,8.496503496503497,5.0,12.0,143.0,23.774193548387096,45,Monday,False,4
cherry,2026-04-14,700.8833333333321,54.13333333333274,99.83333333333174,114.86666666666667,469.76666666667575,0.5166666666666666,86.0,9.0,52.0,68.25806451612904,51.0,110.0,31.0,11.702702702702704,8.0,31.0,74.0,25.725490196078432,44,Tuesday,False,4
cherry,2026-04-15,941.1333333333339,49.8166666666664,106.09999999999789,0.0,342.4833333333382,0.4666666666666667,106.0,8.0,81.0,57.0625,51.0,140.0,64.0,9.008333333333333,5.0,15.0,120.0,27.90909090909091,34,Wednesday,False,4
cherry,2026-04-16,871.9166666666633,56.266666666666175,130.34999999999803,0.0,380.68333333334067,0.7833333333333333,357.0,13.0,88.0,59.333333333333336,51.0,92.0,63.0,11.00578034682081,5.0,23.0,173.0,23.25,33,Thursday,False,4
cherry,2026-04-17,1040.7666666666644,39.433333333333266,85.31666666666567,0.0,273.80000000000456,0.6833333333333333,100.0,10.0,62.0,56.9375,51.0,77.0,96.0,9.939914163090128,6.0,35.0,233.0,30.6,35,Friday,False,4
cherry,2026-04-18,982.3666666666647,45.21666666666643,98.24999999999858,0.0,313.5166666666725,0.6499999999999999,98.0,11.0,20.0,58.38775510204081,51.0,92.0,49.0,10.048275862068966,4.0,18.0,145.0,26.333333333333332,34,Saturday,True,4
cherry,2026-04-19,862.6166666666637,53.91666666666617,121.43333333333078,0.0,401.85000000000696,0.18333333333333335,438.0,18.0,117.0,59.76923076923077,51.0,88.0,52.0,10.262857142857143,5.0,35.0,175.0,28.928571428571427,36,Sunday,True,4
cherry,2026-04-20,907.8333333333304,50.01666666666641,100.74999999999821,0.0,380.66666666667356,0.7333333333333334,305.0,18.0,68.0,59.69642857142857,51.0,96.0,56.0,9.04093567251462,6.0,32.0,171.0,27.2,32,Monday,False,4
cherry,2026-04-21,955.0499999999972,50.69999999999974,97.64999999999824,0.0,336.13333333333816,0.4666666666666667,93.0,13.0,24.0,60.79347826086956,51.0,101.0,92.0,9.544117647058824,5.0,16.0,204.0,26.6875,34,Tuesday,False,4
cherry,2026-04-22,859.0166666666636,57.799999999999415,128.89999999999728,0.0,393.9500000000052,0.3333333333333333,111.0,12.0,33.0,58.333333333333336,51.0,121.0,57.0,8.757575757575758,5.0,16.0,132.0,25.857142857142858,33,Wednesday,False,4
cherry,2026-04-23,933.0499999999982,36.2666666666667,98.51666666666515,0.0,371.6166666666728,0.5499999999999999,232.0,14.0,104.0,58.52542372881356,51.0,92.0,59.0,10.875,6.0,26.0,208.0,25.76923076923077,30,Thursday,False,4
cherry,2026-04-24,964.1166666666636,56.7666666666661,111.39999999999786,0.0,306.96666666667204,0.75,84.0,9.0,31.0,57.76119402985075,51.0,96.0,67.0,9.961832061068701,6.0,25.0,131.0,26.857142857142858,32,Friday,False,4
cherry,2026-04-25,1086.2333333333327,40.54999999999989,88.46666666666545,0.0,224.21666666666965,0.5333333333333333,3.0,3.0,1.0,57.5,52.0,70.0,50.0,9.441747572815533,7.0,21.0,206.0,23.6,30,Saturday,True,4
cherry,2026-04-26,1042.7999999999993,40.06666666666665,88.84999999999876,0.0,267.2500000000042,1.0333333333333334,34.0,12.0,10.0,55.23728813559322,50.0,72.0,59.0,9.62937062937063,5.0,21.0,143.0,32.0,35,Sunday,True,4
cherry,2026-04-27,848.566666666667,52.89999999999953,121.7666666666641,0.0,416.36666666667276,0.39999999999999997,96.0,17.0,22.0,60.32,51.0,140.0,50.0,9.587786259541986,6.0,24.0,131.0,28.25,33,Monday,False,4
cherry,2026-04-28,982.5333333333313,49.66666666666635,101.69999999999834,0.0,305.28333333333876,0.8166666666666667,266.0,11.0,112.0,59.311688311688314,51.0,135.0,77.0,10.801369863013699,5.0,21.0,146.0,27.9,32,Tuesday,False,4
cherry,2026-04-29,1032.5499999999981,47.083333333333066,113.09999999999792,0.0,246.51666666667103,0.75,76.0,7.0,70.0,56.472727272727276,51.0,88.0,55.0,10.071641791044776,6.0,19.0,335.0,24.0,33,Wednesday,False,4
cherry,2026-04-30,1045.7999999999977,48.066666666666336,99.83333333333178,0.0,245.35000000000423,0.95,246.0,8.0,207.0,58.723404255319146,51.0,130.0,47.0,9.517241379310345,5.0,27.0,232.0,29.0,35,Thursday,False,4
cherry,2026-05-01,908.7666666666648,59.766666666666,114.2999999999976,0.0,356.85000000000633,0.31666666666666665,69.0,13.0,19.0,58.08510638297872,51.0,96.0,47.0,10.393939393939394,5.0,32.0,198.0,28.0,32,Friday,False,5
cherry,2026-05-02,974.5499999999977,51.91666666666616,124.86666666666396,0.0,288.21666666667346,0.44999999999999996,161.0,7.0,73.0,55.654545454545456,51.0,84.0,55.0,9.56060606060606,6.0,20.0,198.0,28.2,32,Saturday,True,5
cherry,2026-05-03,1006.1166666666653,51.31666666666622,114.86666666666437,0.0,267.0500000000048,0.65,84.0,10.0,38.0,56.84285714285714,51.0,80.0,70.0,9.81081081081081,6.0,20.0,222.0,26.8,33,Sunday,True,5
cherry,2026-05-04,909.3499999999964,56.96666666666601,121.54999999999734,0.0,351.5166666666725,0.6166666666666667,355.0,15.0,82.0,58.22222222222222,51.0,92.0,63.0,9.515837104072398,5.0,32.0,221.0,23.0,30,Monday,False,5
cherry,2026-05-05,981.1333333333318,57.583333333332696,105.98333333333149,0.0,294.9500000000059,0.35,169.0,15.0,62.0,60.43478260869565,51.0,84.0,69.0,9.585714285714285,5.0,18.0,210.0,26.5,31,Tuesday,False,5
cherry,2026-05-06,936.0499999999961,60.1666666666661,107.0333333333314,0.0,336.1833333333377,0.5666666666666667,233.0,18.0,82.0,56.0958904109589,51.0,88.0,73.0,9.866028708133971,5.0,19.0,209.0,21.714285714285715,36,Wednesday,False,5
cherry,2026-05-07,1018.4999999999977,47.16666666666627,88.18333333333206,0.0,285.95000000000476,0.2,156.0,18.0,66.0,57.0,51.0,84.0,74.0,9.938628158844764,6.0,21.0,277.0,22.25,30,Thursday,False,5
cherry,2026-05-08,955.8833333333324,55.849999999999326,115.59999999999764,0.0,312.21666666667403,0.44999999999999996,92.0,7.0,45.0,57.13461538461539,51.0,84.0,52.0,9.167441860465116,6.0,22.0,215.0,18.8,33,Friday,False,5
cherry,2026-05-09,785.833333333332,58.39999999999942,136.36666666666525,0.0,459.26666666667563,0.13333333333333333,17.0,8.0,9.0,59.540983606557376,50.0,92.0,61.0,8.519417475728156,5.0,20.0,206.0,27.75,30,Saturday,True,5
cherry,2026-05-10,797.7166666666647,46.31666666666642,93.6333333333319,87.61666666666666,413.9666666666715,0.7500000000000001,54.0,11.0,12.0,61.282051282051285,50.0,88.0,39.0,8.426829268292684,5.0,15.0,164.0,24.91176470588235,45,Sunday,True,5
cherry,2026-05-11,948.4333333333307,57.49999999999942,115.68333333333109,0.0,317.4333333333385,0.9500000000000001,368.0,11.0,201.0,57.2,51.0,77.0,60.0,9.336585365853658,5.0,19.0,205.0,29.666666666666668,37,Monday,False,5
cherry,2026-05-12,1034.3833333333318,43.949999999999754,99.66666666666515,0.0,261.78333333333745,0.21666666666666667,29.0,8.0,12.0,55.91525423728814,51.0,67.0,59.0,9.702341137123746,6.0,19.0,299.0,22.6,33,Tuesday,False,5
cherry,2026-05-13,904.6333333333315,47.66666666666632,114.06666666666449,0.0,373.20000000000783,0.43333333333333335,90.0,11.0,67.0,59.15,51.0,88.0,40.0,11.272030651340996,6.0,30.0,261.0,22.210526315789473,31,Wednesday,False,5
cherry,2026-05-14,985.3499999999972,52.68333333333294,98.0999999999985,0.0,303.58333333333934,0.2833333333333333,371.0,10.0,111.0,56.94642857142857,51.0,84.0,56.0,9.701244813278008,6.0,24.0,241.0,30.0,32,Thursday,False,5
cherry,2026-05-15,961.8499999999973,52.399999999999416,107.16666666666471,0.0,318.03333333333893,0.55,986.0,20.0,255.0,60.282051282051285,51.0,88.0,78.0,10.300492610837438,6.0,23.0,203.0,23.5,27,Friday,False,5
cherry,2026-05-16,922.6499999999985,46.78333333333299,99.79999999999825,0.0,370.466666666673,0.3,529.0,14.0,255.0,59.72727272727273,51.0,96.0,77.0,9.576190476190476,5.0,27.0,210.0,22.375,29,Saturday,True,5
cherry,2026-05-17,896.4833333333308,43.74999999999976,125.5333333333312,0.0,374.03333333334064,0.2,303.0,10.0,162.0,56.19672131147541,51.0,70.0,61.0,9.817427385892117,5.0,18.0,241.0,26.666666666666668,33,Sunday,True,5
cherry,2026-05-18,929.5833333333305,52.383333333332914,101.58333333333148,0.0,356.18333333333936,0.26666666666666666,209.0,13.0,72.0,59.871428571428574,51.0,151.0,70.0,9.963190184049079,5.0,17.0,163.0,27.5,28,Monday,False,5
cherry,2026-05-19,822.6499999999975,61.61666666666612,124.23333333333115,0.0,431.2166666666741,0.2833333333333333,144.0,11.0,60.0,66.44117647058823,51.0,130.0,34.0,10.420731707317072,5.0,20.0,164.0,23.8125,30,Tuesday,False,5
cherry,2026-05-20,973.383333333331,47.64999999999967,100.28333333333151,0.0,318.5833333333385,0.1,78.0,10.0,28.0,62.121212121212125,51.0,151.0,66.0,10.511415525114156,7.0,35.0,219.0,28.285714285714285,34,Wednesday,False,5
cherry,2026-05-21,875.7666666666624,46.08333333333307,109.23333333333106,0.0,408.43333333333914,0.4833333333333333,67.0,8.0,16.0,62.61764705882353,52.0,80.0,34.0,10.942408376963352,7.0,26.0,191.0,26.5,30,Thursday,False,5
cherry,2026-05-22,1042.9833333333313,41.28333333333315,83.7499999999992,0.0,271.68333333333726,0.30000000000000004,18.0,8.0,6.0,57.68493150684932,51.0,80.0,73.0,10.029661016949152,6.0,19.0,236.0,25.2,31,Friday,False,5
cherry,2026-05-23,958.399999999997,43.56666666666643,94.29999999999869,0.0,343.45000000000675,0.2833333333333333,285.0,14.0,132.0,57.13636363636363,51.0,96.0,66.0,10.489270386266094,6.0,24.0,233.0,29.833333333333332,36,Saturday,True,5
cherry,2026-05-24,919.0499999999964,47.249999999999666,107.23333333333152,0.0,366.0500000000074,0.41666666666666663,83.0,12.0,19.0,56.93650793650794,51.0,84.0,63.0,10.783898305084746,7.0,35.0,236.0,27.555555555555557,35,Sunday,True,5
cherry,2026-05-25,925.5833333333305,51.599999999999625,106.69999999999817,0.0,355.8166666666709,0.3,159.0,15.0,47.0,60.85964912280702,51.0,130.0,57.0,11.073684210526316,7.0,24.0,190.0,29.5,39,Monday,False,5
cherry,2026-05-26,882.0833333333318,48.31666666666632,108.34999999999788,0.0,400.95000000000596,0.3,246.0,15.0,92.0,61.30882352941177,51.0,90.0,68.0,11.314655172413794,7.0,24.0,232.0,28.8,35,Tuesday,False,5
cherry,2026-05-27,989.266666666665,48.749999999999716,92.53333333333187,0.0,308.93333333333845,0.5166666666666667,32.0,7.0,9.0,57.63076923076923,51.0,72.0,65.0,11.12135922330097,5.0,26.0,206.0,29.4,30,Wednesday,False,5
cherry,2026-05-28,989.8666666666649,39.66666666666671,81.68333333333224,0.0,327.7333333333382,1.05,45.0,10.0,18.0,57.43037974683544,51.0,77.0,79.0,12.036437246963562,6.0,32.0,247.0,29.5,33,Thursday,False,5
cherry,2026-05-29,930.8499999999983,45.966666666666484,120.33333333333172,0.0,341.80000000000774,1.0500000000000003,193.0,14.0,134.0,57.883116883116884,51.0,80.0,77.0,12.327402135231317,5.0,24.0,281.0,29.75,31,Friday,False,5
cherry,2026-05-30,1051.9166666666667,39.33333333333331,74.54999999999949,0.0,273.66666666667066,0.5333333333333333,42.0,8.0,20.0,57.23809523809524,51.0,101.0,105.0,12.564102564102564,7.0,22.0,273.0,32.666666666666664,33,Saturday,True,5
cherry,2026-05-31,919.0999999999995,40.98333333333325,97.54999999999833,0.0,381.3666666666724,1.0,86.0,16.0,18.0,59.041666666666664,51.0,121.0,72.0,12.805194805194805,6.0,35.0,231.0,28.40909090909091,31,Sunday,True,5
cherry,2026-06-01,958.6999999999998,42.28333333333331,81.19999999999897,0.0,357.4833333333388,0.3333333333333333,64.0,15.0,16.0,60.46666666666667,51.0,101.0,90.0,14.057017543859649,7.0,37.0,228.0,30.38888888888889,35,Monday,False,6
cherry,2026-06-02,895.8999999999985,54.749999999999424,110.83333333333117,0.0,378.11666666667315,0.4,140.0,12.0,52.0,58.94915254237288,51.0,140.0,59.0,12.37603305785124,6.0,22.0,242.0,26.363636363636363,32,Tuesday,False,6
cherry,2026-06-03,1006.699999999999,35.43333333333342,99.74999999999885,0.0,297.1000000000054,1.0166666666666666,247.0,9.0,187.0,58.17857142857143,51.0,75.0,56.0,11.746153846153845,6.0,26.0,260.0,25.0,27,Wednesday,False,6
cherry,2026-06-04,914.3333333333313,49.04999999999967,103.13333333333188,0.0,373.0500000000061,0.4333333333333333,262.0,19.0,82.0,59.65979381443299,51.0,88.0,97.0,12.720472440944881,6.0,35.0,254.0,26.75,33,Thursday,False,6
cherry,2026-06-05,980.5166666666655,46.24999999999967,94.34999999999845,0.0,317.41666666667203,1.4666666666666668,20.0,12.0,5.0,58.20454545454545,51.0,92.0,88.0,12.090592334494774,7.0,27.0,287.0,26.8,30,Friday,False,6
cherry,2026-06-06,1037.516666666665,41.73333333333325,79.23333333333252,0.0,281.2166666666702,0.3,210.0,14.0,65.0,57.41025641025641,51.0,114.0,78.0,11.625954198473282,6.0,32.0,262.0,27.25,30,Saturday,True,6
cherry,2026-06-07,1053.9499999999994,35.46666666666676,83.56666666666572,0.0,266.3166666666713,0.7,331.0,13.0,74.0,59.29245283018868,51.0,84.0,106.0,11.774809160305344,6.0,21.0,262.0,32.5,36,Sunday,True,6
cherry,2026-06-08,1020.0999999999993,38.90000000000001,72.21666666666606,0.0,307.86666666667105,0.9166666666666667,71.0,9.0,19.0,59.75675675675676,51.0,88.0,74.0,12.100746268656716,5.0,27.0,268.0,30.0,33,Monday,False,6
cherry,2026-06-09,955.3166666666652,35.250000000000085,96.28333333333197,0.0,352.6666666666715,0.4833333333333333,109.0,11.0,30.0,57.44117647058823,51.0,75.0,68.0,12.106666666666667,7.0,35.0,225.0,31.423076923076923,44,Tuesday,False,6
cherry,2026-06-10,436.6500000000007,30.500000000000107,65.76666666666642,0.0,906.9333333333085,0.15,74.0,9.0,41.0,62.54,51.0,84.0,50.0,17.81,10.0,32.0,100.0,26.64516129032258,34,Wednesday,False,6
cherry,2026-06-11,986.7166666666672,45.299999999999805,94.94999999999867,0.0,312.48333333333943,0.5499999999999999,183.0,9.0,83.0,56.8,51.0,88.0,95.0,12.772893772893774,6.0,28.0,273.0,28.4,32,Thursday,False,6
cherry,2026-06-12,987.716666666666,43.86666666666642,91.41666666666538,0.0,316.65000000000555,0.35,128.0,10.0,85.0,59.58730158730159,51.0,75.0,63.0,12.892307692307693,6.0,24.0,325.0,30.952380952380953,33,Friday,False,6
cherry,2026-06-13,996.2333333333313,45.266666666666396,91.78333333333191,0.0,306.2500000000048,0.4666666666666666,154.0,10.0,59.0,60.4320987654321,51.0,84.0,81.0,11.548872180451127,7.0,24.0,266.0,29.77777777777778,32,Saturday,True,6
cherry,2026-06-14,1005.3999999999993,46.76666666666633,91.59999999999863,0.0,295.81666666667286,0.41666666666666663,133.0,12.0,38.0,57.82051282051282,51.0,77.0,78.0,11.512195121951219,6.0,26.0,246.0,30.6,34,Sunday,True,6
cherry,2026-06-15,1049.2999999999988,43.749999999999794,89.39999999999878,0.0,256.9166666666713,0.6333333333333334,69.0,7.0,41.0,58.36842105263158,51.0,86.0,57.0,11.736625514403292,7.0,24.0,243.0,32.6,34,Monday,False,6
cherry,2026-06-16,977.1000000000003,40.24999999999987,78.08333333333246,0.0,344.01666666667154,0.55,169.0,14.0,81.0,59.20779220779221,51.0,130.0,77.0,12.441947565543071,6.0,27.0,267.0,29.5,31,Tuesday,False,6
cherry,2026-06-17,927.199999999999,49.66666666666627,100.04999999999832,0.0,362.6000000000062,0.4833333333333333,39.0,13.0,15.0,58.75471698113208,51.0,84.0,53.0,13.027272727272727,6.0,24.0,220.0,32.89655172413793,38,Wednesday,False,6
cherry,2026-06-18,1045.6166666666659,40.68333333333318,87.24999999999915,0.0,265.883333333338,0.5666666666666667,310.0,11.0,131.0,60.46086956521739,51.0,140.0,115.0,14.332378223495702,6.0,39.0,349.0,30.5,33,Thursday,False,6
cherry,2026-06-19,949.9333333333329,48.283333333333104,88.43333333333217,0.0,352.9333333333394,0.41666666666666663,174.0,9.0,63.0,64.70833333333333,51.0,140.0,48.0,10.88770053475936,7.0,24.0,187.0,30.285714285714285,36,Friday,False,6
cherry,2026-06-20,1026.5499999999993,54.79999999999962,94.88333333333208,0.0,263.5166666666714,0.25,296.0,12.0,87.0,60.15384615384615,51.0,104.0,78.0,11.782608695652174,6.0,21.0,276.0,33.0,35,Saturday,True,6
cherry,2026-06-21,997.2499999999997,56.16666666666625,96.73333333333183,0.0,289.3166666666713,0.5333333333333333,34.0,7.0,20.0,56.9622641509434,51.0,77.0,53.0,13.102484472049689,6.0,31.0,322.0,32.166666666666664,34,Sunday,True,6
cherry,2026-06-22,983.6833333333317,48.58333333333292,102.88333333333162,0.0,304.3333333333392,0.5166666666666666,86.0,11.0,31.0,54.7,51.0,67.0,60.0,12.41908713692946,7.0,27.0,241.0,31.5,33,Monday,False,6
cherry,2026-06-23,1034.4499999999994,45.09999999999988,88.96666666666566,0.0,271.40000000000526,0.08333333333333333,443.0,12.0,168.0,59.08888888888889,51.0,80.0,90.0,13.24904214559387,6.0,27.0,261.0,33.625,36,Tuesday,False,6
cherry,2026-06-24,962.7666666666661,43.29999999999979,92.29999999999865,0.0,340.95000000000624,0.6833333333333332,240.0,16.0,84.0,57.225806451612904,51.0,77.0,62.0,11.513274336283185,7.0,26.0,226.0,33.0,38,Wednesday,False,6
cherry,2026-06-25,919.8999999999987,53.63333333333293,108.5666666666648,0.0,357.9000000000067,0.0,115.0,16.0,53.0,57.35526315789474,51.0,72.0,76.0,11.703125,5.0,39.0,192.0,28.555555555555557,33,Thursday,False,6
cherry,2026-06-26,948.5666666666654,47.44999999999961,91.56666666666533,0.0,352.20000000000636,0.21666666666666667,186.0,13.0,119.0,59.35616438356164,51.0,88.0,73.0,11.505,6.0,20.0,200.0,31.9,34,Friday,False,6
cherry,2026-06-27,1034.016666666666,39.749999999999986,70.41666666666616,0.0,295.7166666666709,0.1,64.0,10.0,53.0,59.24528301886792,51.0,114.0,53.0,10.985148514851485,6.0,35.0,202.0,33.0,34,Saturday,True,6
cherry,2026-06-28,977.1499999999985,50.23333333333299,97.2833333333318,0.0,315.2833333333389,0.05,84.0,8.0,39.0,60.31707317073171,51.0,77.0,41.0,14.070512820512821,6.0,39.0,312.0,29.333333333333332,32,Sunday,True,6
cherry,2026-06-29,923.8666666666662,37.69999999999996,84.7833333333322,0.0,393.06666666667195,0.5833333333333333,63.0,9.0,26.0,57.43283582089552,51.0,80.0,67.0,11.392156862745098,7.0,39.0,204.0,27.333333333333332,36,Monday,False,6
cherry,2026-06-30,911.4500000000005,47.516666666666325,96.33333333333168,0.0,384.6000000000071,0.1,77.0,14.0,35.0,57.775510204081634,51.0,114.0,49.0,10.618181818181819,7.0,26.0,165.0,31.4375,36,Tuesday,False,6
cherry,2026-07-01,910.3499999999987,51.183333333332996,87.86666666666551,0.0,390.31666666667445,0.2833333333333333,48.0,10.0,13.0,56.55555555555556,51.0,72.0,45.0,12.104072398190045,7.0,27.0,221.0,29.875,35,Wednesday,False,7
cherry,2026-07-02,873.0500000000008,47.549999999999784,86.09999999999866,27.4,405.90000000000776,0.0,210.0,13.0,101.0,56.725806451612904,50.0,121.0,62.0,11.97948717948718,7.0,30.0,195.0,34.1578947368421,44,Thursday,False,7
cherry,2026-07-03,995.3499999999999,30.783333333333463,61.99999999999986,28.716666666666665,323.15000000000407,0.0,219.0,5.0,182.0,60.431372549019606,52.0,77.0,51.0,13.292307692307693,7.0,32.0,65.0,28.5,29,Friday,False,7
cherry,2026-07-04,1033.0666666666646,43.31666666666648,73.89999999999921,0.0,289.533333333338,0.18333333333333335,187.0,6.0,150.0,56.78947368421053,51.0,92.0,57.0,12.061983471074381,6.0,21.0,242.0,32.666666666666664,34,Saturday,True,7
cherry,2026-07-05,967.6499999999999,50.14999999999958,80.14999999999922,0.0,341.85000000000514,0.2,31.0,8.0,13.0,59.58730158730159,51.0,96.0,63.0,12.96103896103896,8.0,27.0,231.0,32.0,33,Sunday,True,7
cherry,2026-07-06,995.9166666666663,53.616666666666234,92.24999999999875,0.0,298.21666666667187,0.0,115.0,14.0,26.0,59.72289156626506,51.0,80.0,83.0,12.31400966183575,6.0,35.0,207.0,29.666666666666668,33,Monday,False,7
cherry,2026-07-07,923.1833333333324,55.28333333333292,96.06666666666527,0.0,364.9166666666727,0.5499999999999999,96.0,15.0,34.0,57.951219512195124,46.0,150.0,123.0,11.159763313609467,6.0,28.0,169.0,34.6,39,Tuesday,False,7
cherry,2026-07-08,974.3999999999977,63.81666666666593,96.69999999999851,0.0,304.8000000000057,0.2833333333333333,113.0,10.0,27.0,65.69182389937107,42.0,178.0,636.0,11.587301587301587,8.0,28.0,189.0,35.0,39,Wednesday,False,7
cherry,2026-07-09,1037.0166666666662,42.18333333333318,81.89999999999895,0.0,278.900000000004,0.0,239.0,11.0,200.0,59.456934306569345,42.0,164.0,685.0,15.646616541353383,7.0,39.0,266.0,29.8,33,Thursday,False,7
cherry,2026-07-10,977.1833333333316,51.56666666666628,83.93333333333238,0.0,327.31666666667286,0.0,65.0,10.0,20.0,65.55512572533848,42.0,180.0,517.0,14.461538461538462,7.0,39.0,195.0,31.666666666666668,33,Friday,False,7
cherry,2026-07-11,1073.8166666666657,35.90000000000004,66.7499999999996,0.0,263.4000000000034,0.13333333333333333,42.0,11.0,17.0,55.17414248021108,42.0,124.0,758.0,12.870967741935484,6.0,27.0,310.0,33.2,35,Saturday,True,7
cherry,2026-07-12,938.1833333333315,61.36666666666596,111.94999999999806,0.0,328.50000000000625,0.0,18.0,7.0,9.0,58.839797639123105,42.0,162.0,593.0,12.90990990990991,7.0,39.0,222.0,32.0,34,Sunday,True,7
cherry,2026-07-13,996.0999999999975,43.5833333333332,85.09999999999928,0.0,314.93333333333874,0.2833333333333333,114.0,13.0,34.0,60.96174863387978,42.0,154.0,549.0,14.272727272727273,7.0,39.0,231.0,27.22222222222222,30,Monday,False,7
cherry,2026-07-14,1017.266666666665,41.19999999999988,77.2999999999992,0.0,304.10000000000434,0.13333333333333333,176.0,13.0,51.0,59.68238993710692,42.0,170.0,636.0,13.940298507462687,6.0,37.0,268.0,28.285714285714285,30,Tuesday,False,7
cherry,2026-07-15,920.6499999999984,56.86666666666605,97.01666666666517,0.0,365.36666666667236,0.1,61.0,13.0,31.0,59.29009009009009,42.0,170.0,555.0,12.814814814814815,7.0,39.0,216.0,28.0,28,Wednesday,False,7
cherry,2026-07-16,955.7333333333328,50.783333333333,85.9999999999988,0.0,347.4833333333382,0.0,55.0,9.0,20.0,60.946826758147516,42.0,162.0,583.0,12.529411764705882,6.0,39.0,204.0,26.75,29,Thursday,False,7
cherry,2026-07-17,974.0499999999993,45.216666666666384,83.64999999999905,0.0,337.01666666667296,0.06666666666666667,49.0,11.0,15.0,56.58481421647819,42.0,160.0,619.0,13.112745098039216,7.0,39.0,204.0,30.75,32,Friday,False,7
cherry,2026-07-18,1038.2333333333322,41.633333333333255,75.66666666666599,0.0,284.2833333333379,0.18333333333333335,34.0,6.0,9.0,56.78947368421053,42.0,172.0,760.0,12.10204081632653,7.0,37.0,294.0,31.88888888888889,39,Saturday,True,7
cherry,2026-07-19,930.6833333333326,43.166666666666494,80.28333333333227,0.0,385.700000000006,0.16666666666666669,73.0,12.0,24.0,57.73676248108926,42.0,160.0,661.0,12.005494505494505,6.0,39.0,182.0,29.8,34,Sunday,True,7
cherry,2026-07-20,899.4166666666648,31.60000000000014,63.04999999999967,98.13333333333333,347.0833333333369,0.7166666666666666,247.0,9.0,134.0,57.38803418803419,42.0,138.0,585.0,12.383928571428571,8.0,32.0,224.0,38.82608695652174,46,Monday,False,7
cherry,2026-07-21,1164.7833333333288,17.15000000000007,35.3833333333334,39.25,182.65000000000103,0.7833333333333333,24.0,7.0,6.0,56.65979381443299,42.0,136.0,97.0,15.214285714285714,7.0,30.0,42.0,31.0,34,Tuesday,False,7
cherry,2026-07-22,878.6833333333329,55.466666666666214,92.3666666666651,0.0,413.2666666666739,0.21666666666666667,38.0,9.0,12.0,57.32480818414322,42.0,160.0,391.0,12.04191616766467,6.0,37.0,167.0,34.23076923076923,37,Wednesday,False,7
cherry,2026-07-23,1016.8999999999988,35.01666666666671,72.71666666666611,0.0,315.3666666666715,0.0,199.0,11.0,59.0,59.60102301790281,42.0,148.0,782.0,17.84158415841584,6.0,39.0,303.0,30.166666666666668,32,Thursday,False,7
cherry,2026-07-24,803.7833333333319,40.283333333333225,86.33333333333204,0.0,509.6000000000089,0.0,25.0,5.0,12.0,59.8301043219076,46.0,142.0,671.0,16.142857142857142,9.0,35.0,273.0,26.666666666666668,35,Friday,False,7
cherry,2026-07-25,1003.9833333333316,32.65000000000016,75.06666666666595,0.0,328.06666666667115,0.23333333333333334,84.0,11.0,18.0,53.77867203219316,42.0,100.0,994.0,13.743515850144092,6.0,39.0,347.0,25.166666666666668,28,Saturday,True,7
cherry,2026-07-26,925.333333333332,51.68333333333291,93.63333333333189,0.0,369.1333333333398,0.21666666666666667,8.0,7.0,2.0,55.172872340425535,42.0,150.0,752.0,11.911877394636015,7.0,19.0,261.0,29.0,30,Sunday,True,7
cherry,2026-07-27,860.1833333333332,52.5499999999996,106.09999999999802,0.0,421.06666666667496,0.1,81.0,9.0,60.0,55.954098360655735,42.0,146.0,610.0,11.902542372881356,6.0,27.0,236.0,31.785714285714285,37,Monday,False,7
cherry,2026-07-28,819.6166666666662,53.083333333332895,110.84999999999773,0.0,456.28333333334217,0.16666666666666669,133.0,10.0,45.0,60.63076923076923,42.0,144.0,520.0,17.037558685446008,7.0,55.0,213.0,29.75,31,Tuesday,False,7
cherry,2026-07-29,948.4333333333316,45.1833333333331,76.86666666666586,0.0,369.183333333338,0.3333333333333333,32.0,8.0,12.0,62.37479270315091,42.0,140.0,603.0,13.857868020304569,7.0,65.0,197.0,34.09090909090909,39,Wednesday,False,7
cherry,2026-07-30,1016.8500000000009,44.8666666666666,80.06666666666605,0.0,298.1000000000056,0.11666666666666667,101.0,10.0,73.0,56.64611260053619,42.0,150.0,746.0,14.65938864628821,7.0,41.0,229.0,28.8,32,Thursday,False,7
cherry,2026-07-31,1038.8166666666662,37.00000000000008,76.71666666666613,0.0,287.38333333333617,0.08333333333333333,87.0,8.0,55.0,55.088580576307365,42.0,148.0,937.0,16.526178010471206,8.0,60.0,382.0,30.0,30,Friday,False,7
cherry,2026-08-01,977.133333333333,53.08333333333322,87.14999999999903,0.0,322.63333333333895,0.0,101.0,7.0,61.0,53.43742550655542,42.0,102.0,839.0,14.605263157894736,6.0,48.0,342.0,24.5,30,Saturday,True,8
cherry,2026-08-02,922.6333333333325,51.76666666666629,109.61666666666476,0.0,355.85000000000605,0.13333333333333336,230.0,13.0,152.0,56.9527665317139,42.0,150.0,741.0,14.57421875,7.0,30.0,256.0,34.6,39,Sunday,True,8
cherry,2026-08-03,898.7999999999993,54.13333333333282,119.9333333333307,0.0,366.9500000000086,0.18333333333333335,12.0,5.0,6.0,55.53221288515406,42.0,120.0,714.0,13.0,6.0,55.0,259.0,34.25,36,Monday,False,8
cherry,2026-08-04,962.8333333333333,49.91666666666633,92.06666666666521,0.0,335.0500000000059,0.13333333333333333,3.0,3.0,1.0,55.622478386167145,42.0,134.0,694.0,12.121848739495798,7.0,32.0,238.0,32.375,36,Tuesday,False,8
cherry,2026-08-05,948.9666666666647,53.849999999999504,93.98333333333186,0.0,342.81666666667303,0.3833333333333333,67.0,11.0,24.0,62.17610062893082,42.0,150.0,636.0,13.587234042553192,7.0,97.0,235.0,33.1,40,Wednesday,False,8
cherry,2026-08-06,920.3999999999992,50.933333333333,102.39999999999817,0.0,366.05000000000723,0.21666666666666667,204.0,14.0,148.0,57.12305025996534,42.0,144.0,577.0,11.075376884422111,7.0,55.0,199.0,31.5,33,Thursday,False,8
cherry,2026-08-07,960.3333333333328,55.583333333332945,100.38333333333159,0.0,323.6000000000076,0.1,304.0,12.0,169.0,58.60233918128655,42.0,150.0,684.0,13.531645569620252,7.0,78.0,237.0,35.54545454545455,45,Friday,False,8
cherry,2026-08-08,965.9499999999982,43.733333333333135,84.36666666666554,0.0,345.900000000006,0.05,26.0,6.0,20.0,62.53412462908012,42.0,148.0,674.0,15.197530864197532,7.0,78.0,243.0,31.333333333333332,35,Saturday,True,8
cherry,2026-08-09,856.7999999999984,41.699999999999825,72.88333333333269,0.0,468.31666666666933,0.3,126.0,10.0,97.0,60.77902621722846,42.0,150.0,534.0,15.724576271186441,9.0,97.0,236.0,32.766666666666666,44,Sunday,True,8
cherry,2026-08-10,832.8499999999997,46.68333333333311,96.21666666666538,0.0,463.98333333334176,0.26666666666666666,19.0,5.0,11.0,60.45818181818182,44.0,150.0,550.0,14.577669902912621,8.0,39.0,206.0,32.14705882352941,33,Monday,False,8
cherry,2026-08-11,910.1666666666649,53.333333333332924,103.01666666666492,0.0,372.8500000000073,0.6333333333333333,100.0,14.0,38.0,61.2,46.0,150.0,705.0,17.252525252525253,6.0,55.0,297.0,31.666666666666668,33,Tuesday,False,8
cherry,2026-08-12,969.7333333333316,41.98333333333316,79.4666666666657,0.0,348.7833333333392,0.03333333333333333,112.0,11.0,78.0,60.91884057971014,42.0,150.0,690.0,16.552742616033754,8.0,97.0,237.0,30.25925925925926,32,Wednesday,False,8
cherry,2026-08-13,916.6499999999996,55.733333333332915,92.4666666666652,0.0,375.0000000000085,0.15000000000000002,18.0,7.0,9.0,65.40148698884758,42.0,150.0,538.0,19.943661971830984,8.0,97.0,213.0,33.583333333333336,37,Thursday,False,8
cherry,2026-08-14,957.4333333333318,36.71666666666669,74.54999999999916,0.0,371.03333333334075,0.26666666666666666,107.0,10.0,58.0,62.48586118251928,42.0,150.0,778.0,16.07037037037037,6.0,97.0,270.0,31.896551724137932,37,Friday,False,8
cherry,2026-08-15,945.4166666666641,42.74999999999988,87.4166666666655,0.0,364.1333333333397,0.2833333333333333,28.0,9.0,16.0,56.50830564784053,42.0,150.0,602.0,12.806451612903226,6.0,43.0,248.0,29.1875,32,Saturday,True,8
cherry,2026-08-16,1044.6333333333316,38.26666666666668,73.88333333333269,0.0,282.7166666666714,0.49999999999999994,43.0,10.0,12.0,56.29289940828402,42.0,126.0,676.0,14.987903225806452,6.0,48.0,248.0,30.24,36,Sunday,True,8
cherry,2026-08-17,937.3666666666661,51.966666666666256,95.06666666666517,0.0,355.41666666667345,0.18333333333333335,31.0,8.0,23.0,58.81898066783831,42.0,148.0,569.0,14.07843137254902,7.0,65.0,255.0,35.97701149425287,39,Monday,False,8
cherry,2026-08-18,1003.4666666666666,44.14999999999989,79.28333333333242,0.0,313.0000000000054,0.1,13.0,8.0,5.0,64.95384615384616,42.0,150.0,845.0,15.71484375,7.0,97.0,256.0,35.38405797101449,39,Tuesday,False,8
cherry,2026-08-19,952.5999999999981,51.699999999999655,88.8833333333321,0.0,346.6000000000048,0.21666666666666667,20.0,9.0,9.0,66.61513687600645,42.0,150.0,621.0,15.497991967871487,6.0,97.0,249.0,34.56818181818182,37,Wednesday,False,8
cherry,2026-08-20,985.8499999999987,44.44999999999977,86.24999999999896,0.0,322.86666666667224,0.5833333333333333,19.0,7.0,10.0,64.5728476821192,44.0,148.0,604.0,14.525252525252526,7.0,65.0,297.0,30.72222222222222,36,Thursday,False,8
cherry,2026-08-21,978.3166666666662,37.23333333333329,92.91666666666565,0.0,330.7333333333405,0.7999999999999999,8.0,7.0,2.0,64.10443037974683,44.0,144.0,632.0,15.101973684210526,6.0,97.0,304.0,31.75,33,Friday,False,8
cherry,2026-08-22,1058.8166666666639,32.383333333333496,91.03333333333232,0.0,257.6666666666712,0.1,101.0,11.0,67.0,61.92204301075269,42.0,150.0,744.0,13.656441717791411,7.0,55.0,326.0,25.083333333333332,32,Saturday,True,8
cherry,2026-08-23,1017.6666666666644,39.91666666666656,99.71666666666515,0.0,282.55000000000496,0.15000000000000002,28.0,7.0,8.0,62.610619469026545,42.0,148.0,678.0,15.042813455657493,6.0,97.0,327.0,35.78350515463917,42,Sunday,True,8
cherry,2026-08-24,868.999999999999,51.49999999999951,141.13333333333247,0.0,378.2000000000064,0.16666666666666666,28.0,10.0,12.0,61.672077922077925,42.0,148.0,616.0,16.162079510703364,6.0,97.0,327.0,28.14814814814815,34,Monday,False,8
cherry,2026-08-25,1046.699999999999,45.799999999999756,100.96666666666502,0.0,246.50000000000406,0.03333333333333333,43.0,8.0,24.0,60.26007326007326,42.0,144.0,546.0,21.699029126213592,9.0,97.0,309.0,29.647058823529413,32,Tuesday,False,8
cherry,2026-08-26,941.8666666666654,40.86666666666659,94.43333333333211,107.78333333333333,254.7833333333377,0.26666666666666666,29.0,6.0,11.0,49.67832167832168,42.0,142.0,572.0,17.6875,6.0,97.0,304.0,30.075757575757574,45,Wednesday,False,8
cherry,2026-08-27,1099.6666666666658,43.39999999999984,97.88333333333176,0.0,197.85000000000218,1.2,31.0,6.0,10.0,47.728900255754475,42.0,108.0,782.0,14.16551724137931,8.0,78.0,435.0,28.533333333333335,32,Thursday,False,8
cherry,2026-08-28,1061.733333333331,37.599999999999994,96.21666666666549,0.0,243.48333333333724,0.9666666666666666,156.0,15.0,53.0,60.7394540942928,42.0,150.0,403.0,14.335877862595419,6.0,97.0,262.0,29.9375,36,Friday,False,8
cherry,2026-08-29,1054.9333333333302,45.4666666666665,85.46666666666545,0.0,253.40000000000393,0.7333333333333333,168.0,14.0,62.0,52.11038961038961,42.0,122.0,616.0,12.662921348314606,5.0,97.0,267.0,29.923076923076923,34,Saturday,True,8
cherry,2026-08-30,1097.1499999999953,38.833333333333314,71.48333333333272,0.0,231.90000000000313,0.6333333333333333,182.0,9.0,113.0,54.04920049200492,42.0,148.0,813.0,13.963369963369964,6.0,97.0,273.0,35.08641975308642,40,Sunday,True,8
cherry,2026-08-31,942.849999999998,44.64999999999968,86.5499999999988,0.0,365.1666666666737,0.7833333333333334,71.0,12.0,21.0,53.14599686028257,42.0,148.0,637.0,12.970954356846473,5.0,55.0,241.0,33.45454545454545,38,Monday,False,8
cherry,2026-09-01,1106.2333333333322,39.7666666666666,66.74999999999955,0.0,227.1166666666691,0.13333333333333333,54.0,10.0,14.0,53.516304347826086,42.0,148.0,736.0,14.181518151815181,5.0,55.0,303.0,28.77777777777778,32,Tuesday,False,9
cherry,2026-09-02,1051.833333333333,38.083333333333364,72.14999999999958,0.0,277.7000000000036,0.23333333333333334,78.0,6.0,43.0,54.66227347611203,42.0,144.0,607.0,13.107344632768362,6.0,43.0,177.0,31.189655172413794,38,Wednesday,False,9
cherry,2026-09-03,1012.2666666666651,42.39999999999983,80.38333333333236,0.0,304.95000000000505,0.0,91.0,7.0,79.0,59.990639625585025,44.0,150.0,641.0,15.167910447761194,7.0,97.0,268.0,32.208333333333336,36,Thursday,False,9
cherry,2026-09-04,1019.666666666664,43.01666666666653,84.18333333333238,0.0,292.98333333333915,0.15000000000000002,141.0,10.0,68.0,58.18100890207715,42.0,136.0,674.0,14.053846153846154,7.0,55.0,260.0,33.6578947368421,35,Friday,False,9
cherry,2026-09-05,1074.0166666666655,33.4833333333335,68.5166666666662,0.0,263.81666666667013,0.16666666666666666,197.0,10.0,56.0,55.408917197452226,42.0,144.0,785.0,14.809061488673139,5.0,55.0,309.0,31.56140350877193,35,Saturday,True,9
cherry,2026-09-06,970.3666666666655,45.533333333333026,101.49999999999834,0.0,322.28333333333956,0.31666666666666665,21.0,8.0,8.0,60.831831831831835,44.0,146.0,666.0,15.791666666666666,6.0,97.0,264.0,33.13636363636363,36,Sunday,True,9
cherry,2026-09-07,920.3333333333328,45.99999999999986,103.34999999999825,0.0,369.5333333333389,0.7833333333333334,136.0,10.0,36.0,59.30107526881721,42.0,144.0,744.0,15.04642857142857,7.0,55.0,280.0,30.903846153846153,33,Monday,False,9
cherry,2026-09-08,995.1166666666645,49.28333333333297,97.31666666666511,0.0,298.0166666666725,0.26666666666666666,121.0,7.0,65.0,62.47283406754772,44.0,150.0,681.0,13.764705882352942,7.0,55.0,221.0,33.84615384615385,38,Tuesday,False,9
cherry,2026-09-09,922.2499999999974,48.88333333333294,91.18333333333196,0.0,377.6833333333392,0.0,89.0,9.0,65.0,59.42274052478134,44.0,146.0,686.0,12.88013698630137,7.0,30.0,292.0,29.49438202247191,35,Wednesday,False,9
coco,2026-03-26,250.05000000000007,5.633333333333321,24.366666666666696,0.1,1159.8499999999833,0.0,90.0,3.0,65.0,62.68627450980392,54.0,77.0,51.0,10.320512820512821,8.0,24.0,78.0,20.833333333333332,21,Thursday,False,3
coco,2026-03-27,911.2333333333314,30.81666666666664,120.69999999999818,0.0,377.25000000000546,0.0,33.0,10.0,9.0,58.114285714285714,51.0,72.0,140.0,7.309278350515464,5.0,26.0,194.0,29.15,35,Friday,False,3
coco,2026-03-28,858.1333333333315,27.466666666666605,127.11666666666483,0.0,427.2833333333386,0.0,349.0,9.0,130.0,58.007936507936506,51.0,80.0,126.0,7.729411764705882,5.0,18.0,170.0,19.285714285714285,35,Saturday,True,3
coco,2026-03-29,808.5666666666639,29.01666666666668,146.8666666666658,0.0,455.55000000000905,0.0,319.0,15.0,96.0,63.59162303664922,51.0,96.0,191.0,8.341836734693878,4.0,23.0,196.0,21.62857142857143,38,Sunday,True,3
coco,2026-03-30,885.9833333333285,31.083333333333353,138.41666666666524,0.0,384.5166666666743,0.0,316.0,10.0,77.0,58.25,51.0,88.0,112.0,8.279411764705882,5.0,37.0,204.0,26.571428571428573,37,Monday,False,3
coco,2026-03-31,825.1999999999969,28.90000000000001,141.31666666666575,0.0,444.58333333334036,0.0,242.0,17.0,148.0,59.07746478873239,51.0,77.0,142.0,7.7514450867052025,5.0,32.0,173.0,25.181818181818183,30,Tuesday,False,3
coco,2026-04-01,919.6666666666646,26.183333333333383,127.19999999999821,0.0,366.95000000000624,0.0,241.0,14.0,114.0,59.60377358490566,51.0,75.0,212.0,7.7727272727272725,4.0,39.0,176.0,25.6,35,Wednesday,False,4
coco,2026-04-02,824.8999999999966,34.58333333333323,158.13333333333367,0.0,422.0000000000084,0.3833333333333333,781.0,16.0,224.0,65.59433962264151,52.0,82.0,212.0,7.150793650793651,5.0,16.0,126.0,23.5,31,Thursday,False,4
coco,2026-04-03,953.016666666663,33.34999999999991,123.19999999999777,0.0,327.500000000004,2.9333333333333336,351.0,12.0,146.0,65.05813953488372,53.0,80.0,258.0,6.984375,4.0,19.0,128.0,25.85,30,Friday,False,4
coco,2026-04-04,898.3666666666644,32.59999999999995,140.4666666666656,0.0,366.96666666667426,1.5999999999999999,325.0,13.0,72.0,64.48275862068965,51.0,80.0,174.0,8.204379562043796,4.0,16.0,137.0,25.0,29,Saturday,True,4
coco,2026-04-05,866.8833333333286,34.94999999999978,130.8333333333311,0.0,405.6500000000066,1.6833333333333336,119.0,9.0,46.0,65.49732620320856,51.0,80.0,187.0,7.236641221374046,5.0,27.0,131.0,27.58695652173913,34,Sunday,True,4
coco,2026-04-06,833.0833333333304,36.23333333333312,141.41666666666563,0.0,426.68333333334124,2.583333333333333,241.0,13.0,91.0,62.987096774193546,52.0,77.0,155.0,7.401785714285714,5.0,32.0,112.0,26.6875,32,Monday,False,4
coco,2026-04-07,783.766666666662,38.99999999999965,178.45000000000132,0.0,437.0500000000085,1.7333333333333332,354.0,15.0,216.0,68.97446808510638,52.0,84.0,235.0,7.184210526315789,4.0,12.0,114.0,21.133333333333333,32,Tuesday,False,4
coco,2026-04-08,785.6333333333304,45.58333333333268,173.96666666666815,0.0,433.35000000000747,1.4666666666666666,116.0,11.0,46.0,65.56617647058823,53.0,77.0,136.0,6.416666666666667,5.0,10.0,72.0,21.73913043478261,33,Wednesday,False,4
coco,2026-04-09,888.4833333333314,38.56666666666632,145.71666666666582,0.0,366.6000000000071,0.6333333333333333,280.0,12.0,82.0,65.04605263157895,53.0,114.0,152.0,7.333333333333333,4.0,35.0,108.0,29.128205128205128,32,Thursday,False,4
coco,2026-04-10,991.2666666666648,38.11666666666633,120.09999999999805,0.0,287.46666666667227,3.0500000000000003,93.0,8.0,44.0,62.773972602739725,51.0,80.0,146.0,8.786259541984732,4.0,26.0,131.0,28.75,32,Friday,False,4
coco,2026-04-11,854.3833333333309,34.09999999999992,137.8999999999989,0.0,410.800000000009,2.816666666666667,282.0,16.0,129.0,66.4,51.0,84.0,155.0,6.977777777777778,4.0,14.0,90.0,24.235294117647058,28,Saturday,True,4
coco,2026-04-12,999.883333333333,25.900000000000052,107.483333333332,0.0,304.1000000000043,2.6333333333333333,152.0,13.0,43.0,65.34979423868313,53.0,77.0,243.0,7.738095238095238,5.0,26.0,168.0,31.884615384615383,44,Sunday,True,4
coco,2026-04-13,620.2333333333338,23.366666666666752,119.76666666666475,110.56666666666668,564.2000000000027,1.8666666666666667,297.0,16.0,119.0,66.38260869565218,53.0,80.0,115.0,8.021978021978022,6.0,13.0,91.0,20.79310344827586,26,Monday,False,4
coco,2026-04-14,924.5833333333321,40.36666666666624,127.28333333333121,0.0,346.2000000000058,1.5666666666666669,127.0,10.0,51.0,67.98701298701299,51.0,80.0,154.0,8.329268292682928,5.0,31.0,82.0,25.272727272727273,32,Tuesday,False,4
coco,2026-04-15,927.8499999999988,30.56666666666667,122.06666666666466,0.0,357.6500000000065,1.8666666666666667,144.0,7.0,66.0,63.70992366412214,52.0,75.0,131.0,8.865168539325843,5.0,26.0,89.0,29.05263157894737,34,Wednesday,False,4
coco,2026-04-16,849.0833333333303,39.99999999999961,139.13333333333244,0.0,409.68333333334016,2.1,509.0,14.0,187.0,64.92592592592592,53.0,77.0,135.0,9.655737704918034,5.0,26.0,122.0,26.235294117647058,32,Thursday,False,4
coco,2026-04-17,975.8833333333314,29.766666666666666,113.66666666666492,0.0,318.1500000000059,2.533333333333333,69.0,7.0,35.0,63.2962962962963,51.0,77.0,189.0,7.869158878504673,4.0,18.0,107.0,29.923076923076923,33,Friday,False,4
coco,2026-04-18,984.9666666666641,34.68333333333321,114.88333333333172,0.0,303.1833333333378,2.283333333333333,206.0,8.0,91.0,61.79375,51.0,77.0,160.0,7.260162601626016,5.0,15.0,123.0,25.55,33,Saturday,True,4
coco,2026-04-19,878.3166666666641,28.11666666666669,119.43333333333139,2.1,410.61666666667315,1.4166666666666667,306.0,12.0,174.0,64.625,52.0,77.0,48.0,8.54054054054054,7.0,13.0,37.0,28.466666666666665,37,Sunday,True,4
coco,2026-04-20,859.6833333333315,34.31666666666651,136.54999999999833,0.0,407.15000000000725,2.3000000000000003,546.0,12.0,255.0,65.52380952380952,53.0,88.0,168.0,9.034188034188034,5.0,39.0,117.0,27.5,31,Monday,False,4
coco,2026-04-21,940.399999999998,31.949999999999996,116.59999999999816,0.0,348.9666666666738,2.0833333333333335,177.0,10.0,57.0,64.83539094650206,51.0,84.0,243.0,7.0085470085470085,5.0,17.0,117.0,25.133333333333333,31,Tuesday,False,4
coco,2026-04-22,925.1499999999992,37.21666666666644,127.64999999999809,0.0,348.3666666666723,1.6166666666666663,265.0,7.0,145.0,65.07100591715977,51.0,88.0,169.0,8.0561797752809,4.0,26.0,89.0,29.78846153846154,34,Wednesday,False,4
coco,2026-04-23,939.4499999999973,41.31666666666617,124.91666666666484,0.0,332.48333333333846,1.8333333333333333,165.0,8.0,116.0,64.8041958041958,51.0,77.0,143.0,7.928571428571429,5.0,19.0,98.0,28.384615384615383,36,Thursday,False,4
coco,2026-04-24,828.6833333333306,42.416666666666195,150.66666666666612,0.0,417.05000000000723,1.1833333333333333,70.0,11.0,32.0,65.6260162601626,51.0,84.0,123.0,7.476190476190476,5.0,16.0,63.0,24.75,28,Friday,False,4
coco,2026-04-25,1029.4499999999978,36.466666666666384,111.16666666666498,0.0,262.0000000000042,0.9166666666666666,46.0,6.0,22.0,66.25,52.0,77.0,176.0,6.9763779527559056,5.0,13.0,127.0,26.457142857142856,31,Saturday,True,4
coco,2026-04-26,1102.9833333333313,31.26666666666658,87.24999999999932,0.0,217.70000000000306,0.7999999999999999,23.0,6.0,10.0,61.920212765957444,51.0,77.0,188.0,8.10179640718563,5.0,26.0,167.0,31.41176470588235,35,Sunday,True,4
coco,2026-04-27,833.9499999999988,39.7999999999995,142.6666666666652,0.0,422.7000000000077,0.8833333333333333,179.0,11.0,154.0,63.99337748344371,51.0,77.0,151.0,7.619565217391305,5.0,26.0,92.0,29.25,33,Monday,False,4
coco,2026-04-28,944.9999999999978,37.833333333333,125.28333333333129,0.0,331.2666666666723,0.6166666666666667,176.0,9.0,84.0,61.0125786163522,51.0,80.0,159.0,7.242990654205608,4.0,11.0,107.0,27.36,34,Tuesday,False,4
coco,2026-04-29,989.0333333333292,38.66666666666641,139.6833333333325,0.0,271.9000000000058,0.7166666666666667,84.0,6.0,38.0,64.31683168316832,51.0,80.0,202.0,6.743119266055046,5.0,19.0,109.0,23.666666666666668,33,Wednesday,False,4
coco,2026-04-30,941.6666666666644,37.14999999999964,117.3333333333313,0.0,343.03333333333785,0.8166666666666667,211.0,8.0,130.0,62.47761194029851,51.0,76.0,134.0,7.380530973451328,5.0,27.0,113.0,26.8,32,Thursday,False,4
coco,2026-05-01,839.2666666666631,42.333333333332796,131.31666666666473,0.0,426.28333333333893,0.8,318.0,14.0,91.0,65.10309278350516,51.0,107.0,97.0,8.712871287128714,4.0,19.0,101.0,27.0,35,Friday,False,5
coco,2026-05-02,913.2833333333307,35.74999999999992,149.3833333333327,0.0,341.21666666667267,0.36666666666666664,89.0,8.0,37.0,62.51977401129943,52.0,80.0,177.0,7.24375,5.0,13.0,160.0,24.2,32,Saturday,True,5
coco,2026-05-03,999.1999999999985,33.86666666666661,129.19999999999828,0.0,277.45000000000516,0.2833333333333333,72.0,4.0,64.0,66.73366834170854,51.0,80.0,199.0,7.6722689075630255,5.0,22.0,119.0,26.2,37,Sunday,True,5
coco,2026-05-04,827.783333333327,45.64999999999943,160.60000000000002,0.0,404.4166666666728,1.55,220.0,14.0,60.0,67.53932584269663,54.0,80.0,178.0,7.658333333333333,5.0,21.0,120.0,21.9,36,Monday,False,5
coco,2026-05-05,961.4499999999967,33.549999999999926,132.79999999999865,0.0,311.78333333333927,0.41666666666666663,128.0,9.0,48.0,69.65416666666667,54.0,107.0,240.0,9.902542372881356,6.0,30.0,236.0,25.377777777777776,29,Tuesday,False,5
coco,2026-05-06,870.5999999999973,36.1333333333331,142.3833333333319,0.0,390.0666666666738,0.8166666666666667,406.0,17.0,186.0,65.17293233082707,51.0,92.0,133.0,9.597156398104266,5.0,20.0,211.0,23.741935483870968,30,Wednesday,False,5
coco,2026-05-07,975.3999999999971,28.2666666666667,114.6166666666648,0.0,321.28333333333927,0.43333333333333335,283.0,10.0,137.0,65.54679802955665,52.0,101.0,203.0,9.226480836236934,5.0,22.0,287.0,26.352941176470587,32,Thursday,False,5
coco,2026-05-08,912.9833333333287,40.19999999999957,150.86666666666645,0.0,335.1333333333406,0.8166666666666667,305.0,12.0,127.0,67.77586206896552,52.0,86.0,232.0,8.773148148148149,5.0,21.0,216.0,19.5,28,Friday,False,5
coco,2026-05-09,891.533333333329,39.01666666666637,163.56666666666703,0.0,345.1500000000066,0.7333333333333333,43.0,6.0,19.0,70.38679245283019,52.0,96.0,212.0,9.071428571428571,5.0,26.0,238.0,17.666666666666668,23,Saturday,True,5
coco,2026-05-10,974.0833333333306,32.48333333333325,130.21666666666496,0.0,302.5833333333382,0.6333333333333334,435.0,10.0,225.0,69.15450643776823,53.0,99.0,233.0,9.860714285714286,5.0,32.0,280.0,21.25,27,Sunday,True,5
coco,2026-05-11,850.916666666661,38.06666666666639,158.61666666666684,0.0,391.5500000000083,0.8500000000000001,624.0,17.0,250.0,75.41025641025641,53.0,114.0,156.0,11.248148148148148,5.0,21.0,270.0,20.833333333333332,36,Monday,False,5
coco,2026-05-12,1008.9166666666639,30.10000000000006,128.1166666666648,0.0,271.883333333339,0.9833333333333334,81.0,9.0,62.0,64.9098712446352,51.0,92.0,233.0,10.154098360655738,6.0,25.0,305.0,21.25,25,Tuesday,False,5
coco,2026-05-13,932.5499999999968,35.616666666666454,146.51666666666543,0.0,325.03333333334086,0.2833333333333333,276.0,11.0,125.0,62.791044776119406,51.0,84.0,201.0,8.027027027027026,4.0,32.0,185.0,32.73913043478261,45,Wednesday,False,5
coco,2026-05-14,471.3000000000005,23.783333333333474,97.06666666666572,0.21666666666666667,847.0833333333005,0.5499999999999999,327.0,11.0,120.0,59.604166666666664,51.0,72.0,48.0,9.055555555555555,5.0,30.0,72.0,23.483333333333334,36,Thursday,False,5
coco,2026-05-15,1010.549999999998,24.51666666666671,109.84999999999839,0.0,294.7000000000055,0.3833333333333333,411.0,16.0,163.0,62.078947368421055,51.0,77.0,190.0,7.751219512195122,5.0,24.0,205.0,21.666666666666668,35,Friday,False,5
coco,2026-05-16,947.449999999996,34.01666666666649,128.73333333333136,0.0,329.26666666667177,0.5333333333333333,483.0,14.0,152.0,62.92413793103448,52.0,77.0,145.0,8.133333333333333,5.0,39.0,135.0,27.235294117647058,36,Saturday,True,5
coco,2026-05-17,909.3666666666657,33.033333333333275,150.616666666667,0.0,346.4333333333414,0.5499999999999999,118.0,9.0,32.0,63.2969696969697,51.0,88.0,165.0,8.893491124260356,4.0,22.0,169.0,24.285714285714285,28,Sunday,True,5
coco,2026-05-18,929.8999999999986,35.04999999999981,140.56666666666553,0.0,333.6000000000064,0.8833333333333333,195.0,14.0,60.0,64.63054187192118,52.0,84.0,203.0,8.630331753554502,5.0,24.0,211.0,27.533333333333335,29,Monday,False,5
coco,2026-05-19,824.5666666666659,31.233333333333263,150.41666666666657,0.0,432.26666666667603,1.516666666666667,345.0,13.0,223.0,65.53246753246754,52.0,77.0,154.0,9.0,5.0,31.0,157.0,27.565217391304348,33,Tuesday,False,5
coco,2026-05-20,979.6999999999982,29.04999999999996,111.31666666666533,0.0,317.86666666667264,2.0666666666666673,175.0,10.0,74.0,62.34306569343066,51.0,80.0,137.0,9.048309178743962,6.0,25.0,207.0,31.79310344827586,35,Wednesday,False,5
coco,2026-05-21,935.9666666666631,29.38333333333329,109.58333333333181,0.0,363.483333333339,1.5833333333333335,187.0,11.0,58.0,59.869565217391305,51.0,72.0,161.0,7.850574712643678,5.0,21.0,174.0,32.08,35,Thursday,False,5
coco,2026-05-22,1076.4666666666647,24.933333333333437,79.81666666666621,0.0,257.56666666667036,1.216666666666667,68.0,3.0,56.0,61.50322580645161,51.0,80.0,155.0,9.409090909090908,4.0,39.0,176.0,30.666666666666668,34,Friday,False,5
coco,2026-05-23,891.8999999999979,26.266666666666683,114.6333333333315,0.0,406.0333333333407,1.166666666666667,176.0,9.0,71.0,58.910714285714285,51.0,75.0,168.0,7.27906976744186,4.0,15.0,172.0,30.91304347826087,32,Saturday,True,5
coco,2026-05-24,947.2999999999975,30.716666666666672,119.21666666666493,0.0,341.4166666666724,1.3499999999999999,376.0,8.0,95.0,61.785714285714285,51.0,72.0,154.0,7.545454545454546,5.0,15.0,165.0,30.44,33,Sunday,True,5
coco,2026-05-25,945.5999999999972,28.516666666666648,118.24999999999831,0.0,346.01666666667296,1.616666666666667,229.0,12.0,99.0,62.78172588832487,51.0,114.0,197.0,8.089887640449438,5.0,26.0,178.0,30.52,35,Monday,False,5
coco,2026-05-26,930.766666666665,25.88333333333334,114.04999999999842,0.0,366.85000000000537,2.45,410.0,14.0,148.0,62.75373134328358,51.0,80.0,134.0,9.591549295774648,5.0,26.0,213.0,32.93333333333333,35,Tuesday,False,5
coco,2026-05-27,1014.8666666666645,28.200000000000045,111.21666666666515,0.0,283.5500000000053,2.1666666666666665,83.0,11.0,29.0,64.92093023255813,51.0,92.0,215.0,9.458498023715414,5.0,22.0,253.0,33.05555555555556,36,Wednesday,False,5
coco,2026-05-28,1033.4833333333308,27.1666666666667,102.63333333333209,0.0,275.03333333333825,1.6833333333333333,215.0,10.0,71.0,60.2578125,51.0,92.0,128.0,9.3,5.0,25.0,240.0,33.57142857142857,37,Thursday,False,5
coco,2026-05-29,1006.0499999999988,24.100000000000037,104.26666666666503,0.0,304.3500000000049,1.2333333333333332,193.0,6.0,111.0,61.5819209039548,51.0,84.0,177.0,10.14391143911439,5.0,27.0,271.0,31.205882352941178,34,Friday,False,5
coco,2026-05-30,1009.449999999998,23.46666666666679,98.81666666666557,0.0,306.60000000000537,1.6666666666666665,40.0,4.0,29.0,59.11538461538461,51.0,77.0,104.0,9.29889298892989,6.0,26.0,271.0,34.30769230769231,37,Saturday,True,5
coco,2026-05-31,975.3999999999976,24.816666666666727,110.54999999999848,0.0,327.26666666667273,1.966666666666667,185.0,5.0,112.0,58.57692307692308,51.0,92.0,130.0,9.04368932038835,5.0,22.0,206.0,32.026315789473685,35,Sunday,True,5
coco,2026-06-01,956.416666666664,29.866666666666664,123.76666666666468,0.0,327.55000000000695,2.4,253.0,17.0,88.0,61.18840579710145,51.0,80.0,138.0,9.951219512195122,5.0,27.0,246.0,31.533333333333335,38,Monday,False,6
coco,2026-06-02,905.9333333333304,24.250000000000057,117.1999999999982,0.0,390.15000000000697,2.466666666666667,543.0,12.0,169.0,61.144329896907216,51.0,94.0,97.0,11.144444444444444,5.0,32.0,270.0,30.583333333333332,35,Tuesday,False,6
coco,2026-06-03,994.9833333333312,26.266666666666723,111.19999999999864,0.0,307.0333333333376,0.5166666666666667,199.0,8.0,99.0,59.060402684563755,51.0,70.0,149.0,8.875536480686696,5.0,20.0,233.0,31.29032258064516,34,Wednesday,False,6
coco,2026-06-04,886.8333333333312,28.000000000000004,124.149999999998,20.566666666666666,378.7833333333415,1.6666666666666667,207.0,13.0,102.0,60.01470588235294,51.0,84.0,136.0,9.045871559633028,5.0,19.0,218.0,34.56,45,Thursday,False,6
coco,2026-06-05,496.1000000000012,21.36666666666679,98.91666666666549,0.0,822.5999999999678,1.0166666666666668,108.0,9.0,42.0,63.19047619047619,51.0,77.0,63.0,8.693181818181818,7.0,26.0,88.0,27.03846153846154,31,Friday,False,6
coco,2026-06-06,996.2666666666659,25.083333333333375,114.96666666666484,0.0,302.6333333333395,1.05,317.0,13.0,103.0,60.611464968152866,51.0,88.0,157.0,8.39763779527559,5.0,30.0,254.0,30.181818181818183,34,Saturday,True,6
coco,2026-06-07,1003.3333333333322,26.383333333333344,117.39999999999831,0.0,290.45000000000596,2.433333333333333,74.0,8.0,27.0,58.621212121212125,51.0,70.0,198.0,7.878640776699029,5.0,18.0,206.0,32.0,37,Sunday,True,6
coco,2026-06-08,969.6499999999975,28.716666666666693,112.56666666666507,0.0,326.9333333333386,2.1333333333333333,127.0,11.0,82.0,61.276595744680854,51.0,72.0,141.0,8.188340807174887,6.0,15.0,223.0,33.6,36,Monday,False,6
coco,2026-06-09,945.6333333333318,22.85000000000008,107.88333333333189,0.0,362.11666666667287,1.5166666666666668,101.0,9.0,61.0,57.846715328467155,51.0,75.0,137.0,7.350785340314136,5.0,15.0,191.0,26.0,31,Tuesday,False,6
coco,2026-06-10,954.6333333333299,26.566666666666727,115.56666666666499,0.0,341.38333333333895,1.85,28.0,8.0,13.0,58.4468085106383,51.0,75.0,141.0,7.248780487804878,5.0,16.0,205.0,34.0,37,Wednesday,False,6
coco,2026-06-11,1006.6666666666644,23.516666666666726,98.73333333333211,0.0,309.08333333333877,2.0,67.0,4.0,43.0,59.34710743801653,51.0,80.0,121.0,7.674157303370786,5.0,16.0,178.0,27.666666666666668,34,Thursday,False,6
coco,2026-06-12,930.4333333333327,25.84999999999999,134.199999999999,0.0,348.71666666667335,0.8,107.0,6.0,71.0,59.46067415730337,51.0,77.0,89.0,7.752688172043011,5.0,17.0,186.0,29.91304347826087,34,Friday,False,6
coco,2026-06-13,990.6666666666638,26.56666666666672,108.9499999999988,0.0,311.86666666667037,1.9500000000000002,50.0,5.0,26.0,57.55670103092783,51.0,75.0,97.0,8.15695067264574,5.0,32.0,223.0,32.5,38,Saturday,True,6
coco,2026-06-14,1013.0499999999975,27.26666666666672,108.39999999999841,0.0,288.83333333333877,2.45,71.0,7.0,38.0,58.425196850393704,51.0,77.0,127.0,7.67741935483871,5.0,16.0,155.0,33.68181818181818,39,Sunday,True,6
coco,2026-06-15,965.9999999999983,28.26666666666669,116.23333333333156,0.0,327.2166666666733,2.2833333333333328,184.0,12.0,44.0,58.817567567567565,51.0,80.0,148.0,7.9156626506024095,5.0,26.0,166.0,32.03333333333333,36,Monday,False,6
coco,2026-06-16,961.7333333333299,32.93333333333319,130.13333333333134,0.0,313.7333333333401,1.4666666666666668,189.0,12.0,50.0,59.01775147928994,51.0,75.0,169.0,7.091428571428572,5.0,12.0,175.0,35.714285714285715,40,Tuesday,False,6
coco,2026-06-17,945.1666666666645,30.683333333333273,129.7833333333312,0.0,331.4166666666718,2.95,115.0,13.0,22.0,60.478873239436616,51.0,80.0,142.0,8.842105263157896,5.0,22.0,133.0,33.06666666666667,36,Wednesday,False,6
coco,2026-06-18,1122.9833333333318,19.53333333333345,85.44999999999928,0.0,210.66666666666947,1.3666666666666667,123.0,7.0,69.0,61.82089552238806,51.0,84.0,201.0,8.845614035087719,5.0,22.0,285.0,31.88888888888889,33,Thursday,False,6
coco,2026-06-19,921.3166666666649,27.26666666666669,117.74999999999837,0.0,371.3666666666734,2.3000000000000007,84.0,11.0,36.0,59.5625,51.0,77.0,112.0,8.56043956043956,5.0,22.0,182.0,30.94736842105263,34,Friday,False,6
coco,2026-06-20,1034.716666666664,25.083333333333407,99.23333333333214,0.0,278.56666666667195,2.4,64.0,9.0,36.0,57.085470085470085,51.0,67.0,117.0,8.48447204968944,5.0,26.0,161.0,34.07692307692308,36,Saturday,True,6
coco,2026-06-21,959.6999999999978,30.416666666666632,125.26666666666452,0.0,323.4666666666718,1.1500000000000001,32.0,5.0,24.0,58.128,51.0,70.0,125.0,8.16042780748663,5.0,33.0,187.0,35.10344827586207,38,Sunday,True,6
coco,2026-06-22,973.9666666666649,29.349999999999987,119.03333333333147,0.0,315.93333333333896,1.7166666666666666,74.0,8.0,43.0,58.320388349514566,51.0,70.0,103.0,8.071428571428571,5.0,21.0,182.0,34.63157894736842,37,Monday,False,6
coco,2026-06-23,1030.6666666666652,25.033333333333378,110.39999999999836,0.0,272.30000000000507,1.6000000000000003,119.0,12.0,30.0,55.78125,51.0,73.0,128.0,8.270531400966183,5.0,39.0,207.0,33.416666666666664,37,Tuesday,False,6
coco,2026-06-24,902.133333333332,27.966666666666693,116.71666666666464,0.0,390.4000000000057,2.7833333333333337,475.0,17.0,141.0,57.97979797979798,51.0,96.0,99.0,8.938271604938272,5.0,30.0,162.0,33.806451612903224,39,Wednesday,False,6
coco,2026-06-25,918.8166666666627,33.48333333333318,133.3499999999983,0.0,350.8500000000069,3.5,69.0,13.0,21.0,56.80681818181818,51.0,84.0,88.0,7.421052631578948,5.0,25.0,133.0,31.566666666666666,34,Thursday,False,6
coco,2026-06-26,976.3999999999977,26.516666666666698,103.31666666666509,0.0,331.1833333333393,2.5833333333333335,187.0,15.0,65.0,59.01190476190476,51.0,77.0,84.0,9.155688622754491,5.0,20.0,167.0,31.0,34,Friday,False,6
coco,2026-06-27,897.9999999999982,28.33333333333335,105.88333333333192,0.0,406.56666666667365,1.2166666666666666,41.0,8.0,21.0,57.41121495327103,50.0,67.0,107.0,9.151515151515152,5.0,23.0,165.0,39.22727272727273,46,Saturday,True,6
coco,2026-06-28,893.5666666666649,35.183333333333124,140.21666666666547,0.0,369.38333333333935,1.6500000000000001,110.0,10.0,47.0,59.44347826086957,51.0,77.0,115.0,7.82122905027933,5.0,15.0,179.0,30.526315789473685,33,Sunday,True,6
coco,2026-06-29,958.616666666665,29.34999999999997,116.28333333333138,0.0,334.1000000000062,1.6500000000000001,158.0,10.0,57.0,57.61764705882353,51.0,77.0,136.0,9.610294117647058,4.0,27.0,136.0,29.94736842105263,35,Monday,False,6
coco,2026-06-30,950.9500000000005,28.95000000000002,124.46666666666466,0.0,334.4166666666735,1.2166666666666666,437.0,10.0,181.0,57.13385826771653,51.0,72.0,127.0,9.215568862275449,5.0,22.0,167.0,31.25,34,Tuesday,False,6
coco,2026-07-01,948.7833333333299,31.033333333333378,135.0166666666654,0.0,323.16666666667277,2.0,262.0,14.0,76.0,57.98823529411764,51.0,72.0,85.0,9.303867403314918,5.0,22.0,181.0,32.85,36,Wednesday,False,7
coco,2026-07-02,894.6833333333336,32.616666666666596,139.46666666666493,0.0,372.5166666666745,0.7166666666666667,407.0,17.0,125.0,61.321739130434786,51.0,92.0,115.0,8.433333333333334,6.0,31.0,180.0,31.541666666666668,35,Thursday,False,7
coco,2026-07-03,987.0999999999997,35.88333333333315,152.34999999999977,0.0,263.43333333333857,1.2333333333333334,152.0,9.0,45.0,59.927927927927925,51.0,80.0,111.0,8.699029126213592,5.0,32.0,206.0,32.69230769230769,35,Friday,False,7
coco,2026-07-04,992.566666666666,28.96666666666665,135.33333333333167,0.0,281.65000000000595,1.4833333333333332,152.0,8.0,58.0,60.13178294573643,51.0,80.0,129.0,8.708333333333334,5.0,31.0,240.0,35.285714285714285,36,Saturday,True,7
coco,2026-07-05,956.7666666666682,32.916666666666565,142.66666666666535,0.0,306.366666666672,1.2833333333333334,403.0,11.0,152.0,66.20103092783505,51.0,114.0,194.0,8.104972375690608,6.0,30.0,181.0,33.8125,36,Sunday,True,7
coco,2026-07-06,954.7999999999977,32.0333333333333,134.98333333333125,0.0,316.8833333333391,1.3,312.0,12.0,94.0,60.77870216306157,42.0,92.0,601.0,11.787755102040816,6.0,35.0,245.0,32.0,35,Monday,False,7
coco,2026-07-07,935.3166666666655,32.983333333333256,140.4166666666657,0.0,330.2166666666746,1.0666666666666669,345.0,11.0,153.0,60.81977671451356,42.0,110.0,627.0,9.948356807511738,5.0,39.0,213.0,32.07692307692308,35,Tuesday,False,7
coco,2026-07-08,925.9499999999982,32.033333333333296,147.54999999999944,0.0,334.1333333333417,0.33333333333333337,440.0,14.0,208.0,65.01162790697674,44.0,118.0,516.0,12.155303030303031,6.0,39.0,264.0,33.94736842105263,37,Wednesday,False,7
coco,2026-07-09,1040.7166666666644,23.616666666666756,103.0999999999987,0.0,271.8166666666718,0.75,357.0,9.0,208.0,63.209726443769,42.0,118.0,658.0,11.78,6.0,39.0,300.0,32.407407407407405,35,Thursday,False,7
coco,2026-07-10,969.9333333333323,28.299999999999986,124.28333333333114,0.0,316.650000000005,0.8333333333333334,290.0,10.0,245.0,62.045731707317074,44.0,108.0,656.0,10.518939393939394,6.0,39.0,264.0,32.60526315789474,35,Friday,False,7
coco,2026-07-11,1051.1499999999978,20.700000000000166,88.4166666666658,0.0,278.1666666666706,1.5666666666666667,279.0,8.0,221.0,61.48444444444444,42.0,94.0,675.0,10.032520325203253,6.0,35.0,246.0,31.285714285714285,34,Saturday,True,7
coco,2026-07-12,910.1333333333293,29.849999999999984,154.46666666666667,0.0,344.9000000000067,0.65,127.0,9.0,35.0,61.414529914529915,44.0,98.0,468.0,10.446902654867257,5.0,27.0,226.0,32.86486486486486,35,Sunday,True,7
coco,2026-07-13,963.0666666666659,28.150000000000027,131.849999999998,0.0,315.3000000000064,1.6333333333333335,261.0,12.0,104.0,60.241820768136556,42.0,90.0,703.0,10.285714285714286,6.0,33.0,280.0,31.464285714285715,34,Monday,False,7
coco,2026-07-14,949.3500000000001,29.999999999999996,127.93333333333088,0.0,332.03333333333893,0.6833333333333333,504.0,15.0,182.0,61.583333333333336,46.0,110.0,552.0,10.45,6.0,39.0,240.0,31.0,36,Tuesday,False,7
coco,2026-07-15,936.7333333333315,36.033333333333076,151.96666666666616,0.0,313.71666666667386,1.5499999999999998,115.0,12.0,34.0,60.51826086956522,42.0,122.0,575.0,10.118181818181819,6.0,31.0,220.0,33.029411764705884,38,Wednesday,False,7
coco,2026-07-16,935.0666666666666,31.999999999999975,135.08333333333175,0.0,336.3000000000066,1.5500000000000003,307.0,12.0,87.0,60.07729468599034,42.0,108.0,621.0,10.384615384615385,6.0,28.0,273.0,32.27906976744186,38,Thursday,False,7
coco,2026-07-17,974.899999999999,31.91666666666661,131.28333333333129,0.0,300.633333333338,1.2666666666666666,282.0,7.0,184.0,60.733333333333334,46.0,94.0,510.0,10.742489270386265,6.0,30.0,233.0,32.11764705882353,34,Friday,False,7
coco,2026-07-18,1056.0333333333303,22.0333333333334,91.49999999999913,0.0,268.96666666667045,1.4666666666666666,124.0,7.0,110.0,62.27906976744186,46.0,122.0,645.0,9.36996336996337,6.0,30.0,273.0,31.291666666666668,36,Saturday,True,7
coco,2026-07-19,749.8666666666675,25.93333333333333,101.44999999999864,0.0,561.9999999999975,0.7500000000000001,159.0,7.0,122.0,58.97425742574257,42.0,94.0,505.0,10.601449275362318,5.0,32.0,138.0,35.244897959183675,46,Sunday,True,7
coco,2026-07-20,1008.0499999999987,27.283333333333363,122.19999999999814,0.0,280.06666666667246,2.4,272.0,11.0,168.0,60.62560777957861,44.0,112.0,617.0,10.448529411764707,6.0,37.0,272.0,29.333333333333332,35,Monday,False,7
coco,2026-07-21,961.6999999999991,27.733333333333338,126.18333333333155,0.0,322.38333333333844,1.9999999999999998,393.0,12.0,136.0,61.8477508650519,46.0,126.0,578.0,12.433333333333334,6.0,39.0,270.0,34.0,36,Tuesday,False,7
coco,2026-07-22,946.1166666666652,34.233333333333164,141.3333333333318,0.0,316.40000000000606,1.9166666666666665,154.0,14.0,46.0,61.45646437994723,42.0,112.0,379.0,12.3125,6.0,30.0,240.0,33.0,35,Wednesday,False,7
coco,2026-07-23,819.8499999999989,13.366666666666786,53.23333333333331,0.0,552.716666666666,0.8333333333333333,143.0,10.0,64.0,64.80677966101695,42.0,112.0,590.0,13.014792899408285,6.0,35.0,338.0,31.636363636363637,33,Thursday,False,7
coco,2026-07-24,821.016666666665,34.91666666666651,142.54999999999905,0.0,439.80000000000985,1.7166666666666668,267.0,11.0,113.0,73.31130434782608,44.0,110.0,575.0,15.697127937336814,8.0,35.0,383.0,31.741935483870968,34,Friday,False,7
coco,2026-07-25,1002.2166666666625,30.900000000000013,132.31666666666518,0.0,272.40000000000646,2.1666666666666665,109.0,12.0,34.0,63.86836935166994,46.0,96.0,1018.0,10.652631578947368,7.0,22.0,380.0,28.0,32,Saturday,True,7
coco,2026-07-26,985.5999999999971,33.09999999999994,130.08333333333132,0.0,288.43333333333993,2.783333333333333,76.0,14.0,26.0,63.01766784452297,42.0,98.0,849.0,10.03112840466926,6.0,28.0,257.0,36.04081632653061,38,Sunday,True,7
coco,2026-07-27,910.8666666666647,36.683333333333096,151.64999999999975,0.0,337.2500000000065,3.5499999999999994,63.0,13.0,21.0,61.01092896174863,42.0,98.0,732.0,11.823770491803279,6.0,65.0,244.0,31.266666666666666,35,Monday,False,7
coco,2026-07-28,936.2,36.23333333333311,147.1999999999993,0.0,318.48333333333983,1.8833333333333333,58.0,11.0,16.0,63.85121107266436,42.0,102.0,578.0,11.484848484848484,6.0,39.0,198.0,34.388888888888886,38,Tuesday,False,7
coco,2026-07-29,951.6166666666629,35.44999999999984,137.06666666666524,0.0,313.55000000000626,2.3166666666666664,263.0,10.0,156.0,66.32246376811594,48.0,106.0,552.0,13.215767634854771,6.0,48.0,241.0,33.86842105263158,36,Wednesday,False,7
coco,2026-07-30,1083.5499999999988,25.10000000000005,103.0833333333321,0.0,226.9000000000043,1.3666666666666665,10.0,5.0,3.0,58.03409090909091,42.0,104.0,704.0,10.352941176470589,6.0,27.0,255.0,33.35,38,Thursday,False,7
coco,2026-07-31,1027.5499999999975,26.01666666666668,113.63333333333141,0.0,271.3333333333395,1.466666666666667,114.0,9.0,58.0,56.10480349344978,42.0,84.0,687.0,10.585774058577407,6.0,26.0,239.0,30.821428571428573,34,Friday,False,7
coco,2026-08-01,1019.3166666666646,29.800000000000068,115.08333333333151,0.0,274.26666666667234,1.5333333333333332,56.0,7.0,30.0,58.15469613259668,42.0,104.0,724.0,12.159695817490494,6.0,65.0,263.0,35.22222222222222,36,Saturday,True,8
coco,2026-08-02,941.6499999999986,31.03333333333327,134.8666666666648,0.0,330.0166666666741,2.433333333333334,204.0,13.0,57.0,57.60875512995896,42.0,112.0,731.0,12.737704918032787,6.0,60.0,244.0,34.743589743589745,36,Sunday,True,8
coco,2026-08-03,882.2999999999975,33.58333333333324,158.58333333333323,0.0,364.4166666666748,1.1166666666666667,419.0,13.0,148.0,57.61216730038023,42.0,98.0,526.0,10.17674418604651,6.0,35.0,215.0,34.96491228070175,39,Monday,False,8
coco,2026-08-04,964.5166666666662,28.549999999999986,132.56666666666507,0.0,312.8500000000053,1.5166666666666664,169.0,12.0,49.0,60.26234567901235,44.0,106.0,648.0,11.244094488188976,6.0,39.0,254.0,33.054054054054056,36,Tuesday,False,8
coco,2026-08-05,924.8833333333328,33.983333333333206,148.6833333333325,0.0,331.00000000000574,1.4500000000000002,466.0,13.0,234.0,61.11780821917808,44.0,102.0,730.0,12.723076923076922,6.0,60.0,260.0,33.61224489795919,36,Wednesday,False,8
coco,2026-08-06,897.6499999999979,40.33333333333289,171.26666666666716,0.0,329.5666666666736,1.1833333333333333,300.0,14.0,153.0,61.149579831932776,44.0,138.0,595.0,13.30901287553648,6.0,78.0,233.0,36.3448275862069,47,Thursday,False,8
coco,2026-08-07,410.6000000000008,18.033333333333488,91.13333333333229,0.0,918.7666666666408,1.4666666666666668,68.0,5.0,32.0,62.98795180722892,46.0,134.0,249.0,18.53061224489796,7.0,60.0,98.0,31.273809523809526,42,Friday,False,8
coco,2026-08-08,982.3499999999974,24.61666666666671,122.84999999999796,0.0,307.9333333333398,2.2500000000000004,78.0,1.0,78.0,60.47337278106509,42.0,126.0,676.0,14.630522088353414,6.0,78.0,249.0,34.607142857142854,37,Saturday,True,8
coco,2026-08-09,1026.9666666666647,25.53333333333341,110.66666666666475,0.0,275.033333333338,1.8,121.0,9.0,46.0,58.579780755176614,42.0,100.0,821.0,10.585034013605442,6.0,32.0,294.0,33.3,35,Sunday,True,8
coco,2026-08-10,966.5000000000002,29.46666666666669,132.96666666666485,0.0,310.51666666667325,0.5499999999999999,147.0,9.0,97.0,59.874818049490536,44.0,92.0,687.0,11.314285714285715,7.0,35.0,245.0,32.733333333333334,36,Monday,False,8
coco,2026-08-11,895.5499999999985,31.299999999999955,148.89999999999952,0.0,361.68333333334084,2.5666666666666664,312.0,13.0,139.0,58.431372549019606,42.0,98.0,765.0,9.936708860759493,6.0,43.0,237.0,34.1,36,Tuesday,False,8
coco,2026-08-12,983.2166666666664,25.23333333333336,121.39999999999783,0.0,308.2500000000059,1.9000000000000001,443.0,12.0,255.0,59.20544554455446,42.0,104.0,808.0,11.866666666666667,6.0,43.0,270.0,32.82857142857143,37,Wednesday,False,8
coco,2026-08-13,898.9833333333332,34.08333333333322,148.13333333333253,0.0,357.5000000000079,1.3,93.0,8.0,49.0,59.204747774480715,44.0,98.0,674.0,12.676363636363636,6.0,31.0,275.0,34.5,37,Thursday,False,8
coco,2026-08-14,968.6166666666663,25.083333333333385,120.09999999999803,0.0,325.150000000006,1.05,233.0,7.0,111.0,62.04137931034483,42.0,108.0,580.0,13.065068493150685,7.0,65.0,292.0,30.235294117647058,35,Friday,False,8
coco,2026-08-15,941.0333333333305,31.449999999999985,135.78333333333163,0.0,330.30000000000734,1.4333333333333333,44.0,6.0,34.0,61.23422159887798,42.0,96.0,713.0,10.272425249169435,6.0,45.0,301.0,34.371428571428574,39,Saturday,True,8
coco,2026-08-16,1002.349999999998,26.550000000000033,123.64999999999783,0.0,286.41666666667265,1.0333333333333334,143.0,8.0,76.0,58.05859872611465,42.0,82.0,785.0,10.069565217391304,6.0,55.0,230.0,32.333333333333336,38,Sunday,True,8
coco,2026-08-17,928.2833333333302,35.633333333333155,142.86666666666534,0.0,332.2166666666743,0.9999999999999999,108.0,16.0,30.0,58.31877213695395,42.0,108.0,847.0,10.6203007518797,6.0,33.0,266.0,36.38805970149254,40,Monday,False,8
coco,2026-08-18,974.6166666666635,28.616666666666667,122.38333333333136,0.0,313.93333333334016,0.45000000000000007,97.0,12.0,28.0,60.04005722460658,44.0,114.0,699.0,12.53183520599251,6.0,45.0,267.0,32.93975903614458,36,Tuesday,False,8
coco,2026-08-19,979.7833333333317,34.14999999999986,130.93333333333123,0.0,294.5833333333401,0.55,321.0,7.0,168.0,62.23560209424084,46.0,116.0,764.0,11.711598746081505,6.0,39.0,319.0,32.80555555555556,36,Wednesday,False,8
coco,2026-08-20,969.0499999999977,35.73333333333319,141.34999999999857,0.0,292.75000000000676,1.116666666666667,140.0,12.0,49.0,65.55586592178771,46.0,102.0,716.0,10.93730407523511,7.0,43.0,319.0,30.09090909090909,34,Thursday,False,8
coco,2026-08-21,972.8166666666655,31.33333333333334,130.3666666666644,0.0,304.3166666666721,1.1666666666666667,166.0,7.0,124.0,66.10645161290323,48.0,100.0,620.0,10.180451127819548,6.0,26.0,266.0,34.142857142857146,38,Friday,False,8
coco,2026-08-22,1031.5999999999979,26.24999999999997,115.23333333333166,0.0,266.06666666667144,0.85,58.0,7.0,42.0,62.1786133960047,42.0,120.0,851.0,10.203225806451613,6.0,43.0,310.0,35.08163265306123,42,Saturday,True,8
coco,2026-08-23,1014.883333333331,30.91666666666666,118.81666666666473,0.0,274.7833333333382,0.6,250.0,8.0,122.0,64.57428214731586,44.0,102.0,801.0,11.281456953642385,6.0,60.0,302.0,31.303571428571427,35,Sunday,True,8
coco,2026-08-24,933.4666666666636,32.916666666666615,141.66666666666544,0.0,330.850000000007,1.1,251.0,13.0,150.0,65.15775749674054,44.0,116.0,767.0,9.967272727272727,6.0,43.0,275.0,29.0,37,Monday,False,8
coco,2026-08-25,892.8499999999977,32.48333333333331,136.46666666666493,44.3,332.666666666673,1.2333333333333332,139.0,8.0,92.0,60.373056994818654,42.0,100.0,579.0,10.00523560209424,6.0,55.0,191.0,33.45161290322581,45,Tuesday,False,8
coco,2026-08-26,985.633333333332,34.36666666666654,138.44999999999843,0.0,280.3333333333391,1.2166666666666668,156.0,12.0,48.0,59.40785498489426,42.0,94.0,662.0,10.11229946524064,5.0,39.0,187.0,31.636363636363637,34,Wednesday,False,8
coco,2026-08-27,883.6833333333311,47.233333333332595,193.5166666666689,0.0,315.0833333333416,0.48333333333333334,93.0,11.0,40.0,61.76470588235294,44.0,88.0,527.0,7.890625,6.0,17.0,192.0,28.11111111111111,33,Thursday,False,8
coco,2026-08-28,947.2833333333325,36.583333333333044,139.14999999999858,0.0,316.3666666666716,0.6166666666666666,278.0,12.0,108.0,63.71129707112971,46.0,100.0,478.0,10.572463768115941,5.0,35.0,138.0,25.923076923076923,30,Friday,False,8
coco,2026-08-29,988.3333333333293,33.26666666666651,129.19999999999783,0.0,287.916666666672,1.2833333333333332,55.0,8.0,20.0,62.44705882352941,44.0,108.0,595.0,12.085714285714285,6.0,60.0,175.0,32.5531914893617,35,Saturday,True,8
coco,2026-08-30,1048.1666666666645,28.16666666666667,114.68333333333159,0.0,247.83333333333817,1.1500000000000001,85.0,7.0,41.0,62.70957095709571,42.0,110.0,606.0,10.101941747572816,6.0,65.0,206.0,31.26530612244898,35,Sunday,True,8
coco,2026-08-31,908.0999999999987,36.716666666666384,139.4166666666652,0.0,354.6166666666734,1.15,154.0,11.0,60.0,62.875,44.0,106.0,480.0,11.43646408839779,5.0,55.0,181.0,30.27906976744186,34,Monday,False,8
coco,2026-09-01,1057.4833333333304,26.833333333333318,104.11666666666532,0.0,250.25000000000566,1.3166666666666667,88.0,6.0,30.0,61.52428810720268,42.0,130.0,597.0,10.63898916967509,6.0,26.0,277.0,32.34146341463415,35,Tuesday,False,9
coco,2026-09-02,983.8666666666652,28.383333333333297,129.86666666666454,0.0,296.75000000000546,1.1333333333333335,63.0,8.0,24.0,62.80591497227357,42.0,116.0,541.0,13.978260869565217,5.0,55.0,276.0,31.742424242424242,37,Wednesday,False,9
coco,2026-09-03,969.8333333333316,32.26666666666664,127.89999999999799,0.0,308.1333333333388,1.8666666666666667,149.0,9.0,51.0,62.427067669172935,42.0,102.0,665.0,11.722222222222221,6.0,30.0,288.0,32.46969696969697,35,Thursday,False,9
coco,2026-09-04,1028.2833333333322,25.283333333333445,111.41666666666524,0.0,273.0166666666717,2.0,19.0,6.0,11.0,62.24707846410684,42.0,96.0,599.0,10.928057553956835,6.0,48.0,278.0,32.81818181818182,36,Friday,False,9
coco,2026-09-05,1058.1999999999973,25.41666666666668,116.4333333333317,0.0,237.73333333333835,2.2166666666666663,210.0,6.0,163.0,62.09983896940419,42.0,98.0,621.0,12.146258503401361,5.0,39.0,294.0,32.946666666666665,35,Saturday,True,9
coco,2026-09-06,741.7999999999997,29.766666666666673,116.76666666666509,0.0,549.0000000000007,2.6666666666666665,80.0,7.0,40.0,60.79824561403509,42.0,118.0,456.0,12.55440414507772,6.0,39.0,193.0,34.89565217391304,46,Sunday,True,9
coco,2026-09-07,979.016666666664,29.33333333333333,117.89999999999836,0.0,312.1500000000049,1.6,129.0,9.0,46.0,61.69706336939722,42.0,124.0,647.0,10.301204819277109,6.0,41.0,249.0,33.02857142857143,35,Monday,False,9
coco,2026-09-08,961.399999999996,28.850000000000005,121.2833333333315,0.0,325.9166666666726,2.55,39.0,5.0,18.0,61.845007451564825,42.0,94.0,671.0,11.26086956521739,6.0,39.0,299.0,33.956043956043956,37,Tuesday,False,9
coco,2026-09-09,891.7499999999966,31.016666666666637,139.8833333333322,0.0,375.0500000000063,2.3000000000000007,6.0,4.0,2.0,64.6657223796034,44.0,132.0,706.0,8.69620253164557,5.0,35.0,237.0,28.963414634146343,32,Wednesday,False,9
coco,2026-09-10,913.9666666666645,27.45,115.51666666666495,0.0,381.15000000000543,1.916666666666667,19.0,5.0,13.0,66.60851063829787,42.0,94.0,470.0,9.647398843930636,5.0,35.0,173.0,33.73076923076923,39,Thursday,False,9
kiwi,2025-10-16,831.7166666666666,95.96666666666516,121.1833333333308,0.0,391.13333333334054,0.0,,,,,,,,,,,,34.61363636363637,51,Thursday,False,10
kiwi,2025-10-17,836.5499999999998,116.21666666666465,119.04999999999742,0.0,368.1833333333415,0.0,,,,,,,,,,,,28.0,44,Friday,False,10
kiwi,2025-10-18,839.7666666666643,123.03333333333104,127.38333333333041,0.0,349.81666666667303,0.0,,,,57.43333333333333,50.0,70.0,120.0,6.038961038961039,5.0,8.0,77.0,35.55102040816327,45,Saturday,True,10
kiwi,2025-10-19,911.1333333333313,86.83333333333243,105.86666666666488,0.0,336.16666666667345,0.0,,,,58.967213114754095,50.0,81.0,122.0,6.721649484536083,5.0,9.0,97.0,30.864864864864863,42,Sunday,True,10
kiwi,2025-10-20,838.5333333333311,90.09999999999893,116.18333333333094,0.0,395.18333333334004,0.0,,,,62.858823529411765,50.0,117.0,85.0,6.745454545454545,5.0,13.0,110.0,30.985714285714284,43,Monday,False,10
kiwi,2025-10-21,800.9333333333324,88.89999999999903,104.19999999999831,0.0,445.9666666666724,0.0,,,,56.45333333333333,50.0,70.0,75.0,7.302083333333333,5.0,11.0,96.0,35.25806451612903,46,Tuesday,False,10
kiwi,2025-10-22,417.23333333333363,58.733333333333185,89.1833333333321,0.0,874.8499999999683,0.0,,,,66.1219512195122,51.0,103.0,41.0,7.985074626865671,6.0,11.0,67.0,29.303370786516854,42,Wednesday,False,10
kiwi,2025-10-23,839.4833333333319,89.43333333333234,109.29999999999808,0.0,401.78333333334,0.0,,,,58.05263157894737,50.0,110.0,76.0,7.418367346938775,5.0,13.0,98.0,31.05263157894737,43,Thursday,False,10
kiwi,2025-10-24,864.3999999999991,118.43333333333112,123.61666666666399,0.0,333.5500000000072,0.0,,,,58.18279569892473,50.0,85.0,93.0,7.099099099099099,5.0,10.0,111.0,32.62162162162162,44,Friday,False,10
kiwi,2025-10-25,891.3666666666671,110.96666666666472,101.26666666666486,0.0,336.4000000000057,0.0,,,,58.10526315789474,50.0,81.0,57.0,6.852631578947369,5.0,11.0,95.0,29.06,42,Saturday,True,10
kiwi,2025-10-26,799.4333333333334,119.38333333333124,127.73333333333036,0.0,393.45000000000834,0.0,,,,58.721518987341774,50.0,78.0,79.0,6.731958762886598,5.0,11.0,97.0,26.63768115942029,44,Sunday,True,10
kiwi,2025-10-27,834.133333333332,111.89999999999812,115.86666666666422,0.0,378.1000000000078,0.0,,,,61.380434782608695,50.0,78.0,92.0,7.076923076923077,5.0,11.0,78.0,23.88888888888889,30,Monday,False,10
kiwi,2025-10-28,885.8499999999999,126.38333333333105,134.81666666666436,0.0,292.95000000000766,0.0,,,,56.68852459016394,50.0,88.0,61.0,7.158536585365853,5.0,13.0,82.0,37.26086956521739,43,Tuesday,False,10
kiwi,2025-10-29,838.3833333333326,101.89999999999839,130.2666666666643,0.0,369.4500000000061,0.0,,,,54.75,50.0,65.0,24.0,7.205479452054795,5.0,14.0,73.0,28.333333333333332,43,Wednesday,False,10
kiwi,2025-10-30,832.1166666666657,108.23333333333161,136.99999999999832,0.0,362.6500000000065,0.0,,,,56.111111111111114,50.0,70.0,18.0,7.067415730337078,5.0,10.0,89.0,27.26923076923077,42,Thursday,False,10
kiwi,2025-10-31,855.9666666666651,94.13333333333203,117.61666666666416,0.0,372.28333333334143,0.0,,,,56.916666666666664,50.0,72.0,48.0,7.924812030075188,6.0,15.0,133.0,26.15625,42,Friday,False,10
kiwi,2025-11-01,949.799999999998,91.81666666666561,103.26666666666465,0.0,295.116666666673,0.0,,,,55.49152542372882,50.0,67.0,59.0,6.704761904761905,5.0,9.0,105.0,34.4375,42,Saturday,True,11
kiwi,2025-11-02,958.033333333332,80.88333333333253,100.48333333333156,0.0,300.6000000000075,0.0,,,,57.46511627906977,50.0,78.0,43.0,6.937007874015748,5.0,10.0,127.0,31.756756756756758,46,Sunday,True,11
kiwi,2025-11-03,893.4999999999991,80.01666666666601,103.68333333333159,0.0,362.8000000000059,0.0,,,,60.357142857142854,51.0,103.0,28.0,8.269565217391305,5.0,12.0,115.0,28.933333333333334,43,Monday,False,11
kiwi,2025-11-04,529.0833333333335,32.050000000000075,41.63333333333334,0.0,837.2333333333193,0.0,,,,60.36363636363637,50.0,85.0,33.0,7.783333333333333,6.0,13.0,60.0,32.05263157894737,44,Tuesday,False,11
kiwi,2025-11-05,935.8833333333329,91.8833333333321,110.38333333333125,0.0,301.8500000000073,0.0,,,,56.125,50.0,75.0,56.0,7.177631578947368,5.0,16.0,152.0,30.70967741935484,43,Wednesday,False,11
kiwi,2025-11-06,873.8166666666667,95.81666666666536,116.16666666666478,0.0,354.20000000000624,0.0,,,,74.46875,50.0,160.0,32.0,7.78021978021978,5.0,10.0,91.0,24.161290322580644,42,Thursday,False,11
kiwi,2025-11-07,937.4333333333312,93.89999999999884,123.2333333333311,0.0,285.4333333333423,0.0,,,,62.03703703703704,50.0,103.0,54.0,7.671052631578948,6.0,13.0,152.0,29.56756756756757,42,Friday,False,11
kiwi,2025-11-08,824.9666666666656,107.41666666666491,132.08333333333093,0.0,375.5333333333411,0.0,,,,57.22093023255814,50.0,98.0,86.0,6.47191011235955,5.0,10.0,89.0,25.943396226415093,43,Saturday,True,11
kiwi,2025-11-09,867.5333333333319,126.21666666666421,128.71666666666363,0.0,317.5333333333402,0.0,,,,56.186440677966104,50.0,67.0,59.0,6.802083333333333,5.0,15.0,96.0,27.59090909090909,44,Sunday,True,11
kiwi,2025-11-10,835.3000000000005,119.19999999999789,122.13333333333067,0.0,363.3666666666746,0.0,,,,57.831460674157306,50.0,78.0,89.0,6.818181818181818,5.0,9.0,88.0,25.547169811320753,43,Monday,False,11
kiwi,2025-11-11,913.0999999999995,82.88333333333259,98.6499999999983,0.0,345.3666666666728,0.0,,,,59.45070422535211,50.0,72.0,71.0,7.673913043478261,5.0,13.0,92.0,30.893939393939394,43,Tuesday,False,11
kiwi,2025-11-12,867.1166666666675,99.06666666666514,118.54999999999761,0.0,355.26666666667217,0.0,,,,69.71212121212122,50.0,98.0,66.0,7.908163265306122,4.0,31.0,98.0,29.646153846153847,43,Wednesday,False,11
kiwi,2025-11-13,858.9499999999997,86.61666666666567,134.4833333333317,0.0,359.9500000000064,0.0,,,,57.36363636363637,50.0,78.0,33.0,7.5966386554621845,5.0,11.0,119.0,31.26923076923077,42,Thursday,False,11
kiwi,2025-11-14,689.1166666666667,67.14999999999972,87.14999999999884,0.0,596.5833333333412,0.0,,,,58.67567567567568,51.0,78.0,37.0,7.494252873563219,6.0,11.0,87.0,21.419354838709676,37,Friday,False,11
kiwi,2025-11-15,505.8000000000011,39.38333333333336,69.99999999999945,24.15,800.6666666666399,0.0,,,,54.94117647058823,50.0,72.0,17.0,6.846153846153846,5.0,9.0,26.0,32.89041095890411,49,Saturday,True,11
kiwi,2025-11-16,962.3333333333319,77.83333333333272,93.9666666666649,0.0,305.86666666667315,0.0,,,,57.17391304347826,50.0,78.0,69.0,7.206185567010309,6.0,12.0,97.0,19.523809523809526,37,Sunday,True,11
kiwi,2025-11-17,914.1333333333306,96.0166666666656,114.79999999999772,0.0,315.05000000000746,0.0,,,,56.779661016949156,50.0,88.0,59.0,6.329896907216495,5.0,15.0,97.0,24.048780487804876,43,Monday,False,11
kiwi,2025-11-18,943.1999999999991,77.41666666666598,91.41666666666538,0.0,327.9666666666735,0.0,,,,55.28767123287671,50.0,66.0,73.0,6.609756097560975,5.0,12.0,123.0,22.62264150943396,39,Tuesday,False,11
kiwi,2025-11-19,829.2499999999999,104.56666666666496,112.66666666666445,0.0,393.5166666666722,0.0,,,,56.205128205128204,50.0,78.0,39.0,7.1022727272727275,5.0,10.0,88.0,23.26086956521739,43,Wednesday,False,11
kiwi,2025-11-20,912.0833333333329,68.183333333333,85.94999999999891,0.0,373.7833333333392,0.0,,,,64.7,50.0,110.0,30.0,7.376237623762377,5.0,15.0,101.0,27.54385964912281,46,Thursday,False,11
kiwi,2025-11-21,945.6333333333329,78.39999999999925,90.11666666666514,0.0,325.85000000000645,0.0,,,,56.79245283018868,50.0,72.0,53.0,7.040650406504065,5.0,10.0,123.0,18.072727272727274,42,Friday,False,11
kiwi,2025-11-22,796.7833333333326,93.13333333333212,113.06666666666463,0.0,437.01666666667467,0.0,,,,57.76,50.0,93.0,25.0,7.0,5.0,10.0,74.0,18.04,42,Saturday,True,11
kiwi,2025-11-23,899.8499999999993,77.34999999999918,99.26666666666506,0.0,363.53333333334086,0.0,,,,54.76190476190476,50.0,67.0,21.0,7.307017543859649,5.0,12.0,114.0,22.235294117647058,42,Sunday,True,11
kiwi,2025-11-24,936.9166666666665,67.6166666666664,79.73333333333238,0.0,355.7333333333392,0.0,,,,55.0,50.0,65.0,46.0,6.885714285714286,5.0,13.0,105.0,26.3,42,Monday,False,11
kiwi,2025-11-25,956.8333333333345,73.66666666666616,87.31666666666554,0.0,322.1833333333403,0.0,,,,55.24,50.0,72.0,25.0,6.741379310344827,5.0,9.0,116.0,19.30952380952381,46,Tuesday,False,11
kiwi,2025-11-26,922.7999999999996,94.41666666666539,102.09999999999822,0.0,320.68333333334004,0.0,,,,55.48717948717949,50.0,75.0,39.0,7.511278195488722,5.0,11.0,133.0,24.78787878787879,43,Wednesday,False,11
kiwi,2025-11-27,926.6166666666663,85.49999999999905,98.53333333333168,0.0,329.3500000000052,0.0,,,,54.49230769230769,50.0,65.0,65.0,6.941558441558442,5.0,11.0,154.0,24.08,41,Thursday,False,11
kiwi,2025-11-28,807.8499999999975,103.99999999999827,121.21666666666435,0.0,406.9333333333402,0.0,,,,52.0,50.0,59.0,20.0,6.295774647887324,5.0,9.0,71.0,28.095238095238095,43,Friday,False,11
kiwi,2025-11-29,822.6833333333298,97.31666666666528,127.13333333333073,0.0,392.8666666666721,0.0,,,,54.75,50.0,67.0,32.0,6.6,5.0,13.0,125.0,21.301369863013697,41,Saturday,True,11
kiwi,2025-11-30,754.0499999999992,93.48333333333186,106.63333333333146,20.883333333333333,464.9500000000058,0.0,,,,52.214285714285715,50.0,56.0,14.0,6.754716981132075,5.0,11.0,53.0,29.272727272727273,51,Sunday,True,11
kiwi,2025-12-01,517.8166666666675,66.03333333333302,80.98333333333234,6.283333333333333,768.883333333305,0.0,,,,57.5,52.0,63.0,8.0,7.315789473684211,6.0,9.0,38.0,32.17283950617284,52,Monday,False,12
kiwi,2025-12-02,831.2666666666671,85.84999999999907,106.33333333333165,0.0,416.55000000000695,0.0,,,,54.411764705882355,50.0,67.0,17.0,6.305084745762712,5.0,9.0,59.0,16.74074074074074,38,Tuesday,False,12
kiwi,2025-12-03,819.5499999999976,112.43333333333149,119.66666666666409,0.0,388.3500000000055,0.0,,,,54.54761904761905,50.0,62.0,42.0,6.424242424242424,4.0,13.0,99.0,27.73170731707317,44,Wednesday,False,12
kiwi,2025-12-04,831.9166666666667,84.63333333333259,118.41666666666455,0.0,405.0333333333393,0.0,,,,61.916666666666664,50.0,103.0,24.0,6.861702127659575,5.0,15.0,94.0,27.823529411764707,41,Thursday,False,12
kiwi,2025-12-05,969.6999999999986,78.7999999999992,98.76666666666522,0.0,292.7333333333391,0.0,,,,55.096774193548384,50.0,64.0,31.0,7.416666666666667,5.0,17.0,168.0,23.363636363636363,42,Friday,False,12
kiwi,2025-12-06,870.4999999999977,81.93333333333233,109.04999999999808,0.0,378.5166666666738,0.0,,,,55.17391304347826,50.0,70.0,23.0,7.133333333333334,5.0,11.0,90.0,20.642857142857142,31,Saturday,True,12
kiwi,2025-12-07,946.0499999999981,91.09999999999873,108.3666666666647,0.0,294.4833333333409,0.0,,,,54.078947368421055,50.0,67.0,38.0,6.910891089108911,5.0,11.0,101.0,24.7,42,Sunday,True,12
kiwi,2025-12-08,765.6333333333334,132.3833333333312,156.23333333333292,0.0,385.7500000000082,0.0,,,,56.09090909090909,50.0,70.0,22.0,7.111111111111111,5.0,23.0,72.0,22.8,37,Monday,False,12
kiwi,2025-12-09,897.3333333333328,128.26666666666398,123.48333333333099,0.0,290.9166666666727,0.0,,,,57.4390243902439,50.0,72.0,41.0,6.580645161290323,5.0,9.0,62.0,30.941176470588236,40,Tuesday,False,12
kiwi,2025-12-10,851.8999999999975,141.0999999999981,148.1499999999996,0.0,298.85000000000844,0.0,,,,56.53846153846154,50.0,67.0,39.0,6.395348837209302,5.0,8.0,86.0,20.818181818181817,37,Wednesday,False,12
kiwi,2025-12-11,791.2000000000018,137.31666666666501,141.84999999999852,0.0,369.6333333333388,0.0,,,,56.595238095238095,50.0,70.0,42.0,6.3478260869565215,4.0,10.0,69.0,16.785714285714285,37,Thursday,False,12
kiwi,2025-12-12,814.566666666667,139.11666666666557,149.6166666666662,0.0,336.7000000000076,0.0,,,,56.81818181818182,50.0,93.0,33.0,7.068181818181818,4.0,14.0,88.0,28.379310344827587,45,Friday,False,12
kiwi,2025-12-13,734.9499999999961,135.39999999999796,154.6333333333331,0.0,415.0166666666734,0.0,,,,55.146341463414636,50.0,67.0,41.0,6.657534246575342,5.0,8.0,73.0,26.98,44,Saturday,True,12
kiwi,2025-12-14,920.2333333333315,120.39999999999773,127.76666666666392,0.0,271.6000000000069,0.0,,,,53.40425531914894,50.0,67.0,47.0,6.492537313432836,4.0,9.0,67.0,21.352941176470587,38,Sunday,True,12
kiwi,2025-12-15,878.6666666666656,129.61666666666443,136.64999999999856,0.0,295.0666666666761,0.0,,,,53.395833333333336,50.0,65.0,48.0,6.855072463768116,5.0,11.0,69.0,33.03333333333333,42,Monday,False,12
kiwi,2025-12-16,870.5833333333335,124.79999999999764,130.59999999999775,0.0,314.0166666666714,0.0,,,,56.68627450980392,50.0,70.0,51.0,6.666666666666667,5.0,9.0,105.0,33.48571428571429,43,Tuesday,False,12
kiwi,2025-12-17,777.1833333333327,144.21666666666562,133.8333333333315,0.0,384.7666666666711,0.0,,,,58.023809523809526,50.0,78.0,42.0,6.375,4.0,9.0,48.0,21.934782608695652,38,Wednesday,False,12
kiwi,2025-12-18,782.5166666666638,147.76666666666563,140.66666666666552,0.0,369.0500000000059,0.0,,,,54.707317073170735,50.0,70.0,41.0,6.953846153846154,4.0,9.0,65.0,36.853658536585364,49,Thursday,False,12
kiwi,2025-12-19,845.9666666666668,153.39999999999978,141.19999999999888,0.0,299.4333333333412,0.0,,,,55.61666666666667,50.0,67.0,60.0,7.371428571428571,5.0,10.0,70.0,24.0,32,Friday,False,12
kiwi,2025-12-20,815.9999999999978,138.73333333333167,156.48333333333306,0.0,328.7833333333391,0.0,,,,55.65384615384615,50.0,72.0,52.0,6.504201680672269,4.0,10.0,119.0,17.541666666666668,41,Saturday,True,12
kiwi,2025-12-21,850.55,151.5833333333331,153.14999999999992,0.0,284.7166666666746,0.0,,,,56.388888888888886,50.0,75.0,72.0,6.337349397590361,4.0,8.0,83.0,34.92857142857143,43,Sunday,True,12
kiwi,2025-12-22,720.0500000000001,149.133333333332,137.24999999999812,72.43333333333334,361.1333333333391,0.0,,,,54.78181818181818,50.0,67.0,55.0,6.454545454545454,5.0,10.0,44.0,23.75609756097561,42,Monday,False,12
kiwi,2025-12-23,483.00000000000085,75.18333333333268,88.14999999999897,0.0,793.6666666666355,0.0,,,,60.25,55.0,75.0,8.0,7.28,6.0,22.0,50.0,28.355263157894736,41,Tuesday,False,12
kiwi,2025-12-24,913.9999999999982,98.93333333333183,111.9833333333311,0.0,315.083333333339,0.0,,,,55.6,50.0,67.0,25.0,6.679245283018868,4.0,10.0,53.0,15.26086956521739,43,Wednesday,False,12
kiwi,2025-12-25,890.0999999999985,85.8833333333323,118.74999999999766,0.0,345.26666666667387,0.0,,,,56.46341463414634,50.0,81.0,41.0,6.159090909090909,4.0,9.0,88.0,22.066666666666666,40,Thursday,False,12
kiwi,2025-12-26,763.4166666666678,121.91666666666444,148.46666666666613,0.0,406.20000000000874,0.0,,,,54.578947368421055,50.0,70.0,38.0,6.245614035087719,4.0,9.0,57.0,13.157894736842104,45,Friday,False,12
kiwi,2025-12-27,898.9166666666653,117.31666666666435,132.31666666666425,0.0,291.4500000000076,0.0,,,,54.81481481481482,50.0,63.0,27.0,6.607142857142857,5.0,14.0,84.0,26.46153846153846,47,Saturday,True,12
kiwi,2025-12-28,767.2166666666624,114.74999999999775,161.25000000000122,0.0,396.7833333333419,0.0,,,,56.21739130434783,50.0,72.0,23.0,6.126760563380282,4.0,8.0,71.0,17.257142857142856,34,Sunday,True,12
kiwi,2025-12-29,807.6500000000017,114.73333333333134,138.16666666666507,0.0,379.4500000000092,0.0,,,,57.294117647058826,50.0,78.0,34.0,6.457831325301205,4.0,9.0,83.0,18.48148148148148,45,Monday,False,12
kiwi,2025-12-30,776.0833333333348,95.41666666666522,131.16666666666447,0.0,437.33333333334195,0.0,,,,54.77777777777778,50.0,65.0,27.0,6.8979591836734695,4.0,16.0,98.0,18.5,41,Tuesday,False,12
kiwi,2025-12-31,740.766666666668,125.8666666666641,166.9833333333342,0.0,406.38333333334197,0.0,,,,55.333333333333336,50.0,65.0,15.0,7.438356164383562,4.0,10.0,73.0,18.88679245283019,42,Wednesday,False,12
kiwi,2026-01-01,744.5499999999973,84.21666666666555,131.51666666666455,0.0,479.71666666667267,0.0,,,,53.93846153846154,50.0,67.0,65.0,6.777777777777778,5.0,15.0,81.0,14.153846153846153,39,Thursday,False,1
kiwi,2026-01-02,935.1333333333321,87.08333333333226,96.84999999999832,0.0,320.9333333333396,0.0,,,,53.41379310344828,50.0,63.0,29.0,5.962025316455696,4.0,11.0,79.0,19.526315789473685,35,Friday,False,1
kiwi,2026-01-03,766.9499999999969,116.29999999999794,154.68333333333376,0.0,402.066666666674,0.0,,,,67.05,50.0,110.0,20.0,7.676923076923077,4.0,12.0,65.0,20.9375,42,Saturday,True,1
kiwi,2026-01-04,898.9499999999972,99.49999999999842,114.56666666666418,0.0,326.98333333334,0.0,,,,65.48837209302326,50.0,110.0,43.0,8.451807228915662,6.0,15.0,166.0,21.529411764705884,32,Sunday,True,1
kiwi,2026-01-05,851.7166666666634,97.09999999999832,121.69999999999736,0.0,369.48333333334,0.0,,,,54.56521739130435,50.0,65.0,23.0,7.13265306122449,4.0,16.0,98.0,22.666666666666668,35,Monday,False,1
kiwi,2026-01-06,941.4833333333323,75.13333333333286,97.48333333333181,0.0,325.9000000000056,0.0,,,,55.39393939393939,50.0,67.0,33.0,6.404761904761905,4.0,13.0,84.0,17.833333333333332,31,Tuesday,False,1
kiwi,2026-01-07,895.9499999999985,109.2333333333315,118.89999999999749,0.0,315.9166666666751,0.0,,,,54.904761904761905,50.0,65.0,21.0,6.781818181818182,5.0,9.0,55.0,23.214285714285715,37,Wednesday,False,1
kiwi,2026-01-08,899.4499999999972,109.14999999999797,120.91666666666409,0.0,310.483333333341,0.0,,,,54.166666666666664,50.0,61.0,12.0,5.8125,5.0,7.0,32.0,16.272727272727273,34,Thursday,False,1
kiwi,2026-01-09,865.0666666666651,124.16666666666409,126.56666666666379,0.0,324.2000000000066,0.0,,,,54.88235294117647,50.0,63.0,17.0,6.527272727272727,4.0,14.0,55.0,16.733333333333334,30,Friday,False,1
kiwi,2026-01-10,904.9333333333311,101.4833333333317,119.13333333333077,0.0,314.45000000000704,0.0,,,,56.3125,50.0,78.0,32.0,6.441860465116279,5.0,8.0,43.0,16.0,34,Saturday,True,1
kiwi,2026-01-11,835.0499999999963,105.51666666666458,150.4666666666668,0.0,348.96666666667386,0.0,,,,54.5,50.0,65.0,14.0,6.05,5.0,8.0,60.0,15.9,35,Sunday,True,1
kiwi,2026-01-12,781.3833333333323,137.06666666666462,161.05000000000064,0.0,360.5000000000087,0.0,,,,56.625,51.0,65.0,8.0,7.2,4.0,18.0,25.0,17.071428571428573,37,Monday,False,1
kiwi,2026-01-13,922.0166666666629,109.83333333333113,128.94999999999723,0.0,279.2000000000076,0.0,,,,56.333333333333336,50.0,75.0,21.0,6.59375,4.0,12.0,64.0,19.733333333333334,33,Tuesday,False,1
kiwi,2026-01-14,989.9333333333312,102.13333333333166,115.38333333333091,0.0,232.5500000000059,0.0,,,,54.578947368421055,50.0,67.0,19.0,6.032786885245901,4.0,9.0,61.0,22.470588235294116,40,Wednesday,False,1
kiwi,2026-01-15,854.6166666666654,108.99999999999811,132.29999999999774,0.0,344.0833333333419,0.0,,,,56.935483870967744,50.0,98.0,31.0,7.174418604651163,4.0,13.0,86.0,19.583333333333332,42,Thursday,False,1
kiwi,2026-01-16,896.6999999999992,106.86666666666504,125.1499999999973,0.0,311.2833333333404,0.0,,,,54.022222222222226,50.0,61.0,45.0,6.515789473684211,5.0,15.0,95.0,19.896551724137932,35,Friday,False,1
kiwi,2026-01-17,910.9499999999973,118.6666666666647,127.94999999999739,0.0,282.43333333334,0.0,,,,54.69565217391305,50.0,63.0,23.0,6.0344827586206895,4.0,9.0,87.0,14.857142857142858,22,Saturday,True,1
kiwi,2026-01-18,842.049999999998,108.81666666666484,133.33333333333127,0.0,355.80000000000933,0.0,,,,57.421052631578945,50.0,70.0,38.0,6.372881355932203,4.0,10.0,59.0,16.12,34,Sunday,True,1
kiwi,2026-01-19,874.3499999999963,99.51666666666507,129.11666666666412,0.0,337.0166666666746,0.0,,,,58.92857142857143,50.0,78.0,56.0,5.863636363636363,3.0,9.0,66.0,14.0625,18,Monday,False,1
kiwi,2026-01-20,912.5999999999982,86.33333333333219,120.03333333333093,0.0,321.03333333333944,0.0,,,,55.34146341463415,50.0,75.0,41.0,6.075757575757576,3.0,15.0,66.0,21.75,34,Tuesday,False,1
kiwi,2026-01-21,862.999999999999,127.29999999999752,144.23333333333193,0.0,305.46666666667414,0.0,,,,57.52542372881356,50.0,81.0,59.0,6.1375,4.0,10.0,80.0,19.157894736842106,33,Wednesday,False,1
kiwi,2026-01-22,948.2499999999974,94.44999999999868,116.74999999999773,0.0,280.55000000000757,0.0,,,,55.285714285714285,50.0,78.0,28.0,6.228571428571429,4.0,17.0,70.0,27.166666666666668,41,Thursday,False,1
kiwi,2026-01-23,851.4833333333326,105.54999999999811,129.66666666666424,0.0,353.30000000000825,0.0,,,,57.25,51.0,70.0,16.0,6.543859649122807,4.0,10.0,57.0,21.657894736842106,42,Friday,False,1
kiwi,2026-01-24,444.4999999999998,24.933333333333398,17.25000000000005,0.0,953.3166666666667,0.0,,,,51.0,51.0,51.0,1.0,5.4375,4.0,10.0,16.0,38.333333333333336,41,Saturday,True,1
kiwi,2026-01-25,0.0,0.0,0.0,88.33333333333333,1351.6666666666667,0.0,,,,,,,,,,,,35.75,39,Sunday,True,1
kiwi,2026-01-26,579.8000000000017,88.19999999999908,103.06666666666482,0.0,668.9333333333146,0.0,,,,54.785714285714285,50.0,65.0,14.0,6.239130434782608,5.0,8.0,46.0,29.41304347826087,42,Monday,False,1
kiwi,2026-01-27,929.7833333333317,93.69999999999868,119.29999999999762,0.0,297.21666666667437,0.0,,,,54.743589743589745,50.0,63.0,39.0,5.802083333333333,4.0,8.0,96.0,31.52777777777778,47,Tuesday,False,1
kiwi,2026-01-28,868.983333333333,122.8499999999978,130.4999999999976,0.0,317.6666666666736,0.0,,,,57.17391304347826,50.0,81.0,23.0,5.765432098765432,4.0,9.0,81.0,21.7,28,Wednesday,False,1
kiwi,2026-01-29,929.8833333333305,93.2166666666654,113.36666666666444,0.0,303.53333333333956,0.0,,,,56.5,50.0,70.0,34.0,5.925,4.0,10.0,80.0,26.344827586206897,43,Thursday,False,1
kiwi,2026-01-30,821.8666666666641,133.84999999999815,144.21666666666567,0.0,340.06666666667417,0.0,,,,57.72549019607843,50.0,75.0,51.0,6.204545454545454,4.0,8.0,88.0,27.620689655172413,42,Friday,False,1
kiwi,2026-01-31,949.9833333333313,99.7833333333318,104.86666666666477,0.0,285.36666666667134,0.0,,,,54.0,50.0,67.0,24.0,6.336134453781512,4.0,9.0,119.0,16.0,41,Saturday,True,1
kiwi,2026-02-01,895.5666666666639,90.78333333333228,133.8166666666644,0.0,319.8333333333404,0.0,,,,56.2,50.0,63.0,30.0,5.906779661016949,4.0,15.0,118.0,11.272727272727273,32,Sunday,True,2
kiwi,2026-02-02,903.9999999999978,127.84999999999786,135.21666666666442,0.0,272.93333333334226,0.0,,,,56.666666666666664,50.0,72.0,24.0,5.890909090909091,4.0,12.0,110.0,29.214285714285715,43,Monday,False,2
kiwi,2026-02-03,938.0499999999968,106.4666666666649,108.64999999999804,0.0,286.83333333333803,0.0,,,,55.02127659574468,50.0,70.0,47.0,5.573333333333333,4.0,7.0,75.0,21.84375,42,Tuesday,False,2
kiwi,2026-02-04,909.9000000000007,120.93333333333103,124.46666666666451,0.0,284.7000000000068,0.0,,,,57.95454545454545,50.0,85.0,22.0,7.411290322580645,4.0,15.0,124.0,20.724137931034484,35,Wednesday,False,2
kiwi,2026-02-05,841.3499999999999,108.51666666666475,128.86666666666383,0.0,361.2666666666748,0.0,,,,58.53191489361702,50.0,98.0,47.0,6.683760683760684,5.0,8.0,117.0,18.926829268292682,41,Thursday,False,2
kiwi,2026-02-06,803.1499999999971,117.04999999999805,133.9999999999982,0.0,385.8000000000062,0.0,,,,55.38461538461539,50.0,78.0,39.0,6.121621621621622,4.0,7.0,74.0,18.08108108108108,41,Friday,False,2
kiwi,2026-02-07,982.0333333333318,82.94999999999916,95.16666666666528,0.0,279.8500000000067,0.0,,,,58.023809523809526,50.0,75.0,42.0,5.4375,4.0,7.0,64.0,27.18421052631579,44,Saturday,True,2
kiwi,2026-02-08,922.116666666664,96.63333333333195,120.08333333333097,0.0,301.1666666666726,0.0,,,,61.86486486486486,50.0,88.0,37.0,6.864583333333333,5.0,10.0,96.0,28.71698113207547,43,Sunday,True,2
kiwi,2026-02-09,889.0499999999964,127.14999999999775,117.74999999999744,0.0,306.0500000000062,0.0,,,,55.282051282051285,50.0,63.0,39.0,5.989130434782608,4.0,13.0,92.0,19.295454545454547,42,Monday,False,2
kiwi,2026-02-10,958.5499999999976,108.93333333333142,111.31666666666466,0.0,261.2000000000051,0.0,,,,54.464285714285715,50.0,65.0,28.0,6.144329896907217,4.0,8.0,97.0,19.833333333333332,35,Tuesday,False,2
kiwi,2026-02-11,907.7999999999981,106.61666666666487,117.3499999999977,0.0,308.2333333333407,0.0,,,,57.0,50.0,70.0,21.0,7.191489361702128,4.0,10.0,94.0,29.6875,40,Wednesday,False,2
kiwi,2026-02-12,859.7833333333319,112.39999999999803,117.76666666666429,0.0,350.0500000000048,0.0,,,,56.81818181818182,50.0,67.0,22.0,6.8,4.0,10.0,70.0,20.272727272727273,37,Thursday,False,2
kiwi,2026-02-13,828.033333333332,135.7833333333312,147.49999999999915,0.0,328.68333333334,0.0,,,,57.325,50.0,78.0,40.0,5.909090909090909,4.0,8.0,44.0,13.5,34,Friday,False,2
kiwi,2026-02-14,791.6333333333336,103.93333333333169,130.2666666666642,0.0,414.16666666667203,0.0,,,,60.02857142857143,50.0,88.0,35.0,5.9855072463768115,4.0,9.0,69.0,10.1,33,Saturday,True,2
kiwi,2026-02-15,848.8166666666642,122.94999999999756,138.1166666666651,0.0,330.11666666667224,0.0,,,,57.596774193548384,50.0,75.0,62.0,6.222222222222222,4.0,10.0,81.0,27.6,40,Sunday,True,2
kiwi,2026-02-16,353.06666666666723,47.766666666666616,28.783333333333434,0.0,1010.383333333332,0.0,,,,53.81818181818182,50.0,56.0,11.0,4.25,4.0,5.0,8.0,26.551724137931036,43,Monday,False,2
kiwi,2026-02-17,871.6499999999986,111.88333333333138,125.3833333333307,0.0,331.0833333333409,0.0,,,,55.945454545454545,50.0,110.0,55.0,6.292134831460674,4.0,8.0,89.0,27.425531914893618,41,Tuesday,False,2
kiwi,2026-02-18,782.5500000000006,133.63333333333125,144.63333333333145,0.0,379.183333333341,0.0,,,,54.509803921568626,50.0,65.0,51.0,6.408450704225352,5.0,14.0,71.0,31.82758620689655,46,Wednesday,False,2
kiwi,2026-02-19,772.6999999999991,138.98333333333167,169.03333333333353,0.0,359.2833333333422,0.0,,,,54.73809523809524,50.0,65.0,42.0,6.014285714285714,4.0,13.0,70.0,16.060606060606062,29,Thursday,False,2
kiwi,2026-02-20,753.0166666666674,148.5333333333322,170.95000000000084,0.0,367.500000000009,0.0,,,,55.395348837209305,50.0,70.0,43.0,6.720588235294118,4.0,15.0,68.0,22.285714285714285,34,Friday,False,2
kiwi,2026-02-21,811.6499999999987,150.49999999999926,157.11666666666676,0.0,320.7333333333394,0.0,,,,54.69565217391305,50.0,65.0,46.0,6.25,4.0,9.0,64.0,25.77777777777778,38,Saturday,True,2
kiwi,2026-02-22,855.4999999999976,121.24999999999773,145.9499999999989,0.0,317.3000000000087,0.0,,,,55.148148148148145,50.0,85.0,27.0,5.984375,4.0,8.0,64.0,23.09090909090909,34,Sunday,True,2
kiwi,2026-02-23,706.5999999999998,138.86666666666542,182.11666666666673,0.0,412.41666666667817,0.0,,,,57.27777777777778,50.0,88.0,36.0,6.186046511627907,4.0,10.0,43.0,25.083333333333332,39,Monday,False,2
kiwi,2026-02-24,792.0666666666642,133.69999999999828,148.24999999999906,0.0,365.98333333334165,0.0,,,,55.787234042553195,50.0,67.0,47.0,6.125,4.0,8.0,64.0,27.5,36,Tuesday,False,2
kiwi,2026-02-25,891.1166666666647,124.49999999999757,128.04999999999725,0.0,296.3333333333404,0.0,,,,54.28888888888889,50.0,65.0,45.0,6.225806451612903,4.0,9.0,31.0,27.0,37,Wednesday,False,2
kiwi,2026-02-26,657.6666666666675,170.38333333333446,188.63333333333534,0.0,423.31666666667786,0.0,,,,56.291666666666664,50.0,65.0,24.0,6.7407407407407405,4.0,13.0,27.0,25.107142857142858,42,Thursday,False,2
kiwi,2026-02-27,880.3833333333314,134.58333333333144,130.91666666666418,0.0,294.1166666666743,0.0,,,,55.2,50.0,65.0,60.0,6.0,5.0,9.0,47.0,20.833333333333332,27,Friday,False,2
kiwi,2026-02-28,756.9666666666667,157.2000000000001,159.6000000000008,0.0,366.2333333333427,0.0,,,,58.63157894736842,50.0,85.0,19.0,6.314285714285714,4.0,15.0,35.0,27.666666666666668,39,Saturday,True,2
kiwi,2026-03-01,783.7500000000016,141.71666666666565,151.59999999999908,0.0,362.93333333334164,0.0,,,,53.06896551724138,50.0,61.0,29.0,5.774193548387097,4.0,8.0,62.0,20.3,35,Sunday,True,3
kiwi,2026-03-02,683.3666666666676,179.55000000000098,168.6166666666675,0.0,408.46666666667704,0.0,,,,57.148148148148145,50.0,81.0,27.0,6.478260869565218,4.0,8.0,23.0,21.0,34,Monday,False,3
kiwi,2026-03-03,660.7500000000014,150.03333333333177,159.8499999999999,0.0,469.3666666666766,0.0,,,,56.69230769230769,50.0,79.0,26.0,6.341463414634147,4.0,9.0,41.0,18.9375,38,Tuesday,False,3
kiwi,2026-03-04,669.9166666666686,164.8166666666677,182.48333333333673,0.0,422.78333333334257,0.0,,,,57.25,50.0,93.0,28.0,6.026315789473684,4.0,8.0,38.0,20.5,34,Wednesday,False,3
kiwi,2026-03-05,838.6666666666665,143.51666666666517,141.699999999998,0.0,316.116666666673,0.0,,,,54.645161290322584,50.0,67.0,31.0,6.052631578947368,4.0,8.0,38.0,28.375,36,Thursday,False,3
kiwi,2026-03-06,877.2833333333317,136.99999999999824,135.84999999999843,0.0,289.86666666667446,0.0,,,,56.95454545454545,50.0,67.0,44.0,6.206521739130435,4.0,21.0,92.0,24.40625,39,Friday,False,3
kiwi,2026-03-07,847.1666666666662,119.04999999999765,140.3166666666654,0.0,333.4666666666756,0.0,,,,58.36,50.0,72.0,75.0,6.042105263157895,4.0,9.0,95.0,20.3125,36,Saturday,True,3
kiwi,2026-03-08,996.2666666666643,92.44999999999882,108.53333333333134,0.0,242.75000000000685,0.0,,,,55.136986301369866,50.0,67.0,73.0,5.522388059701493,4.0,11.0,67.0,21.571428571428573,32,Sunday,True,3
kiwi,2026-03-09,905.7333333333313,119.39999999999797,119.79999999999747,0.0,295.06666666667434,0.0,,,,57.32608695652174,50.0,117.0,92.0,5.8979591836734695,4.0,8.0,98.0,24.555555555555557,33,Monday,False,3
kiwi,2026-03-10,839.0999999999979,112.56666666666459,132.28333333333103,0.0,356.0500000000072,0.0,,,,57.63095238095238,50.0,78.0,84.0,5.728395061728395,4.0,11.0,81.0,25.333333333333332,35,Tuesday,False,3
kiwi,2026-03-11,893.9666666666623,118.84999999999805,132.36666666666437,0.0,294.81666666667473,0.0,,,,57.09090909090909,50.0,93.0,55.0,6.463414634146342,4.0,10.0,123.0,19.77777777777778,21,Wednesday,False,3
kiwi,2026-03-12,880.7999999999992,121.71666666666421,130.63333333333068,0.0,306.8500000000067,0.0,,,,55.08695652173913,50.0,81.0,46.0,6.166666666666667,5.0,12.0,60.0,26.8125,37,Thursday,False,3
kiwi,2026-03-13,872.7499999999974,125.59999999999755,124.11666666666375,0.0,317.53333333334086,0.0,,,,53.06382978723404,50.0,67.0,47.0,6.2631578947368425,5.0,13.0,57.0,26.076923076923077,35,Friday,False,3
kiwi,2026-03-14,745.0333333333296,126.6999999999975,161.1000000000005,0.0,407.1666666666732,0.0,,,,56.470588235294116,50.0,67.0,51.0,6.037037037037037,4.0,13.0,81.0,20.0,32,Saturday,True,3
kiwi,2026-03-15,873.6499999999972,151.34999999999934,141.4833333333308,0.0,273.5166666666739,0.0,,,,56.81651376146789,50.0,103.0,109.0,5.541666666666667,4.0,8.0,48.0,19.5,33,Sunday,True,3
kiwi,2026-03-16,838.9833333333311,142.01666666666478,140.41666666666472,0.0,318.58333333334065,0.0,,,,55.217948717948715,50.0,75.0,78.0,6.096774193548387,4.0,9.0,62.0,24.0,35,Monday,False,3
kiwi,2026-03-17,880.4999999999977,121.69999999999766,121.06666666666423,0.0,316.73333333333875,0.0,,,,57.416666666666664,50.0,98.0,36.0,7.03921568627451,4.0,17.0,102.0,30.5,35,Tuesday,False,3
kiwi,2026-03-18,727.5999999999985,152.23333333333227,169.0500000000009,0.0,391.1166666666769,0.0,,,,56.22222222222222,50.0,86.0,45.0,7.288135593220339,5.0,14.0,59.0,22.428571428571427,34,Wednesday,False,3
kiwi,2026-03-19,862.9333333333328,141.51666666666537,143.58333333333172,0.0,291.9666666666752,0.0,,,,54.42857142857143,50.0,85.0,42.0,6.149253731343284,4.0,16.0,67.0,25.333333333333332,32,Thursday,False,3
kiwi,2026-03-20,763.4833333333298,123.3666666666644,147.91666666666558,0.0,405.2333333333417,0.0,,,,54.81481481481482,50.0,98.0,27.0,5.7924528301886795,4.0,9.0,53.0,26.8,33,Friday,False,3
kiwi,2026-03-21,730.166666666664,102.58333333333172,120.69999999999754,0.0,486.5500000000075,0.0,,,,55.77358490566038,50.0,70.0,53.0,5.653061224489796,4.0,7.0,49.0,28.333333333333332,32,Saturday,True,3
kiwi,2026-03-22,510.0000000000007,106.09999999999853,116.44999999999757,119.88333333333333,587.5666666666605,0.0,,,,58.642857142857146,50.0,93.0,28.0,6.2105263157894735,5.0,7.0,38.0,36.767857142857146,48,Sunday,True,3
kiwi,2026-03-23,714.2499999999995,164.05000000000024,162.966666666668,0.0,398.73333333334244,0.0,,,,56.111111111111114,50.0,81.0,27.0,7.2592592592592595,5.0,9.0,27.0,19.0,27,Monday,False,3
kiwi,2026-03-24,835.3499999999999,155.96666666666658,141.96666666666553,0.0,306.71666666667466,0.0,,,,58.15384615384615,50.0,75.0,26.0,7.36986301369863,5.0,21.0,73.0,27.4,28,Tuesday,False,3
kiwi,2026-03-25,887.5166666666669,138.4166666666649,127.83333333333051,0.0,286.23333333334017,0.0,,,,60.303030303030305,50.0,98.0,33.0,7.5606060606060606,5.0,11.0,66.0,27.333333333333332,33,Wednesday,False,3
kiwi,2026-03-26,792.8999999999969,134.38333333333105,148.86666666666616,0.0,363.85000000000724,0.0,,,,57.86206896551724,50.0,93.0,29.0,6.634920634920635,5.0,9.0,63.0,21.22222222222222,33,Thursday,False,3
kiwi,2026-03-27,801.1833333333311,117.03333333333119,140.9333333333318,0.0,380.8500000000084,0.0,,,,59.810810810810814,50.0,78.0,37.0,6.879518072289157,5.0,10.0,83.0,24.125,34,Friday,False,3
kiwi,2026-03-28,849.1833333333325,123.51666666666434,141.49999999999844,0.0,325.800000000007,0.0,,,,59.404761904761905,50.0,88.0,42.0,6.617647058823529,5.0,9.0,68.0,33.0,44,Saturday,True,3
kiwi,2026-03-29,713.2499999999978,132.2166666666644,154.43333333333283,0.0,440.1000000000087,0.0,,,,59.57575757575758,50.0,78.0,33.0,6.530612244897959,5.0,11.0,49.0,14.285714285714286,32,Sunday,True,3
kiwi,2026-03-30,773.9166666666637,129.0999999999979,146.43333333333192,0.0,390.5500000000091,0.0,,,,56.283018867924525,50.0,83.0,53.0,6.426229508196721,5.0,9.0,61.0,20.166666666666668,28,Monday,False,3
kiwi,2026-03-31,682.5833333333325,173.10000000000127,189.70000000000377,0.0,394.6166666666753,0.0,,,,74.76086956521739,50.0,110.0,46.0,8.28,4.0,12.0,50.0,21.5,26,Tuesday,False,3
kiwi,2026-04-01,791.0999999999982,140.46666666666502,149.38333333333298,0.0,359.0500000000087,0.0,,,,62.8125,50.0,81.0,32.0,7.464285714285714,6.0,15.0,84.0,23.333333333333332,36,Wednesday,False,4
kiwi,2026-04-02,741.699999999999,138.06666666666516,167.2666666666677,0.0,392.9666666666745,0.0,,,,57.333333333333336,50.0,81.0,75.0,6.4,5.0,10.0,75.0,21.0,29,Thursday,False,4
kiwi,2026-04-03,857.7333333333313,140.63333333333193,133.5666666666647,0.0,308.066666666674,0.0,,,,57.8955223880597,50.0,75.0,67.0,6.486486486486487,5.0,13.0,37.0,23.0,30,Friday,False,4
kiwi,2026-04-04,771.8666666666653,154.1333333333334,157.7166666666671,0.0,356.2833333333421,0.0,,,,55.666666666666664,50.0,67.0,36.0,6.871428571428571,5.0,9.0,70.0,25.375,33,Saturday,True,4
kiwi,2026-04-05,757.4999999999972,137.11666666666505,147.8333333333327,0.0,397.5500000000095,0.0,,,,59.721311475409834,50.0,98.0,61.0,6.910714285714286,5.0,12.0,56.0,23.88888888888889,30,Sunday,True,4
kiwi,2026-04-06,718.283333333334,146.4833333333323,157.71666666666727,0.0,417.5166666666748,0.0,,,,58.355555555555554,50.0,81.0,45.0,6.808219178082192,4.0,14.0,73.0,26.966666666666665,31,Monday,False,4
kiwi,2026-04-07,726.349999999999,155.03333333333322,165.16666666666788,0.0,393.4500000000084,0.0,,,,57.967213114754095,50.0,93.0,61.0,6.732142857142857,5.0,11.0,56.0,21.517241379310345,32,Tuesday,False,4
kiwi,2026-04-08,749.7499999999957,128.99999999999739,149.84999999999937,0.0,411.4000000000096,0.0,,,,58.170212765957444,50.0,93.0,47.0,6.557142857142857,4.0,9.0,70.0,20.625,34,Wednesday,False,4
kiwi,2026-04-09,836.5499999999976,132.24999999999773,141.74999999999852,0.0,329.4500000000088,0.0,,,,64.95238095238095,50.0,98.0,63.0,7.425925925925926,5.0,34.0,54.0,28.85,35,Thursday,False,4
kiwi,2026-04-10,887.7166666666652,152.2499999999994,150.28333333333256,0.0,249.75000000000725,0.0,,,,59.51162790697674,50.0,160.0,43.0,6.616438356164384,4.0,22.0,73.0,27.428571428571427,33,Friday,False,4
kiwi,2026-04-11,708.3666666666659,138.16666666666455,200.9333333333384,0.0,392.5333333333395,0.0,,,,56.76315789473684,50.0,103.0,38.0,6.6,5.0,9.0,45.0,23.692307692307693,29,Saturday,True,4
kiwi,2026-04-12,879.1666666666644,115.24999999999832,148.66666666666632,0.0,296.9166666666733,0.0,,,,58.17307692307692,50.0,81.0,52.0,6.257142857142857,5.0,11.0,70.0,18.5,30,Sunday,True,4
kiwi,2026-04-13,806.8333333333294,127.26666666666387,146.21666666666565,0.0,359.6833333333412,0.0,,,,62.0,50.0,110.0,54.0,6.36734693877551,4.0,13.0,49.0,25.636363636363637,38,Monday,False,4
kiwi,2026-04-14,760.4833333333308,157.23333333333335,172.10000000000224,3.0166666666666666,347.1666666666754,0.0,,,,60.578125,50.0,95.0,64.0,7.556962025316456,4.0,19.0,79.0,23.571428571428573,32,Tuesday,False,4
kiwi,2026-04-15,801.2666666666657,148.01666666666583,161.08333333333357,0.0,329.6333333333418,0.0,,,,56.8,50.0,76.0,40.0,7.571428571428571,4.0,34.0,70.0,26.545454545454547,36,Wednesday,False,4
kiwi,2026-04-16,777.3999999999961,148.83333333333277,166.16666666666796,0.0,347.6000000000083,0.0,,,,58.22222222222222,50.0,93.0,27.0,6.782608695652174,5.0,12.0,46.0,25.428571428571427,35,Thursday,False,4
kiwi,2026-04-17,918.3666666666655,134.63333333333105,122.74999999999729,0.0,264.2500000000083,0.0,,,,56.98360655737705,50.0,67.0,61.0,6.625,5.0,11.0,64.0,30.0,35,Friday,False,4
kiwi,2026-04-18,878.8499999999982,129.28333333333092,132.34999999999795,0.0,299.5166666666744,0.0,,,,54.411764705882355,50.0,75.0,34.0,6.254901960784314,5.0,8.0,51.0,31.36842105263158,40,Saturday,True,4
kiwi,2026-04-19,617.1833333333337,134.96666666666468,185.0000000000041,102.53333333333333,400.31666666667536,0.0,,,,66.8780487804878,50.0,98.0,41.0,6.594594594594595,5.0,11.0,37.0,34.23913043478261,47,Sunday,True,4
kiwi,2026-04-20,745.7499999999974,152.93333333333354,154.83333333333425,0.0,386.48333333334034,0.0,,,,56.13333333333333,50.0,72.0,45.0,6.870967741935484,5.0,10.0,31.0,24.5,33,Monday,False,4
kiwi,2026-04-21,734.3333333333314,141.28333333333174,161.33333333333437,0.0,403.0500000000077,0.0,,,,57.473684210526315,50.0,88.0,38.0,7.2272727272727275,5.0,9.0,44.0,27.5,35,Tuesday,False,4
kiwi,2026-04-22,803.6666666666647,126.64999999999756,143.4666666666649,0.0,366.21666666667466,0.0,,,,60.208333333333336,51.0,85.0,48.0,6.921875,5.0,11.0,64.0,25.5,33,Wednesday,False,4
kiwi,2026-04-23,858.0999999999968,116.31666666666455,137.7666666666651,0.0,327.81666666667377,0.0,,,,57.75757575757576,50.0,78.0,33.0,8.06,6.0,17.0,50.0,27.9,33,Thursday,False,4
kiwi,2026-04-24,740.1999999999973,147.46666666666573,167.85000000000022,0.0,384.4833333333426,0.0,,,,57.12903225806452,50.0,93.0,31.0,7.157894736842105,5.0,15.0,38.0,26.76923076923077,37,Friday,False,4
kiwi,2026-04-25,958.0833333333322,101.61666666666514,116.1333333333308,0.0,264.166666666676,0.0,,,,56.270270270270274,50.0,72.0,37.0,6.7936507936507935,5.0,22.0,126.0,26.928571428571427,37,Saturday,True,4
kiwi,2026-04-26,991.2499999999982,99.91666666666511,115.2499999999979,0.0,233.58333333333957,0.0,,,,55.15384615384615,50.0,65.0,26.0,6.589473684210526,4.0,13.0,95.0,27.75,29,Sunday,True,4
kiwi,2026-04-27,773.4166666666652,143.2833333333324,155.03333333333393,0.0,368.2666666666772,0.0,,,,56.05882352941177,50.0,93.0,34.0,7.231578947368421,5.0,37.0,95.0,28.615384615384617,37,Monday,False,4
kiwi,2026-04-28,848.9333333333278,141.94999999999885,153.09999999999928,0.0,296.0166666666745,0.0,,,,53.26086956521739,50.0,56.0,23.0,6.985915492957746,5.0,21.0,71.0,27.0,34,Tuesday,False,4
kiwi,2026-04-29,945.2166666666625,111.61666666666471,131.46666666666448,0.0,251.70000000000758,0.0,,,,57.970588235294116,50.0,98.0,34.0,6.978494623655914,5.0,9.0,93.0,23.833333333333332,39,Wednesday,False,4
kiwi,2026-04-30,864.166666666666,140.89999999999907,139.94999999999865,0.0,294.9833333333396,0.0,,,,54.888888888888886,50.0,85.0,27.0,5.942857142857143,5.0,7.0,35.0,30.0,37,Thursday,False,4
kiwi,2026-05-01,769.716666666664,154.18333333333294,159.68333333333322,0.0,356.4166666666764,0.0,,,,56.125,50.0,81.0,24.0,6.3023255813953485,5.0,11.0,43.0,24.5,33,Friday,False,5
kiwi,2026-05-02,862.4333333333309,145.39999999999867,155.61666666666727,0.0,276.5500000000092,0.0,,,,52.55555555555556,50.0,58.0,18.0,6.2407407407407405,5.0,12.0,54.0,28.25,33,Saturday,True,5
kiwi,2026-05-03,962.2999999999967,103.71666666666512,117.09999999999746,0.0,256.88333333333986,0.0,,,,58.26190476190476,50.0,72.0,42.0,6.431818181818182,5.0,10.0,88.0,20.5,29,Sunday,True,5
kiwi,2026-05-04,764.6833333333321,147.34999999999857,157.4499999999995,0.0,370.5166666666759,0.0,,,,57.58536585365854,50.0,88.0,41.0,6.625,5.0,19.0,80.0,22.166666666666668,25,Monday,False,5
kiwi,2026-05-05,872.6333333333309,107.08333333333165,122.38333333333068,0.0,337.9000000000087,0.0,,,,57.186440677966104,50.0,78.0,59.0,6.804347826086956,5.0,20.0,92.0,24.0,37,Tuesday,False,5
kiwi,2026-05-06,722.3499999999983,142.43333333333229,152.30000000000044,0.0,422.9166666666741,0.0,,,,58.48,51.0,98.0,25.0,6.666666666666667,5.0,9.0,36.0,21.615384615384617,38,Wednesday,False,5
kiwi,2026-05-07,794.4666666666633,163.69999999999982,153.04999999999885,0.0,328.7833333333425,0.0,,,,53.407407407407405,50.0,61.0,27.0,6.836734693877551,5.0,10.0,49.0,23.333333333333332,33,Thursday,False,5
kiwi,2026-05-08,855.5499999999975,114.28333333333134,133.43333333333078,0.0,336.73333333334057,0.0,,,,56.794871794871796,50.0,85.0,39.0,6.029411764705882,5.0,9.0,68.0,22.25,35,Friday,False,5
kiwi,2026-05-09,855.5499999999964,129.43333333333118,151.71666666666573,0.0,303.3000000000089,0.0,,,,55.1063829787234,50.0,83.0,47.0,6.729166666666667,5.0,14.0,96.0,30.0,33,Saturday,True,5
kiwi,2026-05-10,875.4833333333306,117.49999999999781,138.46666666666516,0.0,308.5500000000078,0.0,,,,55.43333333333333,50.0,85.0,30.0,6.12962962962963,4.0,13.0,108.0,26.25,33,Sunday,True,5
kiwi,2026-05-11,851.6833333333287,116.73333333333119,135.58333333333172,0.0,336.00000000000784,0.0,,,,57.517857142857146,50.0,100.0,56.0,6.966386554621849,4.0,10.0,119.0,27.666666666666668,33,Monday,False,5
kiwi,2026-05-12,978.1499999999975,106.34999999999836,118.61666666666444,0.0,236.8833333333389,0.0,,,,54.38775510204081,50.0,63.0,49.0,6.709677419354839,5.0,30.0,93.0,30.0,35,Tuesday,False,5
kiwi,2026-05-13,695.0833333333289,178.91666666666885,195.3166666666698,0.0,370.68333333334436,0.0,,,,55.5,50.0,70.0,16.0,6.323529411764706,5.0,9.0,34.0,23.2,28,Wednesday,False,5
kiwi,2026-05-14,831.4000000000007,159.88333333333313,164.38333333333364,0.0,284.3333333333432,0.0,,,,54.97142857142857,50.0,67.0,35.0,6.37037037037037,5.0,17.0,54.0,24.333333333333332,36,Thursday,False,5
kiwi,2026-05-15,331.0500000000018,122.68333333333094,138.399999999998,27.9,819.96666666663,0.0,,,,60.5625,52.0,98.0,16.0,6.135135135135135,5.0,8.0,37.0,34.36363636363637,54,Friday,False,5
kiwi,2026-05-16,757.7499999999984,167.41666666666814,151.40000000000018,0.0,363.4333333333416,0.0,,,,55.8235294117647,50.0,67.0,51.0,6.333333333333333,5.0,20.0,42.0,26.6,33,Saturday,True,5
kiwi,2026-05-17,858.9166666666658,136.78333333333205,137.9833333333317,0.0,306.31666666667445,0.0,,,,55.588235294117645,50.0,98.0,51.0,6.51,4.0,11.0,100.0,25.0,28,Sunday,True,5
kiwi,2026-05-18,790.3500000000005,165.58333333333456,156.9666666666672,0.0,327.10000000000883,0.0,,,,59.82222222222222,50.0,88.0,45.0,6.875,5.0,15.0,72.0,29.666666666666668,37,Monday,False,5
kiwi,2026-05-19,689.3333333333309,167.5166666666682,173.63333333333495,0.0,409.5166666666774,0.0,,,,59.056603773584904,50.0,88.0,53.0,8.941176470588236,4.0,37.0,51.0,26.125,34,Tuesday,False,5
kiwi,2026-05-20,884.7999999999953,123.08333333333107,130.83333333333073,0.0,301.2833333333426,0.0,,,,55.86363636363637,50.0,72.0,22.0,6.472727272727273,5.0,12.0,55.0,30.272727272727273,36,Wednesday,False,5
kiwi,2026-05-21,846.0999999999962,115.74999999999763,130.06666666666405,0.0,348.08333333334195,0.0,,,,54.12,50.0,72.0,25.0,6.402985074626866,4.0,10.0,67.0,27.77777777777778,38,Thursday,False,5
kiwi,2026-05-22,918.699999999998,140.58333333333167,123.33333333333049,0.0,257.3833333333409,0.0,,,,56.48148148148148,50.0,70.0,27.0,6.909090909090909,4.0,15.0,55.0,30.09090909090909,35,Friday,False,5
kiwi,2026-05-23,860.2999999999986,122.14999999999772,136.8833333333314,0.0,320.6666666666742,0.0,,,,55.333333333333336,50.0,78.0,12.0,6.32,5.0,9.0,50.0,31.666666666666668,36,Saturday,True,5
kiwi,2026-05-24,859.399999999997,130.73333333333085,139.86666666666488,0.0,310.0000000000089,0.0,,,,60.0,50.0,85.0,28.0,6.8791208791208796,5.0,17.0,91.0,27.428571428571427,32,Sunday,True,5
kiwi,2026-05-25,847.3999999999963,132.2333333333308,141.4499999999983,0.0,318.9166666666752,0.0,,,,58.03846153846154,51.0,88.0,26.0,6.733333333333333,5.0,9.0,60.0,27.833333333333332,32,Monday,False,5
kiwi,2026-05-26,813.3833333333275,143.1833333333323,156.5000000000006,0.0,326.93333333334266,0.0,,,,55.3,50.0,72.0,20.0,7.8979591836734695,5.0,22.0,49.0,32.42857142857143,35,Tuesday,False,5
kiwi,2026-05-27,942.0999999999971,117.74999999999787,128.14999999999705,0.0,252.00000000000858,0.0,,,,61.05128205128205,50.0,75.0,39.0,10.914893617021276,5.0,34.0,94.0,32.4,33,Wednesday,False,5
kiwi,2026-05-28,1391.1666666666665,21.2166666666667,11.683333333333346,0.0,15.933333333333373,0.0,,,,55.90909090909091,50.0,81.0,11.0,6.3478260869565215,5.0,9.0,23.0,24.75,37,Thursday,False,5
kiwi,2026-05-29,902.1499999999992,126.81666666666443,143.51666666666486,0.0,267.51666666667404,0.0,,,,70.85185185185185,50.0,103.0,27.0,7.5777777777777775,4.0,19.0,45.0,32.0,34,Friday,False,5
kiwi,2026-05-30,959.5833333333321,96.86666666666505,107.93333333333142,0.0,275.61666666667503,0.0,,,,63.07142857142857,50.0,88.0,14.0,7.990291262135922,5.0,14.0,103.0,30.0,30,Saturday,True,5
kiwi,2026-05-31,857.8833333333313,109.66666666666504,129.21666666666394,0.0,343.2333333333422,0.0,,,,66.89473684210526,50.0,93.0,38.0,8.175438596491228,5.0,15.0,57.0,31.071428571428573,33,Sunday,True,5
kiwi,2026-06-01,858.9166666666648,124.14999999999766,134.53333333333097,0.0,322.4000000000075,0.0,,,,55.6,50.0,75.0,25.0,9.658536585365853,4.0,26.0,82.0,32.642857142857146,35,Monday,False,6
kiwi,2026-06-02,755.1999999999966,114.09999999999789,154.78333333333254,0.0,415.91666666667766,0.0,,,,82.65625,51.0,98.0,32.0,7.032258064516129,5.0,22.0,62.0,29.545454545454547,35,Tuesday,False,6
kiwi,2026-06-03,947.1,116.36666666666464,119.58333333333084,0.0,256.9500000000077,0.0,,,,58.2,50.0,81.0,30.0,8.227272727272727,5.0,22.0,66.0,32.25806451612903,36,Wednesday,False,6
kiwi,2026-06-04,837.7333333333308,110.39999999999839,140.7999999999987,0.0,351.0666666666758,0.0,,,,56.888888888888886,50.0,67.0,18.0,7.461538461538462,4.0,10.0,52.0,30.0,38,Thursday,False,6
kiwi,2026-06-05,889.3499999999962,109.93333333333129,128.93333333333072,0.0,311.7833333333422,0.0,,,,57.68181818181818,51.0,78.0,22.0,7.64,6.0,17.0,75.0,31.75,33,Friday,False,6
kiwi,2026-06-06,924.7499999999989,99.48333333333188,113.83333333333123,0.0,301.9333333333426,0.0,,,,59.89655172413793,50.0,98.0,29.0,6.8088235294117645,5.0,10.0,68.0,31.25,34,Saturday,True,6
kiwi,2026-06-07,951.3333333333323,108.79999999999843,116.91666666666423,0.0,262.95000000000834,0.0,,,,54.9,51.0,60.0,10.0,7.405405405405405,5.0,25.0,74.0,31.666666666666668,37,Sunday,True,6
kiwi,2026-06-08,878.1833333333295,111.24999999999818,123.63333333333063,0.0,326.933333333342,0.0,,,,64.35897435897436,50.0,88.0,39.0,8.658333333333333,6.0,24.0,120.0,30.833333333333332,36,Monday,False,6
kiwi,2026-06-09,923.9166666666653,77.91666666666595,106.91666666666475,0.0,331.2500000000079,0.0,,,,62.23529411764706,50.0,93.0,17.0,7.696969696969697,5.0,16.0,66.0,27.75,31,Tuesday,False,6
kiwi,2026-06-10,865.3833333333308,91.86666666666531,122.36666666666406,0.0,360.38333333334083,0.0,,,,54.6,50.0,63.0,15.0,7.407407407407407,5.0,10.0,81.0,27.5,31,Wednesday,False,6
kiwi,2026-06-11,941.7666666666646,101.98333333333186,111.06666666666426,0.0,285.1833333333404,0.0,,,,53.375,50.0,60.0,8.0,8.11864406779661,5.0,13.0,59.0,26.571428571428573,31,Thursday,False,6
kiwi,2026-06-12,922.5499999999993,101.3333333333319,111.88333333333115,0.0,304.23333333334045,0.0,,,,68.875,55.0,88.0,8.0,7.620253164556962,5.0,17.0,79.0,32.3,34,Friday,False,6
kiwi,2026-06-13,893.6833333333309,114.48333333333119,119.71666666666403,0.0,312.1166666666747,0.0,,,,53.86206896551724,50.0,61.0,29.0,7.324675324675325,5.0,10.0,77.0,33.5,34,Saturday,True,6
kiwi,2026-06-14,922.9499999999977,118.81666666666436,124.33333333333044,0.0,273.900000000008,0.0,,,,57.8,50.0,75.0,20.0,7.875,5.0,14.0,72.0,31.285714285714285,35,Sunday,True,6
kiwi,2026-06-15,885.9333333333324,114.03333333333124,128.2833333333305,0.0,311.75000000000773,0.0,,,,55.45454545454545,50.0,61.0,11.0,8.378048780487806,6.0,22.0,82.0,32.63636363636363,37,Monday,False,6
kiwi,2026-06-16,898.0333333333315,106.19999999999834,120.73333333333059,0.0,315.03333333334103,0.0,,,,55.1875,50.0,60.0,16.0,8.426966292134832,5.0,23.0,89.0,31.5,33,Tuesday,False,6
kiwi,2026-06-17,866.7166666666647,112.39999999999787,128.83333333333036,0.0,332.05000000000734,0.0,,,,54.86666666666667,50.0,61.0,15.0,7.328947368421052,5.0,13.0,76.0,34.0,37,Wednesday,False,6
kiwi,2026-06-18,1050.4833333333322,83.14999999999941,99.03333333333185,0.0,207.3333333333374,0.0,,,,54.8,50.0,93.0,30.0,7.926315789473684,5.0,12.0,95.0,33.5,36,Thursday,False,6
kiwi,2026-06-19,791.016666666665,138.0999999999987,148.8333333333328,0.0,362.05000000000894,0.0,,,,53.5,50.0,63.0,14.0,9.38888888888889,5.0,25.0,54.0,32.95454545454545,35,Friday,False,6
kiwi,2026-06-20,977.933333333331,110.61666666666501,116.69999999999814,0.0,234.75000000000668,0.0,,,,56.0,50.0,78.0,14.0,7.232876712328767,5.0,11.0,73.0,34.333333333333336,35,Saturday,True,6
kiwi,2026-06-21,868.0333333333307,115.91666666666458,129.59999999999732,0.0,326.4500000000103,0.0,,,,54.0,50.0,60.0,12.0,7.69811320754717,5.0,22.0,53.0,34.4,38,Sunday,True,6
kiwi,2026-06-22,931.5999999999991,103.16666666666514,114.83333333333096,0.0,290.400000000007,0.0,,,,56.76470588235294,50.0,72.0,17.0,7.508196721311475,5.0,12.0,61.0,34.125,36,Monday,False,6
kiwi,2026-06-23,915.0499999999976,88.44999999999911,100.61666666666503,99.41666666666667,236.46666666667198,0.0,,,,57.92307692307692,51.0,70.0,13.0,7.666666666666667,5.0,12.0,87.0,49.407407407407405,58,Tuesday,False,6
kiwi,2026-06-24,457.76666666666705,101.21666666666535,116.49999999999758,0.0,764.5166666666339,0.0,,,,80.16666666666667,51.0,125.0,12.0,11.166666666666666,9.0,17.0,18.0,34.26923076923077,47,Wednesday,False,6
kiwi,2026-06-25,819.9666666666653,122.08333333333108,137.89999999999813,0.0,360.05000000000706,0.0,,,,53.266666666666666,50.0,58.0,15.0,10.8,5.0,31.0,55.0,28.833333333333332,34,Thursday,False,6
kiwi,2026-06-26,872.8999999999991,101.54999999999846,126.14999999999739,0.0,339.4000000000084,0.0,,,,56.23076923076923,50.0,61.0,13.0,7.455696202531645,5.0,22.0,79.0,36.375,48,Friday,False,6
kiwi,2026-06-27,970.3999999999982,109.9833333333315,107.16666666666455,0.0,252.45000000000653,0.0,,,,58.27777777777778,50.0,81.0,18.0,7.810344827586207,5.0,34.0,58.0,34.0,35,Saturday,True,6
kiwi,2026-06-28,810.033333333329,118.46666666666452,139.3999999999983,0.0,372.10000000000895,0.0,,,,62.36363636363637,51.0,85.0,11.0,6.891304347826087,5.0,11.0,92.0,30.8,34,Sunday,True,6
kiwi,2026-06-29,872.9500000000006,100.26666666666534,110.28333333333086,0.0,356.50000000000813,0.0,,,,55.875,50.0,78.0,16.0,7.052631578947368,5.0,15.0,76.0,34.714285714285715,39,Monday,False,6
kiwi,2026-06-30,834.9499999999988,114.18333333333133,133.64999999999725,0.0,357.21666666667505,0.0,,,,61.1,51.0,88.0,10.0,9.666666666666666,5.0,25.0,39.0,33.4,37,Tuesday,False,6
kiwi,2026-07-01,833.5833333333328,105.0999999999984,116.7166666666641,0.0,384.600000000008,0.0,,,,54.476190476190474,50.0,70.0,21.0,8.580645161290322,5.0,34.0,93.0,32.27272727272727,37,Wednesday,False,7
kiwi,2026-07-02,830.4999999999994,112.98333333333159,132.16666666666427,0.0,364.35000000000883,0.0,,,,60.8125,50.0,78.0,16.0,9.142857142857142,6.0,18.0,70.0,34.388888888888886,39,Thursday,False,7
kiwi,2026-07-03,932.3833333333322,90.73333333333231,107.24999999999798,0.0,309.63333333334015,0.0,,,,50.858024691358025,42.0,72.0,162.0,10.240963855421686,6.0,34.0,83.0,37.416666666666664,43,Friday,False,7
kiwi,2026-07-04,956.5499999999996,93.51666666666557,109.86666666666473,0.0,280.06666666667417,0.0,,,,50.15137614678899,42.0,84.0,436.0,9.607142857142858,6.0,37.0,84.0,35.666666666666664,37,Saturday,True,7
kiwi,2026-07-05,841.2166666666659,109.21666666666503,137.28333333333146,0.0,352.28333333334047,0.0,,,,51.17131474103586,42.0,104.0,502.0,8.658227848101266,6.0,37.0,79.0,34.1,36,Sunday,True,7
kiwi,2026-07-06,916.1666666666636,121.14999999999786,134.96666666666474,0.0,267.71666666667596,0.0,,,,51.21513002364066,42.0,130.0,423.0,12.855555555555556,6.0,35.0,90.0,32.166666666666664,35,Monday,False,7
kiwi,2026-07-07,861.4999999999978,102.68333333333165,135.88333333333108,0.0,339.93333333334147,0.0,,,,54.08259587020649,42.0,134.0,339.0,10.657534246575343,5.0,39.0,73.0,33.75,37,Tuesday,False,7
kiwi,2026-07-08,950.9499999999962,111.14999999999836,121.63333333333077,0.0,256.2666666666744,0.0,,,,56.079861111111114,42.0,96.0,576.0,12.443181818181818,6.0,39.0,88.0,36.27272727272727,38,Wednesday,False,7
kiwi,2026-07-09,932.5166666666637,113.06666666666507,124.29999999999752,0.0,270.11666666667406,0.0,,,,58.49084249084249,42.0,104.0,546.0,11.647727272727273,6.0,35.0,88.0,30.8,34,Thursday,False,7
kiwi,2026-07-10,862.5333333333325,108.49999999999827,133.33333333333115,0.0,335.63333333334174,0.0,,,,56.4822695035461,42.0,126.0,423.0,11.4,6.0,37.0,80.0,33.42857142857143,38,Friday,False,7
kiwi,2026-07-11,994.5999999999985,80.23333333333281,89.69999999999867,0.0,275.4666666666735,0.0,,,,50.61371841155235,42.0,94.0,554.0,10.786516853932584,5.0,37.0,89.0,33.333333333333336,34,Saturday,True,7
kiwi,2026-07-12,773.116666666662,127.76666666666408,171.98333333333568,0.0,367.1333333333416,0.0,,,,53.335740072202164,42.0,94.0,277.0,15.044444444444444,5.0,37.0,45.0,32.166666666666664,34,Sunday,True,7
kiwi,2026-07-13,901.8499999999993,100.2999999999985,124.36666666666409,0.0,313.4833333333413,0.0,,,,54.07471264367816,42.0,102.0,348.0,12.6,6.0,37.0,65.0,35.1,37,Monday,False,7
kiwi,2026-07-14,895.2833333333319,108.03333333333178,128.96666666666368,0.0,307.7166666666752,0.0,,,,56.14760147601476,42.0,126.0,542.0,9.86111111111111,6.0,31.0,72.0,32.875,37,Tuesday,False,7
kiwi,2026-07-15,839.0833333333333,103.59999999999819,147.88333333333244,0.0,349.4333333333418,0.0,,,,53.64921465968586,42.0,80.0,382.0,9.327868852459016,6.0,20.0,61.0,33.08695652173913,39,Wednesday,False,7
kiwi,2026-07-16,859.1833333333326,106.94999999999818,133.8666666666644,0.0,340.0000000000095,0.0,,,,54.26347305389221,42.0,84.0,334.0,11.0,6.0,35.0,69.0,32.608695652173914,36,Thursday,False,7
kiwi,2026-07-17,885.5833333333323,118.53333333333129,132.44999999999735,0.0,303.4333333333425,0.0,,,,54.1,42.0,88.0,520.0,9.837837837837839,6.0,25.0,74.0,34.5,39,Friday,False,7
kiwi,2026-07-18,988.3833333333315,84.56666666666572,96.58333333333151,0.0,270.4666666666732,0.0,,,,53.19661733615222,42.0,110.0,473.0,8.8875,6.0,31.0,80.0,34.8,38,Saturday,True,7
kiwi,2026-07-19,862.8166666666646,91.09999999999876,117.9833333333309,0.0,368.10000000000764,0.0,,,,51.83157894736842,42.0,94.0,380.0,12.333333333333334,6.0,31.0,75.0,32.166666666666664,36,Sunday,True,7
kiwi,2026-07-20,968.0499999999978,89.76666666666566,105.26666666666475,0.0,276.9166666666737,0.0,,,,53.55601659751037,42.0,84.0,482.0,9.688888888888888,6.0,20.0,90.0,33.0,37,Monday,False,7
kiwi,2026-07-21,883.0499999999962,94.69999999999887,114.04999999999775,0.0,348.20000000000647,0.0,,,,52.61842105263158,42.0,92.0,456.0,11.638297872340425,6.0,35.0,94.0,34.57142857142857,36,Tuesday,False,7
kiwi,2026-07-22,825.15,114.89999999999779,140.3499999999989,0.0,359.60000000000855,0.0,,,,52.80213903743316,42.0,162.0,374.0,12.545454545454545,5.0,39.0,66.0,33.666666666666664,36,Wednesday,False,7
kiwi,2026-07-23,954.5166666666624,97.14999999999864,122.86666666666439,0.0,265.4666666666754,0.0,,,,56.997668997668995,42.0,128.0,429.0,13.532710280373832,6.0,39.0,107.0,34.0,37,Thursday,False,7
kiwi,2026-07-24,754.6499999999971,107.94999999999825,136.63333333333165,0.0,440.7666666666747,0.0,,,,59.81958762886598,42.0,102.0,388.0,15.217391304347826,8.0,53.0,115.0,33.166666666666664,34,Friday,False,7
kiwi,2026-07-25,717.3499999999993,31.55000000000006,36.51666666666668,0.0,654.5833333333321,0.0,,,,55.50970873786408,42.0,84.0,412.0,14.065573770491802,6.0,46.0,61.0,32.0,32,Saturday,True,7
kiwi,2026-07-28,35.91666666666667,4.866666666666667,10.216666666666672,102.15,1286.8499999999904,0.0,,,,58.80769230769231,46.0,74.0,52.0,14.842105263157896,12.0,18.0,19.0,45.642857142857146,56,Tuesday,False,7
kiwi,2026-07-29,824.4166666666673,105.96666666666528,140.9333333333316,0.0,368.6833333333416,0.0,,,,55.011070110701105,42.0,100.0,542.0,17.778947368421054,6.0,75.0,95.0,34.266666666666666,36,Wednesday,False,7
kiwi,2026-07-30,977.5333333333317,93.18333333333231,108.3333333333313,0.0,260.95000000000715,0.0,,,,54.28440366972477,42.0,84.0,436.0,10.767123287671232,6.0,62.0,73.0,35.2,36,Thursday,False,7
kiwi,2026-07-31,1015.2666666666644,72.7166666666663,95.06666666666511,0.0,256.95000000000675,0.0,,,,55.06481481481482,42.0,138.0,432.0,17.144736842105264,6.0,62.0,76.0,37.5,40,Friday,False,7
kiwi,2026-08-01,941.849999999998,87.58333333333225,114.4166666666643,0.0,296.1500000000078,0.0,,,,49.958847736625515,42.0,104.0,486.0,17.717391304347824,6.0,93.0,92.0,39.23076923076923,42,Saturday,True,8
kiwi,2026-08-02,874.2999999999998,110.83333333333148,133.61666666666403,0.0,321.25000000000944,0.0,,,,51.596825396825395,42.0,100.0,630.0,11.149122807017545,6.0,35.0,114.0,37.666666666666664,40,Sunday,True,8
kiwi,2026-08-03,827.1999999999986,120.38333333333102,139.3666666666653,0.0,353.05000000000894,0.0,,,,50.65094339622642,42.0,84.0,424.0,10.042553191489361,6.0,34.0,94.0,33.857142857142854,38,Monday,False,8
kiwi,2026-08-04,860.0333333333327,123.3666666666643,136.7833333333316,0.0,319.8166666666739,0.0,,,,51.38677354709419,42.0,78.0,499.0,10.180722891566266,6.0,37.0,83.0,32.888888888888886,37,Tuesday,False,8
kiwi,2026-08-05,888.3666666666663,127.33333333333076,130.41666666666376,0.0,293.8833333333417,0.0,,,,59.256470588235295,42.0,108.0,425.0,11.852941176470589,6.0,46.0,68.0,33.214285714285715,37,Wednesday,False,8
kiwi,2026-08-06,797.6666666666655,140.14999999999856,156.99999999999986,0.0,345.1833333333424,0.0,,,,53.566160520607376,42.0,88.0,461.0,12.274725274725276,6.0,62.0,91.0,33.23809523809524,37,Thursday,False,8
kiwi,2026-08-07,855.5999999999989,130.01666666666443,141.3333333333312,0.0,313.05000000000916,0.0,,,,54.675392670157066,42.0,84.0,382.0,15.821428571428571,6.0,46.0,84.0,32.0,35,Friday,False,8
kiwi,2026-08-08,710.749999999999,83.73333333333248,96.366666666665,0.0,549.1499999999996,0.0,,,,53.9136690647482,42.0,94.0,139.0,16.2972972972973,8.0,50.0,37.0,43.404761904761905,48,Saturday,True,8
kiwi,2026-08-09,957.9166666666633,91.43333333333207,108.8499999999978,0.0,281.80000000000757,0.0,,,,51.85079365079365,42.0,76.0,630.0,14.25,6.0,53.0,104.0,33.2,36,Sunday,True,8
kiwi,2026-08-10,891.6833333333311,97.96666666666513,121.6833333333306,0.0,328.6666666666749,0.0,,,,51.578512396694215,42.0,84.0,484.0,15.083333333333334,5.0,46.0,96.0,32.025,38,Monday,False,8
kiwi,2026-08-11,785.000000000001,122.6166666666646,146.8499999999986,0.0,385.53333333334325,0.0,,,,58.08993576017131,42.0,134.0,467.0,22.87142857142857,6.0,62.0,70.0,33.0,34,Tuesday,False,8
kiwi,2026-08-12,907.666666666665,110.51666666666489,135.61666666666486,0.0,286.2000000000075,0.0,,,,53.72463768115942,42.0,84.0,552.0,16.06578947368421,6.0,62.0,76.0,34.67857142857143,37,Wednesday,False,8
kiwi,2026-08-13,844.699999999998,134.59999999999812,141.31666666666538,0.0,319.3833333333419,0.0,,,,53.33513513513513,42.0,150.0,370.0,21.64864864864865,6.0,62.0,74.0,35.53846153846154,39,Thursday,False,8
kiwi,2026-08-14,875.9666666666643,99.53333333333197,116.94999999999754,0.0,347.55000000000626,0.0,,,,55.821917808219176,42.0,134.0,584.0,33.06611570247934,6.0,93.0,121.0,33.6,37,Friday,False,8
kiwi,2026-08-15,826.0333333333307,108.51666666666488,135.9166666666646,0.0,369.5333333333419,0.0,,,,53.31543624161074,42.0,98.0,447.0,8.720430107526882,6.0,19.0,93.0,31.147058823529413,33,Saturday,True,8
kiwi,2026-08-16,932.6166666666636,105.68333333333179,114.54999999999758,0.0,287.1500000000076,0.0,,,,51.93019726858877,42.0,100.0,659.0,13.15748031496063,6.0,46.0,127.0,32.4,35,Sunday,True,8
kiwi,2026-08-17,865.3999999999985,128.0499999999976,136.41666666666472,0.0,310.1333333333434,0.0,,,,49.34710743801653,42.0,92.0,484.0,10.184615384615384,6.0,25.0,65.0,34.4375,39,Monday,False,8
kiwi,2026-08-18,830.6999999999974,122.26666666666465,141.56666666666484,0.0,345.4666666666739,0.0,,,,51.371428571428574,42.0,146.0,420.0,18.704545454545453,6.0,53.0,88.0,34.95161290322581,39,Tuesday,False,8
kiwi,2026-08-19,910.1499999999986,119.5833333333312,128.09999999999735,0.0,282.16666666667345,0.0,,,,53.56190476190476,42.0,120.0,420.0,22.483870967741936,6.0,93.0,93.0,34.72222222222222,38,Wednesday,False,8
kiwi,2026-08-20,836.466666666665,135.54999999999794,150.5333333333324,0.0,317.4500000000092,0.0,,,,51.6,42.0,78.0,430.0,12.126760563380282,6.0,35.0,71.0,32.16,36,Thursday,False,8
kiwi,2026-08-21,863.266666666666,122.34999999999764,141.28333333333225,0.0,313.10000000000775,0.0,,,,53.473267326732675,42.0,90.0,505.0,14.164948453608247,6.0,62.0,97.0,32.31578947368421,37,Friday,False,8
kiwi,2026-08-22,951.9333333333309,118.53333333333151,121.08333333333077,0.0,248.45000000000638,0.0,,,,50.55601659751037,42.0,104.0,482.0,11.11111111111111,6.0,50.0,72.0,32.266666666666666,37,Saturday,True,8
kiwi,2026-08-23,921.133333333331,115.23333333333137,129.9166666666641,0.0,273.7166666666744,0.0,,,,53.182432432432435,42.0,98.0,592.0,15.191919191919192,5.0,93.0,99.0,32.078947368421055,37,Sunday,True,8
kiwi,2026-08-24,859.1499999999978,122.51666666666443,128.43333333333064,0.0,329.90000000000754,0.0,,,,54.05524861878453,42.0,86.0,724.0,9.931623931623932,6.0,25.0,117.0,33.09756097560975,40,Monday,False,8
kiwi,2026-08-25,836.9333333333318,143.466666666666,147.91666666666632,0.0,311.6833333333411,0.0,,,,51.797570850202426,42.0,92.0,494.0,11.912280701754385,6.0,46.0,114.0,34.625,38,Tuesday,False,8
kiwi,2026-08-26,816.166666666667,140.54999999999822,164.1000000000007,0.0,319.1833333333426,0.0,,,,53.607142857142854,42.0,84.0,448.0,9.828125,6.0,28.0,64.0,32.07142857142857,38,Wednesday,False,8
kiwi,2026-08-27,814.7499999999989,117.71666666666447,145.76666666666583,0.0,361.7666666666736,0.0,,,,58.20817843866171,42.0,84.0,538.0,8.864583333333334,6.0,19.0,96.0,31.428571428571427,38,Thursday,False,8
kiwi,2026-08-28,800.6500000000007,166.65000000000012,156.9166666666656,0.0,315.783333333343,0.0,,,,53.46473029045643,42.0,122.0,482.0,8.758064516129032,5.0,19.0,62.0,31.066666666666666,37,Friday,False,8
kiwi,2026-08-29,884.1166666666628,135.71666666666468,134.0833333333309,0.0,286.0833333333412,0.0,,,,54.11764705882353,42.0,104.0,663.0,8.642857142857142,6.0,20.0,98.0,34.63157894736842,41,Saturday,True,8
kiwi,2026-08-30,902.4999999999964,143.3499999999988,139.5833333333315,0.0,254.56666666667462,0.0,,,,52.97596153846154,42.0,82.0,416.0,10.012987012987013,6.0,30.0,77.0,37.70967741935484,44,Sunday,True,8
kiwi,2026-08-31,809.2333333333308,142.51666666666577,141.14999999999887,0.0,347.1000000000074,0.0,,,,52.55958549222798,42.0,86.0,386.0,8.512195121951219,6.0,17.0,82.0,32.875,37,Monday,False,8
kiwi,2026-09-01,966.2333333333312,105.98333333333164,116.69999999999783,0.0,251.08333333334042,0.0,,,,51.43921568627451,42.0,84.0,510.0,10.875,6.0,27.0,72.0,31.875,35,Tuesday,False,9
kiwi,2026-09-02,894.2666666666657,119.43333333333118,127.58333333333044,0.0,298.7166666666751,0.0,,,,49.89858012170385,42.0,78.0,493.0,10.80952380952381,6.0,39.0,84.0,32.72222222222222,37,Wednesday,False,9
kiwi,2026-09-03,719.4500000000003,83.81666666666575,88.34999999999857,30.066666666666666,518.3166666666667,0.0,,,,50.56657223796034,42.0,90.0,353.0,15.236842105263158,6.0,53.0,76.0,41.865671641791046,52,Thursday,False,9
kiwi,2026-09-04,967.7833333333319,99.59999999999847,118.41666666666428,0.0,254.20000000000863,0.0,,,,51.365289256198345,42.0,102.0,605.0,11.916666666666666,5.0,41.0,120.0,34.8235294117647,38,Friday,False,9
kiwi,2026-09-05,999.5333333333311,94.64999999999878,103.96666666666476,0.0,241.8500000000059,0.0,,,,53.22960151802656,42.0,92.0,527.0,15.49367088607595,5.0,53.0,79.0,38.68674698795181,44,Saturday,True,9
kiwi,2026-09-06,895.8666666666649,121.96666666666444,135.51666666666478,0.0,286.6500000000089,0.0,,,,55.06432748538012,42.0,92.0,342.0,12.160714285714286,7.0,50.0,56.0,36.91891891891892,42,Sunday,True,9
kiwi,2026-09-07,889.7333333333303,128.83333333333127,128.8333333333305,0.0,292.6000000000063,0.0,,,,50.60504201680672,42.0,80.0,357.0,12.35,6.0,35.0,80.0,35.326530612244895,38,Monday,False,9
kiwi,2026-09-08,859.0166666666627,117.84999999999772,144.6999999999984,0.0,318.433333333342,0.0,,,,56.814414414414415,42.0,106.0,555.0,13.626016260162602,6.0,46.0,123.0,32.80769230769231,36,Tuesday,False,9
kiwi,2026-09-09,830.366666666663,113.83333333333171,132.83333333333084,0.0,362.96666666667477,0.0,,,,57.764309764309765,42.0,90.0,297.0,10.675,6.0,37.0,40.0,30.915254237288135,40,Wednesday,False,9
kiwi,2026-09-10,773.3999999999969,133.7333333333315,150.16666666666546,0.0,382.7000000000083,0.0,,,,52.35885167464115,42.0,100.0,418.0,9.892857142857142,6.0,32.0,56.0,35.258426966292134,44,Thursday,False,9
plum,2026-02-22,249.18333333333337,4.4666666666666615,7.633333333333324,0.0,1178.7166666666608,0.0,6.0,1.0,6.0,60.0,51.0,80.0,7.0,8.658823529411764,8.0,10.0,85.0,23.5,28,Sunday,True,2
plum,2026-02-23,922.9166666666641,44.39999999999974,107.88333333333149,0.0,364.80000000000757,0.0,45.0,8.0,18.0,57.54545454545455,51.0,72.0,11.0,7.487903225806452,6.0,11.0,248.0,22.53846153846154,28,Monday,False,2
plum,2026-02-24,916.6333333333304,44.21666666666641,108.76666666666488,0.0,370.38333333334094,0.0,37.0,8.0,12.0,54.61538461538461,50.0,65.0,13.0,7.836575875486381,5.0,10.0,257.0,24.25,32,Tuesday,False,2
plum,2026-02-25,1022.3166666666648,29.95000000000013,67.71666666666626,0.0,320.01666666667165,0.0,32.0,6.0,15.0,59.16129032258065,51.0,92.0,31.0,8.11744966442953,6.0,16.0,298.0,23.625,32,Wednesday,False,2
plum,2026-02-26,908.5499999999946,48.79999999999972,106.84999999999802,0.0,375.8000000000075,0.0,69.0,8.0,51.0,60.375,51.0,76.0,8.0,8.115384615384615,6.0,13.0,286.0,26.095238095238095,30,Thursday,False,2
plum,2026-02-27,1016.5666666666655,36.466666666666676,82.699999999999,0.0,304.26666666667177,0.0,30.0,8.0,12.0,56.95652173913044,51.0,77.0,23.0,7.963815789473684,6.0,13.0,304.0,19.555555555555557,34,Friday,False,2
plum,2026-02-28,874.7333333333298,45.0499999999998,100.79999999999814,0.26666666666666666,419.15000000000913,0.0,62.0,12.0,20.0,55.57142857142857,51.0,67.0,14.0,8.168067226890756,6.0,12.0,238.0,31.8125,44,Saturday,True,2
plum,2026-03-01,422.8166666666662,43.8333333333331,108.91666666666481,86.86666666666667,777.5666666666368,0.0,100.0,10.0,26.0,54.05,51.0,62.0,20.0,8.5625,7.0,11.0,128.0,20.842105263157894,42,Sunday,True,3
plum,2026-03-02,880.73333333333,43.43333333333308,118.36666666666446,0.0,397.4666666666737,0.0,24.0,5.0,14.0,60.22727272727273,51.0,96.0,22.0,8.464150943396227,6.0,13.0,265.0,23.875,36,Monday,False,3
plum,2026-03-03,819.7166666666662,45.349999999999746,125.24999999999754,0.0,449.68333333334243,0.0,40.0,8.0,12.0,60.89473684210526,51.0,80.0,19.0,8.295774647887324,6.0,17.0,284.0,19.36842105263158,26,Tuesday,False,3
plum,2026-03-04,787.2833333333327,59.899999999999324,147.29999999999924,0.0,445.5166666666747,0.0,51.0,12.0,21.0,59.30769230769231,52.0,101.0,26.0,8.509803921568627,6.0,12.0,255.0,19.272727272727273,34,Wednesday,False,3
plum,2026-03-05,989.88333333333,47.93333333333306,100.54999999999826,0.0,301.6333333333388,0.0,46.0,10.0,11.0,64.85365853658537,51.0,121.0,41.0,8.205882352941176,6.0,12.0,306.0,24.214285714285715,33,Thursday,False,3
plum,2026-03-06,971.2333333333316,38.34999999999987,105.14999999999833,0.0,325.2666666666719,0.0,67.0,6.0,54.0,57.04347826086956,51.0,70.0,23.0,8.722063037249283,6.0,15.0,349.0,21.7,30,Friday,False,3
plum,2026-03-07,949.9333333333308,45.51666666666635,106.08333333333151,0.0,338.46666666667375,0.0,19.0,6.0,8.0,61.24,51.0,107.0,25.0,8.342465753424657,6.0,13.0,292.0,16.38095238095238,32,Saturday,True,3
plum,2026-03-08,1025.0833333333298,33.16666666666674,92.71666666666543,0.0,289.0333333333393,0.0,54.0,8.0,23.0,56.645161290322584,51.0,84.0,31.0,8.039634146341463,5.0,15.0,328.0,20.285714285714285,32,Sunday,True,3
plum,2026-03-09,1015.9833333333294,38.249999999999865,92.21666666666549,0.0,293.5500000000059,0.0,66.0,9.0,41.0,62.541666666666664,51.0,121.0,24.0,8.569277108433734,6.0,14.0,332.0,21.3,33,Monday,False,3
plum,2026-03-10,912.7999999999968,48.21666666666624,117.64999999999769,0.0,361.33333333333957,0.0,18.0,5.0,7.0,56.72093023255814,51.0,92.0,43.0,8.232026143790849,6.0,16.0,306.0,20.5,32,Tuesday,False,3
plum,2026-03-11,975.0333333333293,46.26666666666634,105.94999999999834,0.0,312.75000000000637,0.0,119.0,7.0,62.0,74.32,52.0,130.0,25.0,8.417808219178083,6.0,16.0,292.0,24.8,27,Wednesday,False,3
plum,2026-03-12,961.9833333333295,43.84999999999973,109.84999999999805,0.0,324.31666666667303,0.0,42.0,5.0,37.0,58.5,51.0,92.0,20.0,8.214574898785425,6.0,26.0,247.0,24.6,30,Thursday,False,3
plum,2026-03-13,1008.9499999999969,46.99999999999975,96.76666666666516,0.0,287.28333333333813,0.0,56.0,5.0,30.0,66.33333333333333,52.0,107.0,27.0,9.596153846153847,7.0,23.0,260.0,41.166666666666664,51,Friday,False,3
plum,2026-03-14,891.7833333333316,47.49999999999965,113.38333333333125,0.0,387.3333333333402,0.0,75.0,6.0,38.0,67.95454545454545,51.0,107.0,22.0,8.435087719298245,6.0,16.0,285.0,21.0,31,Saturday,True,3
plum,2026-03-15,1065.0333333333326,36.566666666666656,77.48333333333235,0.0,260.9166666666717,0.0,53.0,3.0,37.0,55.8125,52.0,67.0,16.0,8.606741573033707,6.0,15.0,356.0,22.0,32,Sunday,True,3
plum,2026-03-16,957.08333333333,38.9833333333332,98.23333333333163,0.0,345.70000000000687,0.0,47.0,7.0,12.0,56.2,51.0,63.0,10.0,8.13265306122449,6.0,13.0,294.0,24.2,33,Monday,False,3
plum,2026-03-17,996.6999999999979,34.63333333333332,90.73333333333208,0.0,317.9333333333389,0.0,47.0,7.0,30.0,68.88,52.0,107.0,25.0,9.423728813559322,6.0,22.0,295.0,28.0,29,Tuesday,False,3
plum,2026-03-18,857.349999999999,54.89999999999948,121.18333333333088,0.0,406.5666666666748,0.0,56.0,9.0,21.0,77.25,51.0,101.0,44.0,9.1890756302521,6.0,20.0,238.0,24.38888888888889,29,Wednesday,False,3
plum,2026-03-19,296.81666666666666,2.0500000000000003,2.566666666666665,0.03333333333333333,1138.5333333333333,0.0,,,,55.857142857142854,52.0,72.0,7.0,8.414634146341463,6.0,10.0,82.0,31.666666666666668,39,Thursday,False,3
plum,2026-03-20,323.74999999999966,35.35000000000001,96.33333333333188,0.0,984.5666666666318,0.0,22.0,6.0,10.0,58.95,51.0,84.0,20.0,9.116279069767442,7.0,13.0,86.0,25.6875,44,Friday,False,3
plum,2026-03-21,1022.5166666666638,40.31666666666652,93.06666666666547,0.0,284.10000000000554,0.0,34.0,6.0,24.0,58.578947368421055,51.0,96.0,38.0,8.243589743589743,6.0,12.0,312.0,22.0,29,Saturday,True,3
plum,2026-03-22,1033.0499999999984,33.783333333333424,85.88333333333223,0.0,287.0833333333387,0.2,19.0,8.0,6.0,58.71875,51.0,84.0,32.0,8.741379310344827,6.0,13.0,290.0,23.571428571428573,33,Sunday,True,3
plum,2026-03-23,825.3999999999977,62.38333333333265,131.44999999999752,0.0,418.8833333333414,1.8833333333333335,13.0,7.0,4.0,59.111111111111114,51.0,75.0,9.0,8.652173913043478,6.0,32.0,184.0,20.457142857142856,30,Monday,False,3
plum,2026-03-24,977.4166666666654,42.999999999999694,98.59999999999823,0.0,317.50000000000557,3.4833333333333325,29.0,6.0,8.0,69.22448979591837,51.0,101.0,49.0,10.433476394849786,7.0,19.0,233.0,26.11111111111111,33,Tuesday,False,3
plum,2026-03-25,1023.2833333333323,36.549999999999955,89.53333333333224,0.0,288.5833333333393,2.05,4.0,3.0,2.0,61.21052631578947,51.0,107.0,19.0,8.93498452012384,6.0,15.0,323.0,26.666666666666668,30,Wednesday,False,3
plum,2026-03-26,910.9666666666635,45.53333333333309,103.73333333333169,0.0,377.95000000000783,1.8166666666666669,58.0,10.0,28.0,67.36363636363636,51.0,101.0,33.0,9.076,6.0,18.0,250.0,18.77777777777778,35,Thursday,False,3
plum,2026-03-27,875.2166666666642,46.866666666666404,115.33333333333134,0.0,401.40000000000686,1.1833333333333333,4.0,4.0,1.0,62.025,52.0,96.0,40.0,8.864150943396226,6.0,14.0,265.0,19.511111111111113,28,Friday,False,3
plum,2026-03-28,893.7499999999975,39.7666666666665,102.04999999999833,0.0,404.3000000000058,0.13333333333333333,48.0,5.0,16.0,72.54716981132076,51.0,107.0,53.0,9.966101694915254,7.0,19.0,236.0,17.238095238095237,22,Saturday,True,3
plum,2026-03-29,811.4499999999974,49.61666666666645,116.11666666666454,0.0,462.81666666667365,0.0,29.0,7.0,8.0,61.84615384615385,51.0,107.0,26.0,8.85,6.0,12.0,240.0,14.04,19,Sunday,True,3
plum,2026-03-30,848.7999999999968,50.08333333333295,116.21666666666432,0.0,424.9000000000082,0.0,39.0,6.0,16.0,65.61111111111111,51.0,114.0,36.0,9.132352941176471,6.0,35.0,204.0,25.0,28,Monday,False,3
plum,2026-03-31,853.7166666666628,59.149999999999515,124.73333333333113,0.0,402.4000000000065,0.0,42.0,7.0,25.0,72.19444444444444,51.0,114.0,36.0,10.253164556962025,7.0,18.0,158.0,19.09090909090909,34,Tuesday,False,3
plum,2026-04-01,897.7666666666631,55.1666666666663,114.93333333333139,0.0,372.13333333333856,0.0,53.0,11.0,35.0,59.21621621621622,51.0,96.0,37.0,8.809128630705395,6.0,18.0,241.0,21.9375,27,Wednesday,False,4
plum,2026-04-02,884.1833333333304,42.71666666666645,98.26666666666515,0.0,414.76666666667325,0.06666666666666667,89.0,10.0,32.0,58.708333333333336,51.0,88.0,48.0,8.813432835820896,6.0,16.0,268.0,20.529411764705884,33,Thursday,False,4
plum,2026-04-03,980.0166666666642,49.399999999999665,101.69999999999831,0.0,308.63333333333736,0.25,25.0,3.0,22.0,58.698113207547166,51.0,101.0,53.0,8.570342205323193,6.0,14.0,263.0,26.0,32,Friday,False,4
plum,2026-04-04,912.0333333333308,48.616666666666305,105.46666666666488,0.0,373.2500000000049,0.6333333333333333,13.0,6.0,5.0,60.146341463414636,51.0,92.0,41.0,8.619047619047619,6.0,17.0,252.0,23.2,29,Saturday,True,4
plum,2026-04-05,845.6833333333275,59.89999999999938,126.26666666666401,5.05,402.9166666666746,0.18333333333333335,6.0,3.0,4.0,61.17857142857143,51.0,84.0,28.0,8.424390243902439,6.0,16.0,205.0,29.264705882352942,45,Sunday,True,4
plum,2026-04-06,577.1166666666674,55.083333333332796,122.59999999999745,90.04999999999998,595.0500000000013,0.1,28.0,6.0,14.0,70.5,54.0,101.0,8.0,10.916666666666666,10.0,14.0,60.0,23.80952380952381,30,Monday,False,4
plum,2026-04-07,822.1333333333295,66.6333333333325,147.56666666666587,0.0,403.53333333334217,0.13333333333333333,30.0,8.0,18.0,66.51851851851852,51.0,101.0,27.0,8.974468085106382,6.0,14.0,235.0,22.571428571428573,34,Tuesday,False,4
plum,2026-04-08,800.8166666666617,63.99999999999923,149.0999999999994,0.0,425.73333333334205,0.35,11.0,4.0,5.0,66.04,51.0,114.0,25.0,8.528384279475983,6.0,15.0,229.0,19.6,28,Wednesday,False,4
plum,2026-04-09,886.6999999999977,54.466666666666214,117.49999999999785,0.0,381.11666666667287,0.21666666666666667,31.0,6.0,15.0,61.8421052631579,51.0,151.0,38.0,9.463414634146341,6.0,19.0,205.0,26.61111111111111,33,Thursday,False,4
plum,2026-04-10,1006.3499999999983,41.78333333333324,97.04999999999852,0.0,294.7166666666731,0.1,7.0,2.0,6.0,61.233333333333334,51.0,92.0,30.0,9.44620253164557,7.0,16.0,316.0,28.5,34,Friday,False,4
plum,2026-04-11,885.0999999999967,52.21666666666624,118.23333333333127,0.0,384.0166666666745,0.4333333333333333,23.0,5.0,13.0,61.90909090909091,51.0,114.0,22.0,8.63138686131387,6.0,12.0,274.0,22.59090909090909,29,Saturday,True,4
plum,2026-04-12,1047.166666666664,40.516666666666545,82.09999999999897,0.0,270.0333333333386,0.18333333333333335,8.0,2.0,7.0,61.12,51.0,101.0,25.0,9.51641791044776,7.0,18.0,335.0,23.75,37,Sunday,True,4
plum,2026-04-13,940.6166666666634,46.69999999999966,99.1499999999981,0.0,353.40000000000737,0.13333333333333333,10.0,6.0,3.0,59.9,52.0,101.0,20.0,8.59233449477352,6.0,20.0,287.0,21.25,37,Monday,False,4
plum,2026-04-14,917.2666666666631,63.51666666666606,122.21666666666408,0.0,336.88333333334043,0.11666666666666667,12.0,4.0,6.0,73.3953488372093,51.0,107.0,43.0,8.5546875,6.0,24.0,256.0,23.146341463414632,33,Tuesday,False,4
plum,2026-04-15,880.9833333333303,57.61666666666609,114.99999999999778,0.0,386.1833333333402,0.21666666666666667,13.0,6.0,5.0,64.57142857142857,52.0,96.0,28.0,8.897142857142857,6.0,19.0,175.0,27.413793103448278,30,Wednesday,False,4
plum,2026-04-16,864.0666666666635,44.18333333333314,117.43333333333125,0.0,413.9000000000069,0.4166666666666667,65.0,11.0,19.0,63.857142857142854,51.0,121.0,21.0,9.693950177935942,6.0,18.0,281.0,25.636363636363637,32,Thursday,False,4
plum,2026-04-17,987.8999999999985,41.1666666666666,92.54999999999865,0.0,318.3833333333386,0.0,6.0,4.0,3.0,65.0,51.0,92.0,27.0,9.099616858237548,6.0,17.0,261.0,28.38888888888889,31,Friday,False,4
plum,2026-04-18,967.5833333333316,42.99999999999983,94.5166666666651,0.0,334.43333333333874,0.4666666666666666,23.0,6.0,7.0,61.6,51.0,88.0,30.0,9.020746887966805,6.0,16.0,241.0,26.75,36,Saturday,True,4
plum,2026-04-19,799.533333333329,61.649999999999345,138.04999999999836,0.0,440.4333333333416,0.3333333333333333,19.0,4.0,13.0,70.45714285714286,51.0,107.0,35.0,9.681614349775785,7.0,16.0,223.0,27.185185185185187,30,Sunday,True,4
plum,2026-04-20,873.4166666666628,53.349999999999575,119.7166666666645,0.0,393.33333333333974,0.18333333333333335,53.0,7.0,45.0,60.96551724137931,51.0,107.0,29.0,9.79245283018868,7.0,20.0,212.0,26.03846153846154,32,Monday,False,4
plum,2026-04-21,890.5833333333302,45.666666666666345,106.09999999999805,0.0,397.41666666667254,0.23333333333333334,15.0,7.0,4.0,59.40909090909091,51.0,96.0,22.0,9.368231046931408,6.0,13.0,277.0,25.076923076923077,27,Tuesday,False,4
plum,2026-04-22,832.9999999999968,61.61666666666596,128.59999999999766,0.0,416.53333333333956,0.25,16.0,9.0,5.0,67.23809523809524,52.0,121.0,21.0,9.564971751412429,7.0,32.0,177.0,29.791666666666668,43,Wednesday,False,4
plum,2026-04-23,613.8833333333337,41.41666666666645,102.3333333333319,103.18333333333332,578.6500000000001,0.5333333333333333,14.0,6.0,5.0,71.6,51.0,101.0,15.0,12.4,9.0,26.0,40.0,24.84090909090909,35,Thursday,False,4
plum,2026-04-24,825.2999999999942,71.24999999999899,148.51666666666605,0.0,394.6833333333406,0.25,13.0,7.0,6.0,63.76470588235294,51.0,101.0,17.0,9.173387096774194,7.0,13.0,248.0,25.958333333333332,35,Friday,False,4
plum,2026-04-25,1063.2499999999975,42.73333333333312,91.58333333333192,0.0,242.26666666667037,0.16666666666666666,0.0,0.0,0.0,62.75,51.0,92.0,48.0,9.022151898734178,6.0,16.0,316.0,25.705882352941178,36,Saturday,True,4
plum,2026-04-26,1078.8499999999976,32.85000000000007,83.53333333333246,0.0,244.3833333333377,0.3833333333333333,1.0,1.0,1.0,56.64,51.0,101.0,25.0,9.057803468208093,6.0,21.0,346.0,28.0,31,Sunday,True,4
plum,2026-04-27,881.7999999999976,55.616666666666184,113.2333333333311,0.0,389.0666666666747,0.2833333333333333,18.0,8.0,10.0,58.964285714285715,51.0,84.0,28.0,8.584677419354838,6.0,18.0,248.0,26.625,33,Monday,False,4
plum,2026-04-28,969.9333333333304,43.66666666666646,100.29999999999829,0.0,325.58333333333917,0.5166666666666667,10.0,5.0,5.0,58.42857142857143,51.0,84.0,14.0,8.863468634686347,6.0,14.0,271.0,28.416666666666668,30,Tuesday,False,4
plum,2026-04-29,1000.1999999999978,48.98333333333296,118.783333333331,0.0,271.96666666667403,0.06666666666666667,1.0,1.0,1.0,62.44444444444444,51.0,84.0,18.0,9.323809523809524,7.0,13.0,315.0,23.428571428571427,33,Wednesday,False,4
plum,2026-04-30,972.1333333333301,52.016666666666154,105.3666666666649,0.0,310.066666666673,0.41666666666666663,3.0,2.0,2.0,60.208333333333336,51.0,84.0,24.0,8.507246376811594,6.0,21.0,276.0,30.0,31,Thursday,False,4
plum,2026-05-01,885.1333333333292,58.649999999999395,119.09999999999755,0.0,377.11666666667395,0.0,12.0,8.0,3.0,56.875,51.0,75.0,24.0,8.126984126984127,6.0,14.0,189.0,27.5,34,Friday,False,5
plum,2026-05-02,1011.9666666666648,43.2833333333331,102.54999999999812,0.0,281.9666666666728,0.23333333333333334,2.0,2.0,1.0,55.0,51.0,63.0,16.0,8.485795454545455,6.0,25.0,352.0,29.333333333333332,35,Saturday,True,5
plum,2026-05-03,1037.316666666666,43.849999999999724,93.26666666666532,0.0,265.2000000000053,0.3666666666666667,1.0,1.0,1.0,54.26315789473684,51.0,60.0,19.0,8.926470588235293,7.0,19.0,340.0,27.75,32,Sunday,True,5
plum,2026-05-04,859.1499999999972,60.89999999999928,128.63333333333063,0.0,391.1666666666739,0.15,7.0,4.0,3.0,61.391304347826086,51.0,107.0,23.0,8.97682119205298,6.0,13.0,302.0,25.0,34,Monday,False,5
plum,2026-05-05,975.3833333333308,55.46666666666623,107.69999999999827,0.0,301.2333333333393,0.21666666666666667,2.0,2.0,1.0,60.166666666666664,51.0,84.0,48.0,9.003194888178914,6.0,25.0,313.0,21.5,34,Tuesday,False,5
plum,2026-05-06,833.1999999999948,61.91666666666613,129.63333333333077,0.0,414.90000000000674,0.35,9.0,7.0,2.0,58.375,51.0,80.0,24.0,9.431372549019608,6.0,17.0,255.0,21.954545454545453,30,Wednesday,False,5
plum,2026-05-07,945.4333333333287,49.03333333333297,113.69999999999803,0.0,331.45000000000584,0.3833333333333333,9.0,5.0,3.0,56.76190476190476,51.0,67.0,21.0,8.85958904109589,6.0,15.0,292.0,22.75,27,Thursday,False,5
plum,2026-05-08,927.2333333333302,55.39999999999948,112.43333333333112,0.0,344.40000000000896,0.5333333333333333,10.0,5.0,4.0,55.85,51.0,77.0,20.0,8.842271293375394,6.0,13.0,317.0,21.0,33,Friday,False,5
plum,2026-05-09,912.8333333333317,48.08333333333293,122.549999999998,0.0,356.5000000000089,0.03333333333333333,1.0,1.0,1.0,55.76923076923077,51.0,63.0,13.0,8.353697749196142,6.0,13.0,311.0,27.75,33,Saturday,True,5
plum,2026-05-10,967.7666666666637,45.78333333333313,100.6999999999984,0.0,325.51666666667234,0.23333333333333334,5.0,2.0,4.0,58.24,51.0,96.0,25.0,8.675496688741722,6.0,14.0,302.0,23.0,31,Sunday,True,5
plum,2026-05-11,863.3666666666617,45.08333333333311,117.11666666666417,0.0,413.90000000000697,0.5333333333333333,4.0,3.0,2.0,83.421875,51.0,107.0,64.0,11.02373887240356,6.0,37.0,337.0,17.4,20,Monday,False,5
plum,2026-05-12,989.2666666666644,39.61666666666656,106.29999999999843,0.0,304.5833333333393,0.23333333333333334,1.0,1.0,1.0,56.32258064516129,51.0,63.0,31.0,9.283625730994151,6.0,16.0,342.0,31.823529411764707,44,Tuesday,False,5
plum,2026-05-13,258.7999999999995,46.666666666666494,90.24999999999886,0.18333333333333332,1043.7166666666344,0.3833333333333333,8.0,5.0,2.0,64.0,64.0,64.0,1.0,11.71111111111111,9.0,23.0,45.0,22.628205128205128,30,Wednesday,False,5
plum,2026-05-14,969.2666666666634,48.76666666666629,103.2833333333318,0.0,318.56666666667246,0.11666666666666667,9.0,3.0,7.0,57.55882352941177,51.0,121.0,34.0,8.78640776699029,6.0,18.0,309.0,28.666666666666668,34,Thursday,False,5
plum,2026-05-15,1001.2833333333308,42.04999999999984,92.18333333333219,0.0,303.95000000000505,0.5333333333333333,3.0,2.0,2.0,56.08571428571429,51.0,67.0,35.0,9.25,7.0,14.0,384.0,22.083333333333332,34,Friday,False,5
plum,2026-05-16,804.8499999999992,44.08333333333322,99.04999999999842,0.0,491.4500000000068,0.5666666666666667,2.0,2.0,1.0,60.75675675675676,51.0,92.0,37.0,8.839662447257384,7.0,26.0,237.0,21.714285714285715,28,Saturday,True,5
plum,2026-05-17,946.9999999999981,48.04999999999969,111.7999999999981,0.0,332.1833333333408,0.9666666666666668,2.0,2.0,1.0,56.142857142857146,51.0,90.0,42.0,9.157099697885196,6.0,32.0,331.0,29.0,33,Sunday,True,5
plum,2026-05-18,898.5499999999977,55.53333333333278,116.41666666666437,0.0,368.3833333333405,1.1166666666666667,1.0,1.0,1.0,61.18181818181818,52.0,92.0,33.0,9.32484076433121,6.0,23.0,314.0,30.25,32,Monday,False,5
plum,2026-05-19,808.3166666666656,49.34999999999972,120.23333333333085,0.0,461.1666666666743,0.9333333333333333,4.0,3.0,2.0,64.66666666666667,51.0,101.0,30.0,9.10548523206751,6.0,21.0,237.0,25.8,33,Tuesday,False,5
plum,2026-05-20,936.7666666666643,50.16666666666627,103.34999999999837,0.0,348.9666666666726,0.75,4.0,3.0,2.0,57.54838709677419,51.0,72.0,31.0,9.070631970260223,7.0,19.0,269.0,30.571428571428573,35,Wednesday,False,5
plum,2026-05-21,914.8666666666647,47.18333333333304,102.63333333333156,0.0,374.4500000000072,0.8666666666666666,8.0,6.0,3.0,59.724137931034484,51.0,107.0,29.0,9.506666666666666,6.0,16.0,300.0,25.5,33,Thursday,False,5
plum,2026-05-22,1031.166666666664,44.36666666666653,90.29999999999882,0.0,273.5666666666714,0.6,0.0,0.0,0.0,62.4,51.0,114.0,35.0,9.487465181058496,6.0,21.0,359.0,28.125,31,Friday,False,5
plum,2026-05-23,940.9333333333311,41.199999999999896,104.04999999999826,0.0,353.3500000000063,0.4666666666666666,3.0,2.0,2.0,58.76190476190476,51.0,84.0,21.0,9.038461538461538,6.0,15.0,312.0,28.8,30,Saturday,True,5
plum,2026-05-24,893.8666666666646,51.483333333332936,115.68333333333118,0.0,378.1666666666735,0.7999999999999999,3.0,3.0,1.0,60.75,51.0,96.0,20.0,9.417582417582418,6.0,22.0,273.0,27.9,31,Sunday,True,5
plum,2026-05-25,892.9999999999978,54.083333333332824,112.69999999999776,0.0,379.68333333333953,0.5333333333333333,2.0,1.0,2.0,63.0,51.0,101.0,34.0,9.395904436860068,6.0,22.0,293.0,30.444444444444443,38,Monday,False,5
plum,2026-05-26,908.1666666666621,60.08333333333279,118.88333333333088,0.0,352.38333333334054,0.4833333333333333,2.0,2.0,1.0,73.10909090909091,51.0,101.0,55.0,10.523076923076923,7.0,19.0,325.0,29.692307692307693,34,Tuesday,False,5
plum,2026-05-27,974.449999999998,46.1833333333331,99.18333333333176,0.0,319.7833333333389,0.4,6.0,4.0,3.0,74.23529411764706,51.0,92.0,68.0,11.094696969696969,7.0,32.0,264.0,31.166666666666668,33,Wednesday,False,5
plum,2026-05-28,977.733333333332,50.26666666666636,101.54999999999836,0.0,309.6666666666718,0.7833333333333333,4.0,4.0,1.0,67.23333333333333,51.0,96.0,30.0,9.597560975609756,7.0,35.0,246.0,31.7,44,Thursday,False,5
plum,2026-05-29,573.5333333333336,37.649999999999984,78.69999999999929,0.16666666666666666,749.9499999999758,0.0,4.0,3.0,2.0,73.26923076923077,52.0,101.0,26.0,13.344444444444445,10.0,30.0,180.0,30.43103448275862,46,Friday,False,5
plum,2026-05-30,1019.7833333333309,41.083333333333236,86.64999999999897,0.0,291.98333333333886,0.5,8.0,4.0,3.0,62.75,51.0,92.0,24.0,11.019774011299434,7.0,28.0,354.0,33.166666666666664,34,Saturday,True,5
plum,2026-05-31,919.1999999999956,47.26666666666635,111.29999999999804,0.0,362.1166666666734,0.11666666666666667,1.0,1.0,1.0,70.95,51.0,140.0,20.0,10.597122302158274,7.0,15.0,278.0,29.214285714285715,32,Sunday,True,5
plum,2026-06-01,940.5166666666647,51.99999999999965,110.96666666666476,0.0,336.31666666667275,0.2,4.0,4.0,1.0,65.86363636363636,51.0,92.0,22.0,9.619718309859154,7.0,18.0,213.0,31.0,34,Monday,False,6
plum,2026-06-02,840.8833333333299,56.83333333333285,123.89999999999779,0.0,418.38333333333975,0.0,3.0,3.0,1.0,81.61538461538461,51.0,107.0,52.0,11.901315789473685,6.0,39.0,304.0,27.75,36,Tuesday,False,6
plum,2026-06-03,953.049999999997,51.516666666666296,114.21666666666479,0.0,320.8500000000066,0.36666666666666664,0.0,0.0,0.0,72.15789473684211,52.0,101.0,38.0,10.36986301369863,7.0,22.0,219.0,29.916666666666668,36,Wednesday,False,6
plum,2026-06-04,897.4666666666639,43.03333333333322,107.16666666666484,0.0,392.10000000000707,0.23333333333333334,9.0,7.0,2.0,68.58333333333333,51.0,92.0,36.0,11.15916955017301,7.0,24.0,289.0,27.666666666666668,34,Thursday,False,6
plum,2026-06-05,942.299999999996,47.41666666666647,99.48333333333169,0.0,350.28333333333893,0.5166666666666666,1.0,1.0,1.0,65.42307692307692,51.0,84.0,26.0,11.065573770491802,7.0,21.0,244.0,28.625,30,Friday,False,6
plum,2026-06-06,993.5666666666647,36.383333333333326,89.46666666666523,0.0,320.0000000000067,0.5833333333333334,3.0,3.0,1.0,60.62162162162162,51.0,92.0,37.0,9.631410256410257,7.0,18.0,312.0,30.75,36,Saturday,True,6
plum,2026-06-07,1043.1666666666656,31.633333333333493,82.78333333333238,0.0,282.4166666666724,0.0,1.0,1.0,1.0,54.38095238095238,51.0,60.0,21.0,9.96242774566474,7.0,32.0,346.0,33.166666666666664,35,Sunday,True,6
plum,2026-06-08,969.8666666666634,44.99999999999978,97.99999999999854,0.0,326.91666666667084,0.21666666666666667,3.0,2.0,2.0,71.72222222222223,51.0,101.0,18.0,11.07741935483871,7.0,26.0,310.0,31.555555555555557,35,Monday,False,6
plum,2026-06-09,949.899999999999,39.71666666666662,98.63333333333188,0.0,351.216666666672,0.5333333333333333,3.0,3.0,1.0,57.2,51.0,84.0,15.0,10.00390625,7.0,19.0,256.0,28.666666666666668,34,Tuesday,False,6
plum,2026-06-10,926.7333333333312,44.59999999999988,102.11666666666501,0.0,366.40000000000674,0.15000000000000002,2.0,1.0,2.0,64.64285714285714,51.0,92.0,28.0,10.58753709198813,7.0,26.0,337.0,31.333333333333332,36,Wednesday,False,6
plum,2026-06-11,1004.7333333333313,36.833333333333336,86.36666666666564,0.0,311.6833333333386,0.3833333333333333,6.0,4.0,2.0,63.458333333333336,52.0,84.0,24.0,9.908011869436201,7.0,22.0,337.0,29.0,35,Thursday,False,6
plum,2026-06-12,991.2166666666648,42.81666666666647,87.44999999999885,0.0,318.2833333333384,0.23333333333333334,3.0,3.0,1.0,58.733333333333334,51.0,77.0,15.0,10.714285714285714,7.0,24.0,336.0,31.125,35,Friday,False,6
plum,2026-06-13,980.033333333332,43.88333333333319,91.9999999999986,0.0,323.83333333333894,0.25,1.0,1.0,1.0,57.642857142857146,51.0,75.0,14.0,9.885057471264368,7.0,26.0,261.0,30.916666666666668,36,Saturday,True,6
plum,2026-06-14,932.2833333333309,35.43333333333338,80.54999999999922,89.23333333333333,302.20000000000556,0.3,2.0,2.0,1.0,66.94736842105263,51.0,92.0,19.0,8.97508896797153,7.0,13.0,281.0,36.65384615384615,45,Sunday,True,6
plum,2026-06-15,933.5666666666631,54.68333333333289,115.0499999999978,0.0,336.666666666674,0.03333333333333333,1.0,1.0,1.0,59.714285714285715,50.0,92.0,21.0,9.644897959183673,7.0,27.0,245.0,27.6,31,Monday,False,6
plum,2026-06-16,949.5166666666631,39.51666666666655,97.2833333333317,0.0,353.41666666667265,0.26666666666666666,2.0,2.0,1.0,61.17391304347826,51.0,88.0,23.0,9.076628352490422,6.0,17.0,261.0,30.0,33,Tuesday,False,6
plum,2026-06-17,842.8333333333314,49.71666666666632,116.73333333333098,0.0,430.3166666666756,0.39999999999999997,4.0,3.0,2.0,60.57142857142857,51.0,92.0,21.0,9.74056603773585,6.0,15.0,212.0,31.0,33,Wednesday,False,6
plum,2026-06-18,1112.9166666666642,33.250000000000085,69.29999999999959,0.0,224.50000000000392,0.03333333333333333,0.0,0.0,0.0,59.708333333333336,52.0,101.0,24.0,10.25563909774436,7.0,15.0,266.0,27.5,29,Thursday,False,6
plum,2026-06-19,872.5833333333317,52.18333333333299,116.79999999999771,0.0,397.73333333334153,0.7,1.0,1.0,1.0,57.333333333333336,51.0,70.0,21.0,10.474509803921569,7.0,35.0,255.0,29.0,32,Friday,False,6
plum,2026-06-20,1036.1333333333316,44.016666666666424,86.53333333333227,0.0,273.06666666667104,0.25,2.0,2.0,1.0,57.6,51.0,72.0,25.0,9.301169590643275,6.0,27.0,342.0,27.5,32,Saturday,True,6
plum,2026-06-21,922.2166666666652,54.83333333333299,114.89999999999796,0.0,347.7666666666731,0.2833333333333333,1.0,1.0,1.0,57.63636363636363,52.0,65.0,11.0,10.118143459915611,7.0,16.0,237.0,32.53846153846154,35,Sunday,True,6
plum,2026-06-22,980.9499999999979,46.64999999999981,103.81666666666499,0.0,308.35000000000525,0.23333333333333334,0.0,0.0,0.0,60.642857142857146,51.0,84.0,28.0,10.248962655601659,7.0,21.0,241.0,30.0,32,Monday,False,6
plum,2026-06-23,1013.1499999999972,41.89999999999994,93.99999999999872,0.0,290.5000000000058,0.44999999999999996,2.0,2.0,1.0,64.14285714285714,51.0,90.0,21.0,11.38888888888889,7.0,39.0,234.0,32.2,35,Tuesday,False,6
plum,2026-06-24,903.616666666666,54.68333333333278,114.21666666666447,0.0,367.1000000000077,0.3833333333333333,3.0,3.0,1.0,76.38461538461539,51.0,151.0,26.0,10.106508875739644,7.0,21.0,169.0,32.391304347826086,35,Wednesday,False,6
plum,2026-06-25,867.1666666666645,54.916666666666195,120.08333333333091,0.0,397.3000000000065,0.5333333333333333,4.0,4.0,1.0,69.05,51.0,84.0,20.0,11.802690582959642,7.0,30.0,223.0,27.133333333333333,31,Thursday,False,6
plum,2026-06-26,976.2000000000003,43.66666666666652,91.86666666666518,0.0,327.6500000000055,0.6166666666666667,2.0,2.0,1.0,68.66666666666667,51.0,92.0,21.0,9.614583333333334,6.0,19.0,192.0,31.142857142857142,34,Friday,False,6
plum,2026-06-27,1080.1833333333313,41.849999999999895,81.68333333333224,0.0,235.60000000000383,0.6833333333333333,3.0,3.0,1.0,63.23076923076923,51.0,107.0,13.0,9.727642276422765,7.0,39.0,246.0,32.63636363636363,37,Saturday,True,6
plum,2026-06-28,867.7499999999962,55.81666666666623,121.11666666666427,0.0,395.10000000000747,0.21666666666666667,3.0,3.0,1.0,73.67647058823529,51.0,99.0,34.0,11.787985865724382,7.0,33.0,283.0,30.857142857142858,34,Sunday,True,6
plum,2026-06-29,948.6833333333326,46.74999999999982,94.69999999999851,0.0,349.28333333333904,0.5833333333333334,1.0,1.0,1.0,69.25,51.0,96.0,28.0,10.748768472906404,7.0,30.0,203.0,26.076923076923077,36,Monday,False,6
plum,2026-06-30,835.6333333333313,46.56666666666649,102.63333333333176,81.6,373.43333333333914,0.13333333333333333,3.0,3.0,1.0,58.77777777777778,52.0,88.0,18.0,9.93006993006993,8.0,27.0,143.0,33.872727272727275,45,Tuesday,False,6
plum,2026-07-01,912.3499999999981,45.43333333333321,85.44999999999905,78.81666666666666,317.900000000006,0.05,11.0,4.0,6.0,73.0,51.0,88.0,8.0,13.380952380952381,9.0,28.0,84.0,31.0,34,Wednesday,False,7
plum,2026-07-02,870.0499999999994,61.583333333332746,123.53333333333063,0.0,384.5166666666753,0.31666666666666665,13.0,4.0,10.0,59.1875,51.0,84.0,16.0,10.177514792899409,7.0,37.0,169.0,31.785714285714285,34,Thursday,False,7
plum,2026-07-03,993.8999999999992,44.649999999999814,94.68333333333193,0.0,306.41666666667174,0.35,1.0,1.0,1.0,66.88235294117646,51.0,88.0,17.0,10.942477876106194,7.0,25.0,226.0,31.0,34,Friday,False,7
plum,2026-07-04,1016.9666666666658,40.91666666666654,88.71666666666557,0.0,293.10000000000537,0.3,1.0,1.0,1.0,72.70967741935483,51.0,96.0,31.0,11.967213114754099,7.0,39.0,244.0,33.666666666666664,34,Saturday,True,7
plum,2026-07-05,945.4999999999986,54.86666666666635,103.68333333333152,0.0,335.8166666666731,0.13333333333333333,2.0,2.0,1.0,77.29032258064517,52.0,121.0,31.0,11.50207468879668,7.0,37.0,241.0,31.125,33,Sunday,True,7
plum,2026-07-06,967.3833333333295,52.116666666666376,109.99999999999832,0.0,310.0000000000058,0.49999999999999994,0.0,0.0,0.0,61.583333333333336,44.0,162.0,120.0,10.827906976744186,7.0,39.0,215.0,36.214285714285715,54,Monday,False,7
plum,2026-07-07,908.999999999997,49.983333333332986,105.5499999999982,0.0,375.41666666667356,0.05,1.0,1.0,1.0,62.995670995671,42.0,176.0,462.0,10.584821428571429,8.0,22.0,224.0,29.444444444444443,34,Tuesday,False,7
plum,2026-07-08,910.4499999999978,62.566666666666165,126.84999999999754,0.0,339.76666666667353,0.36666666666666664,1.0,1.0,1.0,66.04,42.0,170.0,300.0,12.011976047904191,8.0,31.0,167.0,33.5,36,Wednesday,False,7
plum,2026-07-09,1007.4166666666648,45.266666666666566,98.29999999999866,0.0,288.6666666666724,0.35,1.0,1.0,1.0,66.95890410958904,42.0,154.0,365.0,14.25925925925926,8.0,39.0,270.0,29.125,35,Thursday,False,7
plum,2026-07-10,884.8999999999991,50.866666666666355,110.93333333333132,0.0,393.2166666666749,0.08333333333333334,3.0,3.0,1.0,67.49122807017544,42.0,120.0,456.0,13.291479820627803,8.0,39.0,223.0,31.0,33,Friday,False,7
plum,2026-07-11,1015.3999999999982,35.53333333333334,78.41666666666575,0.0,309.56666666667167,1.0833333333333333,8.0,2.0,7.0,63.40821917808219,42.0,102.0,365.0,11.714876033057852,7.0,37.0,242.0,34.0,36,Saturday,True,7
plum,2026-07-12,844.8499999999945,64.01666666666594,139.91666666666563,0.0,391.2166666666729,0.0,3.0,3.0,1.0,63.3356890459364,42.0,100.0,283.0,12.303225806451612,7.0,39.0,155.0,31.166666666666668,34,Sunday,True,7
plum,2026-07-13,878.4333333333319,44.08333333333312,84.6166666666657,0.0,432.60000000000565,0.26666666666666666,1.0,1.0,1.0,64.78504672897196,42.0,136.0,428.0,11.782805429864254,7.0,24.0,221.0,28.9,33,Monday,False,7
plum,2026-07-14,893.0833333333323,55.54999999999972,119.08333333333125,0.0,371.9500000000081,0.3333333333333333,7.0,6.0,2.0,66.25078369905957,42.0,112.0,319.0,11.606796116504855,7.0,27.0,206.0,31.393939393939394,36,Tuesday,False,7
plum,2026-07-15,852.6166666666661,52.133333333332985,117.63333333333102,0.0,417.1333333333419,0.48333333333333334,2.0,2.0,1.0,63.60879120879121,44.0,96.0,455.0,11.821276595744681,7.0,32.0,235.0,29.375,32,Wednesday,False,7
plum,2026-07-16,886.5333333333317,52.96666666666618,116.28333333333113,0.0,384.03333333334075,0.18333333333333335,1.0,1.0,1.0,62.85321100917431,44.0,146.0,436.0,11.338983050847459,8.0,33.0,177.0,31.962962962962962,35,Thursday,False,7
plum,2026-07-17,918.583333333331,50.983333333333036,106.43333333333145,0.0,363.58333333333945,0.41666666666666663,9.0,2.0,8.0,64.50925925925925,42.0,104.0,432.0,11.584415584415584,8.0,39.0,154.0,29.5,34,Friday,False,7
plum,2026-07-18,450.43333333333385,25.833333333333446,55.166666666666536,0.0,908.3499999999779,0.21666666666666667,8.0,4.0,4.0,60.39846743295019,44.0,100.0,261.0,11.475609756097562,8.0,21.0,82.0,34.05194805194805,46,Saturday,True,7
plum,2026-07-19,916.7166666666624,47.14999999999968,98.83333333333168,0.0,377.2000000000064,0.1,1.0,1.0,1.0,63.96601941747573,42.0,148.0,412.0,11.264069264069263,7.0,23.0,231.0,31.363636363636363,36,Sunday,True,7
plum,2026-07-20,989.2166666666644,43.81666666666643,97.31666666666511,0.0,309.500000000005,0.15,2.0,1.0,2.0,67.48993288590604,44.0,108.0,447.0,12.761744966442953,8.0,32.0,298.0,31.0,33,Monday,False,7
plum,2026-07-21,901.5333333333307,42.533333333333296,102.83333333333188,0.0,392.700000000006,0.39999999999999997,7.0,4.0,3.0,69.93167701863354,42.0,174.0,322.0,13.105990783410139,7.0,27.0,217.0,34.285714285714285,35,Tuesday,False,7
plum,2026-07-22,872.8166666666647,59.94999999999944,121.38333333333091,0.0,385.60000000000747,0.25,2.0,2.0,1.0,64.93846153846154,42.0,146.0,390.0,13.635416666666666,8.0,30.0,192.0,34.03448275862069,36,Wednesday,False,7
plum,2026-07-23,1014.4166666666638,44.01666666666648,92.64999999999866,0.0,288.80000000000683,0.11666666666666667,1.0,1.0,1.0,72.5910290237467,44.0,110.0,379.0,16.43867924528302,8.0,39.0,212.0,32.0,34,Thursday,False,7
plum,2026-07-24,729.7999999999994,59.28333333333272,120.09999999999773,0.0,530.483333333343,0.33333333333333337,5.0,5.0,1.0,69.9375,42.0,124.0,256.0,15.460227272727273,9.0,35.0,176.0,32.297872340425535,60,Friday,False,7
plum,2026-07-25,1003.9499999999982,29.13333333333344,76.01666666666597,0.0,330.7833333333397,0.11666666666666667,5.0,3.0,3.0,65.27959697732997,42.0,112.0,397.0,11.859649122807017,7.0,26.0,285.0,30.25,37,Saturday,True,7
plum,2026-07-26,916.1333333333306,52.36666666666633,117.13333333333118,0.0,354.0333333333398,0.33333333333333337,4.0,3.0,2.0,64.75257731958763,46.0,94.0,388.0,11.274336283185841,7.0,21.0,226.0,30.526315789473685,33,Sunday,True,7
plum,2026-07-27,875.4833333333321,61.449999999999264,124.96666666666414,0.0,378.0000000000083,0.1,9.0,2.0,8.0,62.805280528052805,44.0,132.0,303.0,10.986486486486486,8.0,24.0,222.0,32.285714285714285,37,Monday,False,7
plum,2026-07-28,921.5333333333331,48.26666666666637,99.56666666666521,0.0,370.1333333333388,0.5,8.0,7.0,2.0,64.87632508833923,42.0,104.0,566.0,11.676190476190476,7.0,22.0,210.0,31.774193548387096,35,Tuesday,False,7
plum,2026-07-29,919.0333333333325,49.96666666666644,103.54999999999805,0.0,367.08333333333997,0.3666666666666667,3.0,3.0,1.0,67.93357933579335,48.0,144.0,271.0,15.116666666666667,8.0,70.0,180.0,32.42857142857143,35,Wednesday,False,7
plum,2026-07-30,1054.2333333333318,37.66666666666659,80.79999999999903,0.0,266.7833333333382,0.5166666666666667,5.0,5.0,1.0,63.483544303797466,44.0,92.0,395.0,12.913385826771654,7.0,33.0,254.0,32.5,33,Thursday,False,7
plum,2026-07-31,1097.033333333333,32.116666666666845,69.68333333333285,0.0,240.71666666667048,0.45,5.0,3.0,2.0,59.385365853658534,42.0,98.0,410.0,15.0,7.0,35.0,228.0,32.0,32,Friday,False,7
plum,2026-08-01,637.4499999999983,26.283333333333402,55.01666666666653,20.633333333333336,700.4833333333264,0.13333333333333333,7.0,4.0,4.0,60.65645514223195,42.0,134.0,457.0,12.366834170854272,8.0,33.0,199.0,35.15151515151515,47,Saturday,True,8
plum,2026-08-02,943.6166666666668,49.433333333332946,103.89999999999829,0.0,342.8500000000062,0.2,5.0,2.0,3.0,59.85981308411215,42.0,94.0,428.0,12.35,7.0,39.0,180.0,32.0,35,Sunday,True,8
plum,2026-08-03,880.1666666666648,53.96666666666615,114.39999999999777,0.0,391.31666666667445,0.15,3.0,3.0,1.0,61.51239669421488,44.0,118.0,484.0,11.205607476635514,8.0,26.0,214.0,29.23076923076923,33,Monday,False,8
plum,2026-08-04,951.2833333333326,43.3166666666665,98.7666666666651,0.0,346.5000000000072,0.13333333333333333,2.0,2.0,1.0,62.484725050916495,46.0,116.0,491.0,11.788321167883211,7.0,27.0,274.0,30.25,33,Tuesday,False,8
plum,2026-08-05,872.1166666666659,56.06666666666621,121.99999999999753,0.0,389.2500000000073,0.5666666666666667,4.0,3.0,2.0,66.84639498432603,42.0,108.0,319.0,14.466666666666667,8.0,41.0,225.0,31.05,35,Wednesday,False,8
plum,2026-08-06,847.8833333333318,55.7166666666662,121.49999999999758,0.0,414.4333333333403,0.4666666666666666,9.0,5.0,5.0,60.87898089171974,42.0,100.0,628.0,10.834745762711865,7.0,21.0,236.0,31.46153846153846,32,Thursday,False,8
plum,2026-08-07,883.7833333333315,54.31666666666637,118.63333333333104,0.0,383.0333333333409,0.23333333333333334,1.0,1.0,1.0,68.79826464208243,48.0,124.0,461.0,13.242424242424242,8.0,32.0,198.0,31.576923076923077,35,Friday,False,8
plum,2026-08-08,956.3333333333303,45.83333333333309,102.6166666666648,0.0,334.4166666666731,0.7999999999999999,2.0,2.0,1.0,69.79310344827586,44.0,136.0,377.0,12.513157894736842,8.0,31.0,228.0,31.846153846153847,35,Saturday,True,8
plum,2026-08-09,986.0499999999972,43.533333333333175,92.1499999999987,0.0,317.7000000000046,0.5666666666666667,6.0,5.0,2.0,65.91397849462365,46.0,126.0,558.0,14.231707317073171,8.0,39.0,246.0,30.846153846153847,33,Sunday,True,8
plum,2026-08-10,955.7166666666653,43.849999999999845,100.48333333333166,0.0,339.6000000000063,0.35,3.0,3.0,1.0,62.59447983014862,48.0,114.0,471.0,12.822510822510823,7.0,35.0,231.0,30.47826086956522,33,Monday,False,8
plum,2026-08-11,822.2999999999977,53.466666666666356,132.39999999999807,0.0,431.65000000000794,0.18333333333333335,7.0,6.0,2.0,64.79047619047618,46.0,114.0,420.0,14.025641025641026,7.0,55.0,195.0,33.166666666666664,38,Tuesday,False,8
plum,2026-08-12,950.6666666666653,46.84999999999972,109.74999999999811,0.0,332.3500000000056,0.3833333333333333,4.0,3.0,2.0,62.990059642147116,42.0,118.0,503.0,13.069620253164556,8.0,60.0,158.0,30.115384615384617,33,Wednesday,False,8
plum,2026-08-13,863.5333333333313,60.18333333333278,129.3166666666641,0.0,386.7500000000078,0.21666666666666667,4.0,4.0,1.0,63.91705069124424,42.0,134.0,434.0,15.374233128834355,8.0,60.0,163.0,31.52173913043478,35,Thursday,False,8
plum,2026-08-14,954.5999999999977,41.316666666666556,99.1499999999984,0.0,344.48333333333915,0.44999999999999996,3.0,3.0,1.0,70.25714285714285,48.0,140.0,350.0,18.579268292682926,9.0,70.0,164.0,32.26086956521739,34,Friday,False,8
plum,2026-08-15,880.8166666666646,49.3499999999996,117.06666666666449,0.0,392.5500000000076,0.21666666666666667,2.0,2.0,1.0,66.56987295825772,44.0,118.0,551.0,12.276450511945393,8.0,55.0,293.0,30.40740740740741,35,Saturday,True,8
plum,2026-08-16,983.3499999999981,41.68333333333328,100.49999999999856,0.0,314.13333333333924,0.33333333333333337,3.0,3.0,1.0,62.54585152838428,44.0,102.0,458.0,11.882882882882884,7.0,43.0,222.0,32.07692307692308,34,Sunday,True,8
plum,2026-08-17,921.799999999997,54.3333333333329,113.94999999999769,0.0,349.5166666666735,0.4,1.0,1.0,1.0,63.48439620081411,42.0,102.0,737.0,12.200668896321071,8.0,65.0,299.0,31.636363636363637,35,Monday,False,8
plum,2026-08-18,926.7999999999981,41.84999999999996,87.2166666666655,108.81666666666666,274.9333333333376,0.3833333333333333,9.0,5.0,4.0,65.58260869565217,48.0,100.0,460.0,13.271794871794873,7.0,32.0,195.0,36.608695652173914,45,Tuesday,False,8
plum,2026-08-19,925.4166666666653,55.38333333333294,114.04999999999772,0.0,345.0500000000069,0.1,1.0,1.0,1.0,66.79435483870968,42.0,116.0,496.0,14.719298245614034,7.0,45.0,285.0,31.676470588235293,35,Wednesday,False,8
plum,2026-08-20,904.5833333333292,56.06666666666615,112.26666666666456,0.0,366.4333333333404,0.6499999999999999,1.0,1.0,1.0,69.84472049689441,48.0,106.0,322.0,12.51269035532995,8.0,48.0,197.0,29.652173913043477,32,Thursday,False,8
plum,2026-08-21,920.7166666666648,46.13333333333305,108.98333333333127,0.0,363.56666666667434,0.6,2.0,2.0,1.0,71.04781704781705,48.0,108.0,481.0,13.151515151515152,8.0,43.0,198.0,32.22222222222222,37,Friday,False,8
plum,2026-08-22,1036.2333333333306,39.30000000000004,88.11666666666558,0.0,276.1500000000045,0.2,1.0,1.0,1.0,68.7380073800738,42.0,106.0,813.0,12.566084788029926,7.0,65.0,401.0,30.666666666666668,36,Saturday,True,8
plum,2026-08-23,948.2166666666621,52.683333333332904,108.31666666666483,0.0,330.3500000000055,0.43333333333333335,1.0,1.0,1.0,71.93078324225866,52.0,132.0,549.0,14.627906976744185,8.0,35.0,301.0,28.21951219512195,32,Sunday,True,8
plum,2026-08-24,881.03333333333,51.29999999999951,117.91666666666414,0.0,389.4666666666732,0.2833333333333333,5.0,4.0,2.0,69.17647058823529,52.0,128.0,544.0,11.079295154185022,7.0,35.0,227.0,26.666666666666668,31,Monday,False,8
plum,2026-08-25,925.099999999998,51.183333333332904,108.53333333333137,0.0,354.35000000000565,0.8333333333333334,1.0,1.0,1.0,67.99620493358634,42.0,122.0,527.0,11.041152263374485,7.0,20.0,243.0,29.80392156862745,36,Tuesday,False,8
plum,2026-08-26,938.7999999999997,52.0499999999996,102.49999999999818,0.0,346.45000000000726,0.2,2.0,1.0,2.0,61.4292343387471,44.0,112.0,431.0,10.40782122905028,7.0,30.0,179.0,29.523809523809526,35,Wednesday,False,8
plum,2026-08-27,904.78333333333,59.06666666666601,116.73333333333098,0.0,358.6666666666734,0.75,2.0,2.0,1.0,65.10799438990182,42.0,96.0,713.0,9.205047318611987,7.0,18.0,317.0,31.3125,40,Thursday,False,8
plum,2026-08-28,929.9333333333344,49.31666666666623,109.18333333333148,0.0,350.5500000000073,1.0166666666666666,3.0,1.0,3.0,61.849624060150376,42.0,102.0,532.0,8.470588235294118,6.0,16.0,221.0,28.75,43,Friday,False,8
plum,2026-08-29,976.2499999999959,43.51666666666652,99.18333333333177,0.0,320.63333333333816,0.41666666666666663,0.0,0.0,0.0,60.729088639200995,42.0,94.0,801.0,8.823899371069182,6.0,19.0,318.0,29.022727272727273,34,Saturday,True,8
plum,2026-08-30,1059.299999999998,39.733333333333306,81.61666666666586,0.0,259.1666666666709,0.18333333333333335,1.0,1.0,1.0,59.900151285930406,42.0,122.0,661.0,8.872727272727273,7.0,18.0,275.0,32.1,36,Sunday,True,8
plum,2026-08-31,871.9166666666626,57.68333333333275,113.28333333333106,0.0,396.50000000000693,0.6166666666666667,4.0,4.0,1.0,59.87719298245614,42.0,92.0,570.0,8.60846560846561,6.0,18.0,189.0,29.357142857142858,34,Monday,False,8
plum,2026-09-01,1058.5333333333315,40.733333333333285,83.93333333333214,0.0,256.53333333333904,0.26666666666666666,4.0,3.0,2.0,58.79365079365079,44.0,118.0,693.0,9.0,6.0,32.0,252.0,30.457142857142856,33,Tuesday,False,9
plum,2026-09-02,992.6999999999991,44.81666666666653,94.03333333333177,0.0,308.01666666667205,0.4333333333333333,1.0,1.0,1.0,58.220689655172414,44.0,94.0,580.0,9.678414096916299,7.0,17.0,227.0,31.25531914893617,39,Wednesday,False,9
plum,2026-09-03,1004.6999999999985,48.13333333333303,92.9999999999985,0.0,293.8166666666713,0.35,5.0,4.0,2.0,60.19806763285024,44.0,104.0,414.0,10.597633136094675,7.0,41.0,169.0,32.371428571428574,36,Thursday,False,9
plum,2026-09-04,1039.7999999999954,42.19999999999988,86.16666666666572,0.0,271.7000000000051,0.13333333333333333,2.0,2.0,1.0,59.513134851138354,42.0,90.0,571.0,11.226480836236934,8.0,30.0,287.0,32.23809523809524,36,Friday,False,9
plum,2026-09-05,649.583333333334,33.75000000000011,64.14999999999972,6.166666666666666,686.216666666647,0.13333333333333333,8.0,4.0,4.0,59.25,42.0,124.0,248.0,14.293577981651376,7.0,55.0,109.0,32.51327433628319,46,Saturday,True,9
plum,2026-09-06,980.8166666666634,50.51666666666632,101.0333333333317,0.0,307.16666666667317,0.4666666666666667,2.0,2.0,1.0,61.1758034026465,44.0,106.0,529.0,13.17624521072797,7.0,97.0,261.0,31.564102564102566,34,Sunday,True,9
plum,2026-09-07,595.3999999999997,14.25000000000007,38.13333333333334,0.0,792.216666666658,0.0,2.0,1.0,2.0,59.843971631205676,42.0,94.0,282.0,10.279069767441861,8.0,22.0,129.0,38.46666666666667,60,Monday,False,9
plum,2026-09-08,951.1999999999967,52.0166666666663,98.68333333333167,0.0,337.68333333334056,0.41666666666666663,3.0,2.0,2.0,61.30992366412214,48.0,94.0,655.0,12.869565217391305,8.0,28.0,253.0,31.29268292682927,34,Tuesday,False,9
plum,2026-09-09,786.7166666666645,42.74999999999975,89.39999999999878,0.0,521.0000000000057,0.13333333333333333,1.0,1.0,1.0,63.276672694394215,46.0,146.0,553.0,11.277533039647578,8.0,43.0,227.0,27.39344262295082,60,Wednesday,False,9
plum,2026-09-10,877.0333333333286,44.0999999999998,102.56666666666483,0.0,415.8833333333383,0.41666666666666663,2.0,2.0,1.0,61.28990228013029,42.0,94.0,614.0,9.241935483870968,7.0,22.0,248.0,30.484536082474225,41,Thursday,False,9
