perro,fecha,franja_30min,ladridos
cherry,2026-02-22,0,0
cherry,2026-02-22,1,0
cherry,2026-02-22,2,0
cherry,2026-02-22,3,0
cherry,2026-02-22,4,0
cherry,2026-02-22,5,0
cherry,2026-02-22,6,0
cherry,2026-02-22,7,0
cherry,2026-02-22,8,0
cherry,2026-02-22,9,0
cherry,2026-02-22,10,0
cherry,2026-02-22,11,0
cherry,2026-02-22,12,0
cherry,2026-02-22,13,0
cherry,2026-02-22,14,0
cherry,2026-02-22,15,0
cherry,2026-02-22,16,0
cherry,2026-02-22,17,0
cherry,2026-02-22,18,0
cherry,2026-02-22,19,0
cherry,2026-02-22,20,0
cherry,2026-02-22,21,0
cherry,2026-02-22,22,0
cherry,2026-02-22,23,0
cherry,2026-02-22,24,0
cherry,2026-02-22,25,0
cherry,2026-02-22,26,0
cherry,2026-02-22,27,0
cherry,2026-02-22,28,0
cherry,2026-02-22,29,0
cherry,2026-02-22,30,0
cherry,2026-02-22,31,0
cherry,2026-02-22,32,0
cherry,2026-02-22,33,0
cherry,2026-02-22,34,0
cherry,2026-02-22,35,0
cherry,2026-02-22,36,0
cherry,2026-02-22,37,0
cherry,2026-02-22,38,4
cherry,2026-02-22,39,0
cherry,2026-02-22,40,2
cherry,2026-02-22,41,0
cherry,2026-02-22,42,0
cherry,2026-02-22,43,0
cherry,2026-02-22,44,0
cherry,2026-02-22,45,0
cherry,2026-02-22,46,0
cherry,2026-02-22,47,0
cherry,2026-02-23,0,0
cherry,2026-02-23,1,0
cherry,2026-02-23,2,0
cherry,2026-02-23,3,0
cherry,2026-02-23,4,0
cherry,2026-02-23,5,0
cherry,2026-02-23,6,0
cherry,2026-02-23,7,0
cherry,2026-02-23,8,0
cherry,2026-02-23,9,0
cherry,2026-02-23,10,0
cherry,2026-02-23,11,0
cherry,2026-02-23,12,0
cherry,2026-02-23,13,0
cherry,2026-02-23,14,0
cherry,2026-02-23,15,5
cherry,2026-02-23,16,0
cherry,2026-02-23,17,0
cherry,2026-02-23,18,0
cherry,2026-02-23,19,0
cherry,2026-02-23,20,5
cherry,2026-02-23,21,1
cherry,2026-02-23,22,0
cherry,2026-02-23,23,0
cherry,2026-02-23,24,1
cherry,2026-02-23,25,0
cherry,2026-02-23,26,0
cherry,2026-02-23,27,0
cherry,2026-02-23,28,53
cherry,2026-02-23,29,0
cherry,2026-02-23,30,12
cherry,2026-02-23,31,0
cherry,2026-02-23,32,14
cherry,2026-02-23,33,0
cherry,2026-02-23,34,21
cherry,2026-02-23,35,19
cherry,2026-02-23,36,16
cherry,2026-02-23,37,2
cherry,2026-02-23,38,0
cherry,2026-02-23,39,0
cherry,2026-02-23,40,0
cherry,2026-02-23,41,0
cherry,2026-02-23,42,0
cherry,2026-02-23,43,0
cherry,2026-02-23,44,0
cherry,2026-02-23,45,0
cherry,2026-02-23,46,0
cherry,2026-02-23,47,0
cherry,2026-02-24,0,0
cherry,2026-02-24,1,0
cherry,2026-02-24,2,0
cherry,2026-02-24,3,0
cherry,2026-02-24,4,0
cherry,2026-02-24,5,0
cherry,2026-02-24,6,0
cherry,2026-02-24,7,0
cherry,2026-02-24,8,0
cherry,2026-02-24,9,0
cherry,2026-02-24,10,0
cherry,2026-02-24,11,0
cherry,2026-02-24,12,0
cherry,2026-02-24,13,0
cherry,2026-02-24,14,0
cherry,2026-02-24,15,0
cherry,2026-02-24,16,84
cherry,2026-02-24,17,14
cherry,2026-02-24,18,3
cherry,2026-02-24,19,0
cherry,2026-02-24,20,45
cherry,2026-02-24,21,0
cherry,2026-02-24,22,0
cherry,2026-02-24,23,74
cherry,2026-02-24,24,1
cherry,2026-02-24,25,52
cherry,2026-02-24,26,1
cherry,2026-02-24,27,0
cherry,2026-02-24,28,1
cherry,2026-02-24,29,0
cherry,2026-02-24,30,0
cherry,2026-02-24,31,4
cherry,2026-02-24,32,1
cherry,2026-02-24,33,0
cherry,2026-02-24,34,3
cherry,2026-02-24,35,3
cherry,2026-02-24,36,1
cherry,2026-02-24,37,0
cherry,2026-02-24,38,2
cherry,2026-02-24,39,0
cherry,2026-02-24,40,0
cherry,2026-02-24,41,0
cherry,2026-02-24,42,0
cherry,2026-02-24,43,0
cherry,2026-02-24,44,0
cherry,2026-02-24,45,0
cherry,2026-02-24,46,0
cherry,2026-02-24,47,0
cherry,2026-02-25,0,0
cherry,2026-02-25,1,0
cherry,2026-02-25,2,2
cherry,2026-02-25,3,0
cherry,2026-02-25,4,0
cherry,2026-02-25,5,0
cherry,2026-02-25,6,0
cherry,2026-02-25,7,0
cherry,2026-02-25,8,0
cherry,2026-02-25,9,0
cherry,2026-02-25,10,0
cherry,2026-02-25,11,0
cherry,2026-02-25,12,0
cherry,2026-02-25,13,48
cherry,2026-02-25,14,0
cherry,2026-02-25,15,0
cherry,2026-02-25,16,0
cherry,2026-02-25,17,0
cherry,2026-02-25,18,0
cherry,2026-02-25,19,1
cherry,2026-02-25,20,0
cherry,2026-02-25,21,0
cherry,2026-02-25,22,105
cherry,2026-02-25,23,21
cherry,2026-02-25,24,17
cherry,2026-02-25,25,0
cherry,2026-02-25,26,63
cherry,2026-02-25,27,59
cherry,2026-02-25,28,73
cherry,2026-02-25,29,0
cherry,2026-02-25,30,1
cherry,2026-02-25,31,23
cherry,2026-02-25,32,0
cherry,2026-02-25,33,1
cherry,2026-02-25,34,20
cherry,2026-02-25,35,1
cherry,2026-02-25,36,71
cherry,2026-02-25,37,3
cherry,2026-02-25,38,2
cherry,2026-02-25,39,0
cherry,2026-02-25,40,51
cherry,2026-02-25,41,0
cherry,2026-02-25,42,0
cherry,2026-02-25,43,0
cherry,2026-02-25,44,0
cherry,2026-02-25,45,3
cherry,2026-02-25,46,0
cherry,2026-02-25,47,0
cherry,2026-02-26,0,0
cherry,2026-02-26,1,0
cherry,2026-02-26,2,0
cherry,2026-02-26,3,0
cherry,2026-02-26,4,0
cherry,2026-02-26,5,0
cherry,2026-02-26,6,0
cherry,2026-02-26,7,0
cherry,2026-02-26,8,0
cherry,2026-02-26,9,0
cherry,2026-02-26,10,0
cherry,2026-02-26,11,0
cherry,2026-02-26,12,0
cherry,2026-02-26,13,4
cherry,2026-02-26,14,0
cherry,2026-02-26,15,0
cherry,2026-02-26,16,0
cherry,2026-02-26,17,0
cherry,2026-02-26,18,35
cherry,2026-02-26,19,2
cherry,2026-02-26,20,0
cherry,2026-02-26,21,0
cherry,2026-02-26,22,0
cherry,2026-02-26,23,0
cherry,2026-02-26,24,0
cherry,2026-02-26,25,0
cherry,2026-02-26,26,0
cherry,2026-02-26,27,0
cherry,2026-02-26,28,0
cherry,2026-02-26,29,1
cherry,2026-02-26,30,0
cherry,2026-02-26,31,0
cherry,2026-02-26,32,6
cherry,2026-02-26,33,86
cherry,2026-02-26,34,98
cherry,2026-02-26,35,76
cherry,2026-02-26,36,41
cherry,2026-02-26,37,0
cherry,2026-02-26,38,2
cherry,2026-02-26,39,0
cherry,2026-02-26,40,0
cherry,2026-02-26,41,0
cherry,2026-02-26,42,0
cherry,2026-02-26,43,0
cherry,2026-02-26,44,0
cherry,2026-02-26,45,0
cherry,2026-02-26,46,0
cherry,2026-02-26,47,0
cherry,2026-02-27,0,0
cherry,2026-02-27,1,0
cherry,2026-02-27,2,0
cherry,2026-02-27,3,0
cherry,2026-02-27,4,0
cherry,2026-02-27,5,0
cherry,2026-02-27,6,0
cherry,2026-02-27,7,0
cherry,2026-02-27,8,0
cherry,2026-02-27,9,0
cherry,2026-02-27,10,0
cherry,2026-02-27,11,0
cherry,2026-02-27,12,0
cherry,2026-02-27,13,1
cherry,2026-02-27,14,1
cherry,2026-02-27,15,0
cherry,2026-02-27,16,0
cherry,2026-02-27,17,0
cherry,2026-02-27,18,1
cherry,2026-02-27,19,5
cherry,2026-02-27,20,0
cherry,2026-02-27,21,0
cherry,2026-02-27,22,0
cherry,2026-02-27,23,2
cherry,2026-02-27,24,68
cherry,2026-02-27,25,2
cherry,2026-02-27,26,0
cherry,2026-02-27,27,176
cherry,2026-02-27,28,125
cherry,2026-02-27,29,0
cherry,2026-02-27,30,1
cherry,2026-02-27,31,0
cherry,2026-02-27,32,3
cherry,2026-02-27,33,4
cherry,2026-02-27,34,148
cherry,2026-02-27,35,2
cherry,2026-02-27,36,8
cherry,2026-02-27,37,0
cherry,2026-02-27,38,0
cherry,2026-02-27,39,0
cherry,2026-02-27,40,0
cherry,2026-02-27,41,0
cherry,2026-02-27,42,0
cherry,2026-02-27,43,0
cherry,2026-02-27,44,0
cherry,2026-02-27,45,0
cherry,2026-02-27,46,20
cherry,2026-02-27,47,0
cherry,2026-02-28,0,1
cherry,2026-02-28,1,0
cherry,2026-02-28,2,10
cherry,2026-02-28,3,0
cherry,2026-02-28,4,0
cherry,2026-02-28,5,0
cherry,2026-02-28,6,0
cherry,2026-02-28,7,0
cherry,2026-02-28,8,0
cherry,2026-02-28,9,0
cherry,2026-02-28,10,1
cherry,2026-02-28,11,0
cherry,2026-02-28,12,0
cherry,2026-02-28,13,0
cherry,2026-02-28,14,0
cherry,2026-02-28,15,0
cherry,2026-02-28,16,0
cherry,2026-02-28,17,1
cherry,2026-02-28,18,0
cherry,2026-02-28,19,0
cherry,2026-02-28,20,5
cherry,2026-02-28,21,0
cherry,2026-02-28,22,36
cherry,2026-02-28,23,0
cherry,2026-02-28,24,1
cherry,2026-02-28,25,0
cherry,2026-02-28,26,1
cherry,2026-02-28,27,0
cherry,2026-02-28,28,0
cherry,2026-02-28,29,36
cherry,2026-02-28,30,73
cherry,2026-02-28,31,0
cherry,2026-02-28,32,1
cherry,2026-02-28,33,9
cherry,2026-02-28,34,0
cherry,2026-02-28,35,0
cherry,2026-02-28,36,0
cherry,2026-02-28,37,24
cherry,2026-02-28,38,0
cherry,2026-02-28,39,0
cherry,2026-02-28,40,0
cherry,2026-02-28,41,0
cherry,2026-02-28,42,0
cherry,2026-02-28,43,0
cherry,2026-02-28,44,0
cherry,2026-02-28,45,0
cherry,2026-02-28,46,0
cherry,2026-02-28,47,0
cherry,2026-03-01,0,0
cherry,2026-03-01,1,0
cherry,2026-03-01,2,0
cherry,2026-03-01,3,0
cherry,2026-03-01,4,0
cherry,2026-03-01,5,0
cherry,2026-03-01,6,0
cherry,2026-03-01,7,0
cherry,2026-03-01,8,0
cherry,2026-03-01,9,1
cherry,2026-03-01,10,0
cherry,2026-03-01,11,0
cherry,2026-03-01,12,0
cherry,2026-03-01,13,0
cherry,2026-03-01,14,0
cherry,2026-03-01,15,21
cherry,2026-03-01,16,0
cherry,2026-03-01,17,0
cherry,2026-03-01,18,0
cherry,2026-03-01,19,5
cherry,2026-03-01,20,25
cherry,2026-03-01,21,13
cherry,2026-03-01,22,9
cherry,2026-03-01,23,5
cherry,2026-03-01,24,5
cherry,2026-03-01,25,1
cherry,2026-03-01,26,1
cherry,2026-03-01,27,1
cherry,2026-03-01,28,0
cherry,2026-03-01,29,1
cherry,2026-03-01,30,0
cherry,2026-03-01,31,1
cherry,2026-03-01,32,3
cherry,2026-03-01,33,45
cherry,2026-03-01,34,0
cherry,2026-03-01,35,0
cherry,2026-03-01,36,7
cherry,2026-03-01,37,1
cherry,2026-03-01,38,0
cherry,2026-03-01,39,0
cherry,2026-03-01,40,0
cherry,2026-03-01,41,37
cherry,2026-03-01,42,0
cherry,2026-03-01,43,0
cherry,2026-03-01,44,0
cherry,2026-03-01,45,0
cherry,2026-03-01,46,0
cherry,2026-03-01,47,0
cherry,2026-03-02,0,0
cherry,2026-03-02,1,0
cherry,2026-03-02,2,0
cherry,2026-03-02,3,0
cherry,2026-03-02,4,0
cherry,2026-03-02,5,0
cherry,2026-03-02,6,0
cherry,2026-03-02,7,0
cherry,2026-03-02,8,0
cherry,2026-03-02,9,1
cherry,2026-03-02,10,0
cherry,2026-03-02,11,0
cherry,2026-03-02,12,0
cherry,2026-03-02,13,0
cherry,2026-03-02,14,0
cherry,2026-03-02,15,0
cherry,2026-03-02,16,0
cherry,2026-03-02,17,1
cherry,2026-03-02,18,26
cherry,2026-03-02,19,23
cherry,2026-03-02,20,0
cherry,2026-03-02,21,4
cherry,2026-03-02,22,10
cherry,2026-03-02,23,8
cherry,2026-03-02,24,2
cherry,2026-03-02,25,0
cherry,2026-03-02,26,2
cherry,2026-03-02,27,6
cherry,2026-03-02,28,0
cherry,2026-03-02,29,0
cherry,2026-03-02,30,13
cherry,2026-03-02,31,0
cherry,2026-03-02,32,0
cherry,2026-03-02,33,2
cherry,2026-03-02,34,1
cherry,2026-03-02,35,2
cherry,2026-03-02,36,1
cherry,2026-03-02,37,0
cherry,2026-03-02,38,0
cherry,2026-03-02,39,0
cherry,2026-03-02,40,1
cherry,2026-03-02,41,0
cherry,2026-03-02,42,0
cherry,2026-03-02,43,0
cherry,2026-03-02,44,0
cherry,2026-03-02,45,1
cherry,2026-03-02,46,1
cherry,2026-03-02,47,0
cherry,2026-03-03,0,0
cherry,2026-03-03,1,0
cherry,2026-03-03,2,0
cherry,2026-03-03,3,0
cherry,2026-03-03,4,0
cherry,2026-03-03,5,0
cherry,2026-03-03,6,0
cherry,2026-03-03,7,0
cherry,2026-03-03,8,0
cherry,2026-03-03,9,0
cherry,2026-03-03,10,0
cherry,2026-03-03,11,0
cherry,2026-03-03,12,1
cherry,2026-03-03,13,0
cherry,2026-03-03,14,0
cherry,2026-03-03,15,0
cherry,2026-03-03,16,3
cherry,2026-03-03,17,13
cherry,2026-03-03,18,7
cherry,2026-03-03,19,17
cherry,2026-03-03,20,99
cherry,2026-03-03,21,95
cherry,2026-03-03,22,0
cherry,2026-03-03,23,0
cherry,2026-03-03,24,0
cherry,2026-03-03,25,0
cherry,2026-03-03,26,0
cherry,2026-03-03,27,0
cherry,2026-03-03,28,37
cherry,2026-03-03,29,0
cherry,2026-03-03,30,0
cherry,2026-03-03,31,0
cherry,2026-03-03,32,22
cherry,2026-03-03,33,11
cherry,2026-03-03,34,2
cherry,2026-03-03,35,0
cherry,2026-03-03,36,0
cherry,2026-03-03,37,0
cherry,2026-03-03,38,1
cherry,2026-03-03,39,0
cherry,2026-03-03,40,0
cherry,2026-03-03,41,0
cherry,2026-03-03,42,0
cherry,2026-03-03,43,0
cherry,2026-03-03,44,0
cherry,2026-03-03,45,0
cherry,2026-03-03,46,0
cherry,2026-03-03,47,0
cherry,2026-03-04,0,0
cherry,2026-03-04,1,0
cherry,2026-03-04,2,0
cherry,2026-03-04,3,0
cherry,2026-03-04,4,0
cherry,2026-03-04,5,0
cherry,2026-03-04,6,0
cherry,2026-03-04,7,0
cherry,2026-03-04,8,0
cherry,2026-03-04,9,0
cherry,2026-03-04,10,0
cherry,2026-03-04,11,0
cherry,2026-03-04,12,0
cherry,2026-03-04,13,0
cherry,2026-03-04,14,0
cherry,2026-03-04,15,2
cherry,2026-03-04,16,5
cherry,2026-03-04,17,193
cherry,2026-03-04,18,22
cherry,2026-03-04,19,0
cherry,2026-03-04,20,23
cherry,2026-03-04,21,0
cherry,2026-03-04,22,0
cherry,2026-03-04,23,69
cherry,2026-03-04,24,13
cherry,2026-03-04,25,1
cherry,2026-03-04,26,3
cherry,2026-03-04,27,0
cherry,2026-03-04,28,0
cherry,2026-03-04,29,0
cherry,2026-03-04,30,0
cherry,2026-03-04,31,0
cherry,2026-03-04,32,3
cherry,2026-03-04,33,0
cherry,2026-03-04,34,0
cherry,2026-03-04,35,3
cherry,2026-03-04,36,45
cherry,2026-03-04,37,4
cherry,2026-03-04,38,0
cherry,2026-03-04,39,0
cherry,2026-03-04,40,0
cherry,2026-03-04,41,0
cherry,2026-03-04,42,0
cherry,2026-03-04,43,0
cherry,2026-03-04,44,0
cherry,2026-03-04,45,0
cherry,2026-03-04,46,0
cherry,2026-03-04,47,0
cherry,2026-03-05,0,0
cherry,2026-03-05,1,0
cherry,2026-03-05,2,0
cherry,2026-03-05,3,0
cherry,2026-03-05,4,0
cherry,2026-03-05,5,0
cherry,2026-03-05,6,0
cherry,2026-03-05,7,0
cherry,2026-03-05,8,0
cherry,2026-03-05,9,0
cherry,2026-03-05,10,0
cherry,2026-03-05,11,0
cherry,2026-03-05,12,0
cherry,2026-03-05,13,0
cherry,2026-03-05,14,1
cherry,2026-03-05,15,0
cherry,2026-03-05,16,0
cherry,2026-03-05,17,0
cherry,2026-03-05,18,1
cherry,2026-03-05,19,0
cherry,2026-03-05,20,0
cherry,2026-03-05,21,0
cherry,2026-03-05,22,0
cherry,2026-03-05,23,0
cherry,2026-03-05,24,107
cherry,2026-03-05,25,13
cherry,2026-03-05,26,0
cherry,2026-03-05,27,0
cherry,2026-03-05,28,6
cherry,2026-03-05,29,31
cherry,2026-03-05,30,5
cherry,2026-03-05,31,0
cherry,2026-03-05,32,46
cherry,2026-03-05,33,24
cherry,2026-03-05,34,0
cherry,2026-03-05,35,0
cherry,2026-03-05,36,0
cherry,2026-03-05,37,3
cherry,2026-03-05,38,0
cherry,2026-03-05,39,0
cherry,2026-03-05,40,0
cherry,2026-03-05,41,0
cherry,2026-03-05,42,0
cherry,2026-03-05,43,0
cherry,2026-03-05,44,67
cherry,2026-03-05,45,3
cherry,2026-03-05,46,1
cherry,2026-03-05,47,0
cherry,2026-03-06,0,0
cherry,2026-03-06,1,0
cherry,2026-03-06,2,0
cherry,2026-03-06,3,0
cherry,2026-03-06,4,0
cherry,2026-03-06,5,0
cherry,2026-03-06,6,0
cherry,2026-03-06,7,0
cherry,2026-03-06,8,0
cherry,2026-03-06,9,0
cherry,2026-03-06,10,0
cherry,2026-03-06,11,0
cherry,2026-03-06,12,0
cherry,2026-03-06,13,0
cherry,2026-03-06,14,16
cherry,2026-03-06,15,0
cherry,2026-03-06,16,0
cherry,2026-03-06,17,0
cherry,2026-03-06,18,0
cherry,2026-03-06,19,210
cherry,2026-03-06,20,41
cherry,2026-03-06,21,15
cherry,2026-03-06,22,51
cherry,2026-03-06,23,216
cherry,2026-03-06,24,67
cherry,2026-03-06,25,1
cherry,2026-03-06,26,1
cherry,2026-03-06,27,0
cherry,2026-03-06,28,0
cherry,2026-03-06,29,6
cherry,2026-03-06,30,9
cherry,2026-03-06,31,50
cherry,2026-03-06,32,3
cherry,2026-03-06,33,0
cherry,2026-03-06,34,0
cherry,2026-03-06,35,11
cherry,2026-03-06,36,1
cherry,2026-03-06,37,1
cherry,2026-03-06,38,0
cherry,2026-03-06,39,0
cherry,2026-03-06,40,0
cherry,2026-03-06,41,0
cherry,2026-03-06,42,0
cherry,2026-03-06,43,0
cherry,2026-03-06,44,0
cherry,2026-03-06,45,0
cherry,2026-03-06,46,1
cherry,2026-03-06,47,0
cherry,2026-03-07,0,0
cherry,2026-03-07,1,0
cherry,2026-03-07,2,0
cherry,2026-03-07,3,0
cherry,2026-03-07,4,0
cherry,2026-03-07,5,0
cherry,2026-03-07,6,0
cherry,2026-03-07,7,0
cherry,2026-03-07,8,0
cherry,2026-03-07,9,0
cherry,2026-03-07,10,0
cherry,2026-03-07,11,0
cherry,2026-03-07,12,1
cherry,2026-03-07,13,0
cherry,2026-03-07,14,0
cherry,2026-03-07,15,0
cherry,2026-03-07,16,0
cherry,2026-03-07,17,4
cherry,2026-03-07,18,255
cherry,2026-03-07,19,1
cherry,2026-03-07,20,0
cherry,2026-03-07,21,3
cherry,2026-03-07,22,95
cherry,2026-03-07,23,47
cherry,2026-03-07,24,0
cherry,2026-03-07,25,0
cherry,2026-03-07,26,1
cherry,2026-03-07,27,3
cherry,2026-03-07,28,35
cherry,2026-03-07,29,0
cherry,2026-03-07,30,0
cherry,2026-03-07,31,0
cherry,2026-03-07,32,0
cherry,2026-03-07,33,1
cherry,2026-03-07,34,0
cherry,2026-03-07,35,6
cherry,2026-03-07,36,0
cherry,2026-03-07,37,11
cherry,2026-03-07,38,0
cherry,2026-03-07,39,0
cherry,2026-03-07,40,0
cherry,2026-03-07,41,0
cherry,2026-03-07,42,0
cherry,2026-03-07,43,0
cherry,2026-03-07,44,0
cherry,2026-03-07,45,0
cherry,2026-03-07,46,0
cherry,2026-03-07,47,0
cherry,2026-03-08,0,0
cherry,2026-03-08,1,0
cherry,2026-03-08,2,0
cherry,2026-03-08,3,0
cherry,2026-03-08,4,0
cherry,2026-03-08,5,0
cherry,2026-03-08,6,0
cherry,2026-03-08,7,0
cherry,2026-03-08,8,16
cherry,2026-03-08,9,0
cherry,2026-03-08,10,0
cherry,2026-03-08,11,0
cherry,2026-03-08,12,0
cherry,2026-03-08,13,0
cherry,2026-03-08,14,0
cherry,2026-03-08,15,0
cherry,2026-03-08,16,1
cherry,2026-03-08,17,0
cherry,2026-03-08,18,0
cherry,2026-03-08,19,6
cherry,2026-03-08,20,0
cherry,2026-03-08,21,0
cherry,2026-03-08,22,0
cherry,2026-03-08,23,0
cherry,2026-03-08,24,1
cherry,2026-03-08,25,8
cherry,2026-03-08,26,1
cherry,2026-03-08,27,5
cherry,2026-03-08,28,16
cherry,2026-03-08,29,2
cherry,2026-03-08,30,10
cherry,2026-03-08,31,58
cherry,2026-03-08,32,0
cherry,2026-03-08,33,27
cherry,2026-03-08,34,5
cherry,2026-03-08,35,1
cherry,2026-03-08,36,1
cherry,2026-03-08,37,0
cherry,2026-03-08,38,1
cherry,2026-03-08,39,2
cherry,2026-03-08,40,0
cherry,2026-03-08,41,0
cherry,2026-03-08,42,0
cherry,2026-03-08,43,2
cherry,2026-03-08,44,0
cherry,2026-03-08,45,0
cherry,2026-03-08,46,0
cherry,2026-03-08,47,1
cherry,2026-03-09,0,0
cherry,2026-03-09,1,0
cherry,2026-03-09,2,0
cherry,2026-03-09,3,0
cherry,2026-03-09,4,0
cherry,2026-03-09,5,0
cherry,2026-03-09,6,1
cherry,2026-03-09,7,0
cherry,2026-03-09,8,0
cherry,2026-03-09,9,0
cherry,2026-03-09,10,0
cherry,2026-03-09,11,0
cherry,2026-03-09,12,0
cherry,2026-03-09,13,0
cherry,2026-03-09,14,0
cherry,2026-03-09,15,4
cherry,2026-03-09,16,0
cherry,2026-03-09,17,0
cherry,2026-03-09,18,0
cherry,2026-03-09,19,0
cherry,2026-03-09,20,3
cherry,2026-03-09,21,3
cherry,2026-03-09,22,2
cherry,2026-03-09,23,100
cherry,2026-03-09,24,0
cherry,2026-03-09,25,0
cherry,2026-03-09,26,0
cherry,2026-03-09,27,4
cherry,2026-03-09,28,8
cherry,2026-03-09,29,1
cherry,2026-03-09,30,0
cherry,2026-03-09,31,0
cherry,2026-03-09,32,1
cherry,2026-03-09,33,0
cherry,2026-03-09,34,0
cherry,2026-03-09,35,1
cherry,2026-03-09,36,4
cherry,2026-03-09,37,47
cherry,2026-03-09,38,0
cherry,2026-03-09,39,2
cherry,2026-03-09,40,0
cherry,2026-03-09,41,0
cherry,2026-03-09,42,0
cherry,2026-03-09,43,0
cherry,2026-03-09,44,1
cherry,2026-03-09,45,0
cherry,2026-03-09,46,0
cherry,2026-03-09,47,0
cherry,2026-03-10,0,0
cherry,2026-03-10,1,0
cherry,2026-03-10,2,0
cherry,2026-03-10,3,0
cherry,2026-03-10,4,2
cherry,2026-03-10,5,0
cherry,2026-03-10,6,0
cherry,2026-03-10,7,0
cherry,2026-03-10,8,0
cherry,2026-03-10,9,0
cherry,2026-03-10,10,0
cherry,2026-03-10,11,0
cherry,2026-03-10,12,0
cherry,2026-03-10,13,3
cherry,2026-03-10,14,0
cherry,2026-03-10,15,0
cherry,2026-03-10,16,1
cherry,2026-03-10,17,1
cherry,2026-03-10,18,45
cherry,2026-03-10,19,47
cherry,2026-03-10,20,0
cherry,2026-03-10,21,0
cherry,2026-03-10,22,0
cherry,2026-03-10,23,0
cherry,2026-03-10,24,0
cherry,2026-03-10,25,0
cherry,2026-03-10,26,10
cherry,2026-03-10,27,100
cherry,2026-03-10,28,30
cherry,2026-03-10,29,1
cherry,2026-03-10,30,1
cherry,2026-03-10,31,11
cherry,2026-03-10,32,0
cherry,2026-03-10,33,1
cherry,2026-03-10,34,1
cherry,2026-03-10,35,0
cherry,2026-03-10,36,2
cherry,2026-03-10,37,0
cherry,2026-03-10,38,10
cherry,2026-03-10,39,0
cherry,2026-03-10,40,0
cherry,2026-03-10,41,0
cherry,2026-03-10,42,0
cherry,2026-03-10,43,0
cherry,2026-03-10,44,0
cherry,2026-03-10,45,0
cherry,2026-03-10,46,0
cherry,2026-03-10,47,0
cherry,2026-03-11,0,0
cherry,2026-03-11,1,0
cherry,2026-03-11,2,1
cherry,2026-03-11,3,0
cherry,2026-03-11,4,0
cherry,2026-03-11,5,0
cherry,2026-03-11,6,0
cherry,2026-03-11,7,0
cherry,2026-03-11,8,0
cherry,2026-03-11,9,0
cherry,2026-03-11,10,0
cherry,2026-03-11,11,0
cherry,2026-03-11,12,0
cherry,2026-03-11,13,0
cherry,2026-03-11,14,2
cherry,2026-03-11,15,0
cherry,2026-03-11,16,0
cherry,2026-03-11,17,0
cherry,2026-03-11,18,0
cherry,2026-03-11,19,1
cherry,2026-03-11,20,0
cherry,2026-03-11,21,0
cherry,2026-03-11,22,12
cherry,2026-03-11,23,4
cherry,2026-03-11,24,0
cherry,2026-03-11,25,0
cherry,2026-03-11,26,1
cherry,2026-03-11,27,0
cherry,2026-03-11,28,0
cherry,2026-03-11,29,4
cherry,2026-03-11,30,0
cherry,2026-03-11,31,0
cherry,2026-03-11,32,5
cherry,2026-03-11,33,13
cherry,2026-03-11,34,1
cherry,2026-03-11,35,11
cherry,2026-03-11,36,0
cherry,2026-03-11,37,0
cherry,2026-03-11,38,1
cherry,2026-03-11,39,0
cherry,2026-03-11,40,1
cherry,2026-03-11,41,1
cherry,2026-03-11,42,0
cherry,2026-03-11,43,0
cherry,2026-03-11,44,0
cherry,2026-03-11,45,0
cherry,2026-03-11,46,0
cherry,2026-03-11,47,0
cherry,2026-03-12,0,1
cherry,2026-03-12,1,0
cherry,2026-03-12,2,0
cherry,2026-03-12,3,0
cherry,2026-03-12,4,1
cherry,2026-03-12,5,1
cherry,2026-03-12,6,0
cherry,2026-03-12,7,0
cherry,2026-03-12,8,0
cherry,2026-03-12,9,0
cherry,2026-03-12,10,1
cherry,2026-03-12,11,0
cherry,2026-03-12,12,0
cherry,2026-03-12,13,2
cherry,2026-03-12,14,0
cherry,2026-03-12,15,0
cherry,2026-03-12,16,0
cherry,2026-03-12,17,0
cherry,2026-03-12,18,0
cherry,2026-03-12,19,0
cherry,2026-03-12,20,0
cherry,2026-03-12,21,0
cherry,2026-03-12,22,0
cherry,2026-03-12,23,0
cherry,2026-03-12,24,3
cherry,2026-03-12,25,0
cherry,2026-03-12,26,1
cherry,2026-03-12,27,67
cherry,2026-03-12,28,0
cherry,2026-03-12,29,0
cherry,2026-03-12,30,0
cherry,2026-03-12,31,0
cherry,2026-03-12,32,9
cherry,2026-03-12,33,2
cherry,2026-03-12,34,6
cherry,2026-03-12,35,5
cherry,2026-03-12,36,0
cherry,2026-03-12,37,0
cherry,2026-03-12,38,9
cherry,2026-03-12,39,0
cherry,2026-03-12,40,0
cherry,2026-03-12,41,0
cherry,2026-03-12,42,0
cherry,2026-03-12,43,0
cherry,2026-03-12,44,0
cherry,2026-03-12,45,0
cherry,2026-03-12,46,0
cherry,2026-03-12,47,0
cherry,2026-03-13,0,0
cherry,2026-03-13,1,0
cherry,2026-03-13,2,1
cherry,2026-03-13,3,0
cherry,2026-03-13,4,0
cherry,2026-03-13,5,0
cherry,2026-03-13,6,0
cherry,2026-03-13,7,0
cherry,2026-03-13,8,1
cherry,2026-03-13,9,0
cherry,2026-03-13,10,0
cherry,2026-03-13,11,0
cherry,2026-03-13,12,0
cherry,2026-03-13,13,0
cherry,2026-03-13,14,3
cherry,2026-03-13,15,0
cherry,2026-03-13,16,0
cherry,2026-03-13,17,0
cherry,2026-03-13,18,0
cherry,2026-03-13,19,1
cherry,2026-03-13,20,157
cherry,2026-03-13,21,0
cherry,2026-03-13,22,6
cherry,2026-03-13,23,50
cherry,2026-03-13,24,0
cherry,2026-03-13,25,0
cherry,2026-03-13,26,1
cherry,2026-03-13,27,10
cherry,2026-03-13,28,2
cherry,2026-03-13,29,0
cherry,2026-03-13,30,0
cherry,2026-03-13,31,0
cherry,2026-03-13,32,2
cherry,2026-03-13,33,0
cherry,2026-03-13,34,0
cherry,2026-03-13,35,181
cherry,2026-03-13,36,5
cherry,2026-03-13,37,0
cherry,2026-03-13,38,0
cherry,2026-03-13,39,0
cherry,2026-03-13,40,0
cherry,2026-03-13,41,0
cherry,2026-03-13,42,0
cherry,2026-03-13,43,0
cherry,2026-03-13,44,0
cherry,2026-03-13,45,0
cherry,2026-03-13,46,0
cherry,2026-03-13,47,0
cherry,2026-03-14,0,0
cherry,2026-03-14,1,1
cherry,2026-03-14,2,0
cherry,2026-03-14,3,0
cherry,2026-03-14,4,0
cherry,2026-03-14,5,0
cherry,2026-03-14,6,0
cherry,2026-03-14,7,0
cherry,2026-03-14,8,0
cherry,2026-03-14,9,0
cherry,2026-03-14,10,0
cherry,2026-03-14,11,0
cherry,2026-03-14,12,0
cherry,2026-03-14,13,0
cherry,2026-03-14,14,0
cherry,2026-03-14,15,0
cherry,2026-03-14,16,0
cherry,2026-03-14,17,0
cherry,2026-03-14,18,0
cherry,2026-03-14,19,0
cherry,2026-03-14,20,0
cherry,2026-03-14,21,0
cherry,2026-03-14,22,1
cherry,2026-03-14,23,4
cherry,2026-03-14,24,3
cherry,2026-03-14,25,32
cherry,2026-03-14,26,0
cherry,2026-03-14,27,2
cherry,2026-03-14,28,14
cherry,2026-03-14,29,8
cherry,2026-03-14,30,6
cherry,2026-03-14,31,7
cherry,2026-03-14,32,15
cherry,2026-03-14,33,23
cherry,2026-03-14,34,1
cherry,2026-03-14,35,1
cherry,2026-03-14,36,2
cherry,2026-03-14,37,1
cherry,2026-03-14,38,0
cherry,2026-03-14,39,0
cherry,2026-03-14,40,0
cherry,2026-03-14,41,0
cherry,2026-03-14,42,0
cherry,2026-03-14,43,0
cherry,2026-03-14,44,0
cherry,2026-03-14,45,0
cherry,2026-03-14,46,1
cherry,2026-03-14,47,0
cherry,2026-03-15,0,0
cherry,2026-03-15,1,0
cherry,2026-03-15,2,0
cherry,2026-03-15,3,0
cherry,2026-03-15,4,0
cherry,2026-03-15,5,0
cherry,2026-03-15,6,0
cherry,2026-03-15,7,0
cherry,2026-03-15,8,0
cherry,2026-03-15,9,0
cherry,2026-03-15,10,1
cherry,2026-03-15,11,0
cherry,2026-03-15,12,0
cherry,2026-03-15,13,1
cherry,2026-03-15,14,4
cherry,2026-03-15,15,66
cherry,2026-03-15,16,5
cherry,2026-03-15,17,0
cherry,2026-03-15,18,6
cherry,2026-03-15,19,0
cherry,2026-03-15,20,0
cherry,2026-03-15,21,0
cherry,2026-03-15,22,0
cherry,2026-03-15,23,0
cherry,2026-03-15,24,0
cherry,2026-03-15,25,0
cherry,2026-03-15,26,39
cherry,2026-03-15,27,16
cherry,2026-03-15,28,0
cherry,2026-03-15,29,3
cherry,2026-03-15,30,0
cherry,2026-03-15,31,1
cherry,2026-03-15,32,126
cherry,2026-03-15,33,37
cherry,2026-03-15,34,135
cherry,2026-03-15,35,255
cherry,2026-03-15,36,123
cherry,2026-03-15,37,129
cherry,2026-03-15,38,0
cherry,2026-03-15,39,0
cherry,2026-03-15,40,0
cherry,2026-03-15,41,0
cherry,2026-03-15,42,0
cherry,2026-03-15,43,0
cherry,2026-03-15,44,0
cherry,2026-03-15,45,16
cherry,2026-03-15,46,0
cherry,2026-03-15,47,0
cherry,2026-03-16,0,0
cherry,2026-03-16,1,0
cherry,2026-03-16,2,0
cherry,2026-03-16,3,0
cherry,2026-03-16,4,0
cherry,2026-03-16,5,0
cherry,2026-03-16,6,0
cherry,2026-03-16,7,0
cherry,2026-03-16,8,0
cherry,2026-03-16,9,0
cherry,2026-03-16,10,0
cherry,2026-03-16,11,0
cherry,2026-03-16,12,0
cherry,2026-03-16,13,0
cherry,2026-03-16,14,1
cherry,2026-03-16,15,0
cherry,2026-03-16,16,0
cherry,2026-03-16,17,0
cherry,2026-03-16,18,0
cherry,2026-03-16,19,0
cherry,2026-03-16,20,0
cherry,2026-03-16,21,149
cherry,2026-03-16,22,98
cherry,2026-03-16,23,16
cherry,2026-03-16,24,27
cherry,2026-03-16,25,3
cherry,2026-03-16,26,2
cherry,2026-03-16,27,21
cherry,2026-03-16,28,178
cherry,2026-03-16,29,0
cherry,2026-03-16,30,67
cherry,2026-03-16,31,1
cherry,2026-03-16,32,5
cherry,2026-03-16,33,12
cherry,2026-03-16,34,0
cherry,2026-03-16,35,0
cherry,2026-03-16,36,42
cherry,2026-03-16,37,102
cherry,2026-03-16,38,12
cherry,2026-03-16,39,0
cherry,2026-03-16,40,0
cherry,2026-03-16,41,0
cherry,2026-03-16,42,0
cherry,2026-03-16,43,0
cherry,2026-03-16,44,106
cherry,2026-03-16,45,1
cherry,2026-03-16,46,0
cherry,2026-03-16,47,0
cherry,2026-03-17,0,0
cherry,2026-03-17,1,0
cherry,2026-03-17,2,0
cherry,2026-03-17,3,0
cherry,2026-03-17,4,0
cherry,2026-03-17,5,0
cherry,2026-03-17,6,0
cherry,2026-03-17,7,0
cherry,2026-03-17,8,0
cherry,2026-03-17,9,0
cherry,2026-03-17,10,0
cherry,2026-03-17,11,0
cherry,2026-03-17,12,0
cherry,2026-03-17,13,0
cherry,2026-03-17,14,0
cherry,2026-03-17,15,0
cherry,2026-03-17,16,0
cherry,2026-03-17,17,0
cherry,2026-03-17,18,11
cherry,2026-03-17,19,35
cherry,2026-03-17,20,11
cherry,2026-03-17,21,57
cherry,2026-03-17,22,0
cherry,2026-03-17,23,111
cherry,2026-03-17,24,3
cherry,2026-03-17,25,19
cherry,2026-03-17,26,1
cherry,2026-03-17,27,0
cherry,2026-03-17,28,0
cherry,2026-03-17,29,84
cherry,2026-03-17,30,0
cherry,2026-03-17,31,0
cherry,2026-03-17,32,2
cherry,2026-03-17,33,6
cherry,2026-03-17,34,180
cherry,2026-03-17,35,0
cherry,2026-03-17,36,0
cherry,2026-03-17,37,0
cherry,2026-03-17,38,81
cherry,2026-03-17,39,24
cherry,2026-03-17,40,100
cherry,2026-03-17,41,0
cherry,2026-03-17,42,0
cherry,2026-03-17,43,7
cherry,2026-03-17,44,2
cherry,2026-03-17,45,0
cherry,2026-03-17,46,0
cherry,2026-03-17,47,0
cherry,2026-03-18,0,0
cherry,2026-03-18,1,0
cherry,2026-03-18,2,0
cherry,2026-03-18,3,0
cherry,2026-03-18,4,0
cherry,2026-03-18,5,0
cherry,2026-03-18,6,0
cherry,2026-03-18,7,0
cherry,2026-03-18,8,0
cherry,2026-03-18,9,0
cherry,2026-03-18,10,0
cherry,2026-03-18,11,0
cherry,2026-03-18,12,1
cherry,2026-03-18,13,0
cherry,2026-03-18,14,0
cherry,2026-03-18,15,0
cherry,2026-03-18,16,255
cherry,2026-03-18,17,17
cherry,2026-03-18,18,52
cherry,2026-03-18,19,117
cherry,2026-03-18,20,224
cherry,2026-03-18,21,30
cherry,2026-03-18,22,0
cherry,2026-03-18,23,1
cherry,2026-03-18,24,1
cherry,2026-03-18,25,19
cherry,2026-03-18,26,2
cherry,2026-03-18,27,0
cherry,2026-03-18,28,0
cherry,2026-03-18,29,0
cherry,2026-03-18,30,0
cherry,2026-03-18,31,0
cherry,2026-03-18,32,0
cherry,2026-03-18,33,13
cherry,2026-03-18,34,7
cherry,2026-03-18,35,26
cherry,2026-03-18,36,72
cherry,2026-03-18,37,51
cherry,2026-03-18,38,11
cherry,2026-03-18,39,1
cherry,2026-03-18,40,0
cherry,2026-03-18,41,1
cherry,2026-03-18,42,0
cherry,2026-03-18,43,0
cherry,2026-03-18,44,0
cherry,2026-03-18,45,28
cherry,2026-03-18,46,0
cherry,2026-03-18,47,0
cherry,2026-03-19,0,0
cherry,2026-03-19,1,0
cherry,2026-03-19,2,0
cherry,2026-03-19,3,0
cherry,2026-03-19,4,0
cherry,2026-03-19,5,0
cherry,2026-03-19,6,0
cherry,2026-03-19,7,0
cherry,2026-03-19,8,0
cherry,2026-03-19,9,0
cherry,2026-03-19,10,0
cherry,2026-03-19,11,0
cherry,2026-03-19,12,0
cherry,2026-03-19,13,2
cherry,2026-03-19,14,54
cherry,2026-03-19,15,0
cherry,2026-03-19,16,0
cherry,2026-03-19,17,0
cherry,2026-03-19,18,0
cherry,2026-03-19,19,184
cherry,2026-03-19,20,20
cherry,2026-03-19,21,14
cherry,2026-03-19,22,2
cherry,2026-03-19,23,3
cherry,2026-03-19,24,4
cherry,2026-03-19,25,6
cherry,2026-03-19,26,0
cherry,2026-03-19,27,7
cherry,2026-03-19,28,1
cherry,2026-03-19,29,1
cherry,2026-03-19,30,4
cherry,2026-03-19,31,0
cherry,2026-03-19,32,0
cherry,2026-03-19,33,0
cherry,2026-03-19,34,0
cherry,2026-03-19,35,2
cherry,2026-03-19,36,37
cherry,2026-03-19,37,0
cherry,2026-03-19,38,0
cherry,2026-03-19,39,0
cherry,2026-03-19,40,0
cherry,2026-03-19,41,0
cherry,2026-03-19,42,0
cherry,2026-03-19,43,1
cherry,2026-03-19,44,0
cherry,2026-03-19,45,0
cherry,2026-03-19,46,39
cherry,2026-03-19,47,3
cherry,2026-03-20,0,0
cherry,2026-03-20,1,0
cherry,2026-03-20,2,0
cherry,2026-03-20,3,0
cherry,2026-03-20,4,0
cherry,2026-03-20,5,0
cherry,2026-03-20,6,0
cherry,2026-03-20,7,0
cherry,2026-03-20,8,0
cherry,2026-03-20,9,0
cherry,2026-03-20,10,0
cherry,2026-03-20,11,1
cherry,2026-03-20,12,0
cherry,2026-03-20,13,0
cherry,2026-03-20,14,0
cherry,2026-03-20,15,0
cherry,2026-03-20,16,0
cherry,2026-03-20,17,0
cherry,2026-03-20,18,0
cherry,2026-03-20,19,0
cherry,2026-03-20,20,196
cherry,2026-03-20,21,2
cherry,2026-03-20,22,1
cherry,2026-03-20,23,7
cherry,2026-03-20,24,15
cherry,2026-03-20,25,4
cherry,2026-03-20,26,19
cherry,2026-03-20,27,0
cherry,2026-03-20,28,96
cherry,2026-03-20,29,17
cherry,2026-03-20,30,0
cherry,2026-03-20,31,3
cherry,2026-03-20,32,2
cherry,2026-03-20,33,20
cherry,2026-03-20,34,180
cherry,2026-03-20,35,6
cherry,2026-03-20,36,7
cherry,2026-03-20,37,131
cherry,2026-03-20,38,0
cherry,2026-03-20,39,0
cherry,2026-03-20,40,0
cherry,2026-03-20,41,0
cherry,2026-03-20,42,23
cherry,2026-03-20,43,0
cherry,2026-03-20,44,0
cherry,2026-03-20,45,1
cherry,2026-03-20,46,116
cherry,2026-03-20,47,75
cherry,2026-03-21,0,0
cherry,2026-03-21,1,0
cherry,2026-03-21,2,0
cherry,2026-03-21,3,0
cherry,2026-03-21,4,0
cherry,2026-03-21,5,0
cherry,2026-03-21,6,0
cherry,2026-03-21,7,0
cherry,2026-03-21,8,0
cherry,2026-03-21,9,0
cherry,2026-03-21,10,0
cherry,2026-03-21,11,0
cherry,2026-03-21,12,0
cherry,2026-03-21,13,0
cherry,2026-03-21,14,0
cherry,2026-03-21,15,0
cherry,2026-03-21,16,0
cherry,2026-03-21,17,0
cherry,2026-03-21,18,2
cherry,2026-03-21,19,0
cherry,2026-03-21,20,0
cherry,2026-03-21,21,0
cherry,2026-03-21,22,0
cherry,2026-03-21,23,0
cherry,2026-03-21,24,0
cherry,2026-03-21,25,0
cherry,2026-03-21,26,46
cherry,2026-03-21,27,11
cherry,2026-03-21,28,1
cherry,2026-03-21,29,15
cherry,2026-03-21,30,6
cherry,2026-03-21,31,2
cherry,2026-03-21,32,9
cherry,2026-03-21,33,255
cherry,2026-03-21,34,67
cherry,2026-03-21,35,2
cherry,2026-03-21,36,13
cherry,2026-03-21,37,92
cherry,2026-03-21,38,18
cherry,2026-03-21,39,1
cherry,2026-03-21,40,0
cherry,2026-03-21,41,0
cherry,2026-03-21,42,0
cherry,2026-03-21,43,0
cherry,2026-03-21,44,5
cherry,2026-03-21,45,0
cherry,2026-03-21,46,0
cherry,2026-03-21,47,0
cherry,2026-03-22,0,0
cherry,2026-03-22,1,4
cherry,2026-03-22,2,16
cherry,2026-03-22,3,0
cherry,2026-03-22,4,0
cherry,2026-03-22,5,0
cherry,2026-03-22,6,0
cherry,2026-03-22,7,0
cherry,2026-03-22,8,0
cherry,2026-03-22,9,0
cherry,2026-03-22,10,0
cherry,2026-03-22,11,0
cherry,2026-03-22,12,0
cherry,2026-03-22,13,0
cherry,2026-03-22,14,0
cherry,2026-03-22,15,0
cherry,2026-03-22,16,0
cherry,2026-03-22,17,0
cherry,2026-03-22,18,0
cherry,2026-03-22,19,102
cherry,2026-03-22,20,0
cherry,2026-03-22,21,0
cherry,2026-03-22,22,25
cherry,2026-03-22,23,21
cherry,2026-03-22,24,17
cherry,2026-03-22,25,21
cherry,2026-03-22,26,16
cherry,2026-03-22,27,6
cherry,2026-03-22,28,2
cherry,2026-03-22,29,4
cherry,2026-03-22,30,0
cherry,2026-03-22,31,0
cherry,2026-03-22,32,0
cherry,2026-03-22,33,0
cherry,2026-03-22,34,71
cherry,2026-03-22,35,139
cherry,2026-03-22,36,64
cherry,2026-03-22,37,0
cherry,2026-03-22,38,0
cherry,2026-03-22,39,22
cherry,2026-03-22,40,0
cherry,2026-03-22,41,0
cherry,2026-03-22,42,0
cherry,2026-03-22,43,0
cherry,2026-03-22,44,1
cherry,2026-03-22,45,0
cherry,2026-03-22,46,0
cherry,2026-03-22,47,0
cherry,2026-03-23,0,0
cherry,2026-03-23,1,0
cherry,2026-03-23,2,0
cherry,2026-03-23,3,0
cherry,2026-03-23,4,0
cherry,2026-03-23,5,3
cherry,2026-03-23,6,0
cherry,2026-03-23,7,0
cherry,2026-03-23,8,0
cherry,2026-03-23,9,0
cherry,2026-03-23,10,0
cherry,2026-03-23,11,0
cherry,2026-03-23,12,0
cherry,2026-03-23,13,0
cherry,2026-03-23,14,1
cherry,2026-03-23,15,0
cherry,2026-03-23,16,6
cherry,2026-03-23,17,23
cherry,2026-03-23,18,0
cherry,2026-03-23,19,11
cherry,2026-03-23,20,1
cherry,2026-03-23,21,21
cherry,2026-03-23,22,18
cherry,2026-03-23,23,12
cherry,2026-03-23,24,0
cherry,2026-03-23,25,4
cherry,2026-03-23,26,0
cherry,2026-03-23,27,0
cherry,2026-03-23,28,1
cherry,2026-03-23,29,0
cherry,2026-03-23,30,7
cherry,2026-03-23,31,2
cherry,2026-03-23,32,0
cherry,2026-03-23,33,0
cherry,2026-03-23,34,0
cherry,2026-03-23,35,1
cherry,2026-03-23,36,54
cherry,2026-03-23,37,4
cherry,2026-03-23,38,1
cherry,2026-03-23,39,4
cherry,2026-03-23,40,0
cherry,2026-03-23,41,0
cherry,2026-03-23,42,0
cherry,2026-03-23,43,0
cherry,2026-03-23,44,34
cherry,2026-03-23,45,0
cherry,2026-03-23,46,0
cherry,2026-03-23,47,0
cherry,2026-03-24,0,0
cherry,2026-03-24,1,0
cherry,2026-03-24,2,0
cherry,2026-03-24,3,0
cherry,2026-03-24,4,0
cherry,2026-03-24,5,0
cherry,2026-03-24,6,0
cherry,2026-03-24,7,0
cherry,2026-03-24,8,0
cherry,2026-03-24,9,0
cherry,2026-03-24,10,0
cherry,2026-03-24,11,0
cherry,2026-03-24,12,0
cherry,2026-03-24,13,0
cherry,2026-03-24,14,0
cherry,2026-03-24,15,27
cherry,2026-03-24,16,96
cherry,2026-03-24,17,0
cherry,2026-03-24,18,27
cherry,2026-03-24,19,0
cherry,2026-03-24,20,11
cherry,2026-03-24,21,0
cherry,2026-03-24,22,5
cherry,2026-03-24,23,11
cherry,2026-03-24,24,0
cherry,2026-03-24,25,9
cherry,2026-03-24,26,8
cherry,2026-03-24,27,2
cherry,2026-03-24,28,0
cherry,2026-03-24,29,0
cherry,2026-03-24,30,4
cherry,2026-03-24,31,0
cherry,2026-03-24,32,0
cherry,2026-03-24,33,0
cherry,2026-03-24,34,70
cherry,2026-03-24,35,32
cherry,2026-03-24,36,96
cherry,2026-03-24,37,36
cherry,2026-03-24,38,62
cherry,2026-03-24,39,3
cherry,2026-03-24,40,0
cherry,2026-03-24,41,0
cherry,2026-03-24,42,0
cherry,2026-03-24,43,0
cherry,2026-03-24,44,5
cherry,2026-03-24,45,9
cherry,2026-03-24,46,0
cherry,2026-03-24,47,0
cherry,2026-03-25,0,0
cherry,2026-03-25,1,0
cherry,2026-03-25,2,0
cherry,2026-03-25,3,0
cherry,2026-03-25,4,0
cherry,2026-03-25,5,0
cherry,2026-03-25,6,0
cherry,2026-03-25,7,0
cherry,2026-03-25,8,0
cherry,2026-03-25,9,0
cherry,2026-03-25,10,0
cherry,2026-03-25,11,0
cherry,2026-03-25,12,0
cherry,2026-03-25,13,3
cherry,2026-03-25,14,0
cherry,2026-03-25,15,0
cherry,2026-03-25,16,0
cherry,2026-03-25,17,0
cherry,2026-03-25,18,6
cherry,2026-03-25,19,79
cherry,2026-03-25,20,7
cherry,2026-03-25,21,47
cherry,2026-03-25,22,3
cherry,2026-03-25,23,0
cherry,2026-03-25,24,6
cherry,2026-03-25,25,4
cherry,2026-03-25,26,2
cherry,2026-03-25,27,0
cherry,2026-03-25,28,0
cherry,2026-03-25,29,0
cherry,2026-03-25,30,0
cherry,2026-03-25,31,0
cherry,2026-03-25,32,16
cherry,2026-03-25,33,60
cherry,2026-03-25,34,2
cherry,2026-03-25,35,6
cherry,2026-03-25,36,7
cherry,2026-03-25,37,0
cherry,2026-03-25,38,0
cherry,2026-03-25,39,0
cherry,2026-03-25,40,0
cherry,2026-03-25,41,0
cherry,2026-03-25,42,0
cherry,2026-03-25,43,0
cherry,2026-03-25,44,0
cherry,2026-03-25,45,4
cherry,2026-03-25,46,0
cherry,2026-03-25,47,0
cherry,2026-03-26,0,0
cherry,2026-03-26,1,0
cherry,2026-03-26,2,0
cherry,2026-03-26,3,0
cherry,2026-03-26,4,0
cherry,2026-03-26,5,0
cherry,2026-03-26,6,0
cherry,2026-03-26,7,0
cherry,2026-03-26,8,0
cherry,2026-03-26,9,0
cherry,2026-03-26,10,0
cherry,2026-03-26,11,0
cherry,2026-03-26,12,0
cherry,2026-03-26,13,0
cherry,2026-03-26,14,0
cherry,2026-03-26,15,0
cherry,2026-03-26,16,0
cherry,2026-03-26,17,0
cherry,2026-03-26,18,55
cherry,2026-03-26,19,85
cherry,2026-03-26,20,0
cherry,2026-03-26,21,10
cherry,2026-03-26,22,12
cherry,2026-03-26,23,23
cherry,2026-03-26,24,0
cherry,2026-03-26,25,56
cherry,2026-03-26,26,3
cherry,2026-03-26,27,13
cherry,2026-03-26,28,2
cherry,2026-03-26,29,3
cherry,2026-03-26,30,85
cherry,2026-03-26,31,0
cherry,2026-03-26,32,1
cherry,2026-03-26,33,5
cherry,2026-03-26,34,103
cherry,2026-03-26,35,209
cherry,2026-03-26,36,35
cherry,2026-03-26,37,60
cherry,2026-03-26,38,116
cherry,2026-03-26,39,8
cherry,2026-03-26,40,0
cherry,2026-03-26,41,0
cherry,2026-03-26,42,0
cherry,2026-03-26,43,0
cherry,2026-03-26,44,0
cherry,2026-03-26,45,0
cherry,2026-03-26,46,0
cherry,2026-03-26,47,0
cherry,2026-03-27,0,0
cherry,2026-03-27,1,0
cherry,2026-03-27,2,0
cherry,2026-03-27,3,0
cherry,2026-03-27,4,0
cherry,2026-03-27,5,0
cherry,2026-03-27,6,0
cherry,2026-03-27,7,0
cherry,2026-03-27,8,0
cherry,2026-03-27,9,0
cherry,2026-03-27,10,0
cherry,2026-03-27,11,0
cherry,2026-03-27,12,1
cherry,2026-03-27,13,0
cherry,2026-03-27,14,0
cherry,2026-03-27,15,0
cherry,2026-03-27,16,0
cherry,2026-03-27,17,0
cherry,2026-03-27,18,0
cherry,2026-03-27,19,0
cherry,2026-03-27,20,0
cherry,2026-03-27,21,0
cherry,2026-03-27,22,1
cherry,2026-03-27,23,0
cherry,2026-03-27,24,18
cherry,2026-03-27,25,0
cherry,2026-03-27,26,11
cherry,2026-03-27,27,0
cherry,2026-03-27,28,1
cherry,2026-03-27,29,0
cherry,2026-03-27,30,68
cherry,2026-03-27,31,0
cherry,2026-03-27,32,0
cherry,2026-03-27,33,32
cherry,2026-03-27,34,9
cherry,2026-03-27,35,0
cherry,2026-03-27,36,1
cherry,2026-03-27,37,7
cherry,2026-03-27,38,5
cherry,2026-03-27,39,1
cherry,2026-03-27,40,0
cherry,2026-03-27,41,0
cherry,2026-03-27,42,0
cherry,2026-03-27,43,0
cherry,2026-03-27,44,0
cherry,2026-03-27,45,0
cherry,2026-03-27,46,13
cherry,2026-03-27,47,13
cherry,2026-03-28,0,40
cherry,2026-03-28,1,52
cherry,2026-03-28,2,0
cherry,2026-03-28,3,0
cherry,2026-03-28,4,0
cherry,2026-03-28,5,0
cherry,2026-03-28,6,0
cherry,2026-03-28,7,0
cherry,2026-03-28,8,0
cherry,2026-03-28,9,0
cherry,2026-03-28,10,0
cherry,2026-03-28,11,0
cherry,2026-03-28,12,11
cherry,2026-03-28,13,0
cherry,2026-03-28,14,0
cherry,2026-03-28,15,0
cherry,2026-03-28,16,0
cherry,2026-03-28,17,0
cherry,2026-03-28,18,0
cherry,2026-03-28,19,0
cherry,2026-03-28,20,0
cherry,2026-03-28,21,0
cherry,2026-03-28,22,2
cherry,2026-03-28,23,0
cherry,2026-03-28,24,0
cherry,2026-03-28,25,0
cherry,2026-03-28,26,0
cherry,2026-03-28,27,0
cherry,2026-03-28,28,0
cherry,2026-03-28,29,2
cherry,2026-03-28,30,0
cherry,2026-03-28,31,2
cherry,2026-03-28,32,47
cherry,2026-03-28,33,13
cherry,2026-03-28,34,2
cherry,2026-03-28,35,8
cherry,2026-03-28,36,1
cherry,2026-03-28,37,2
cherry,2026-03-28,38,0
cherry,2026-03-28,39,0
cherry,2026-03-28,40,2
cherry,2026-03-28,41,0
cherry,2026-03-28,42,0
cherry,2026-03-28,43,0
cherry,2026-03-28,44,0
cherry,2026-03-28,45,0
cherry,2026-03-28,46,0
cherry,2026-03-28,47,0
cherry,2026-03-29,0,0
cherry,2026-03-29,1,3
cherry,2026-03-29,2,80
cherry,2026-03-29,3,0
cherry,2026-03-29,4,0
cherry,2026-03-29,5,0
cherry,2026-03-29,6,0
cherry,2026-03-29,7,0
cherry,2026-03-29,8,0
cherry,2026-03-29,9,3
cherry,2026-03-29,10,0
cherry,2026-03-29,11,0
cherry,2026-03-29,12,0
cherry,2026-03-29,13,14
cherry,2026-03-29,14,6
cherry,2026-03-29,15,0
cherry,2026-03-29,16,0
cherry,2026-03-29,17,0
cherry,2026-03-29,18,0
cherry,2026-03-29,19,0
cherry,2026-03-29,20,0
cherry,2026-03-29,21,0
cherry,2026-03-29,22,0
cherry,2026-03-29,23,0
cherry,2026-03-29,24,0
cherry,2026-03-29,25,0
cherry,2026-03-29,26,1
cherry,2026-03-29,27,1
cherry,2026-03-29,28,0
cherry,2026-03-29,29,0
cherry,2026-03-29,30,0
cherry,2026-03-29,31,0
cherry,2026-03-29,32,0
cherry,2026-03-29,33,1
cherry,2026-03-29,34,2
cherry,2026-03-29,35,0
cherry,2026-03-29,36,81
cherry,2026-03-29,37,1
cherry,2026-03-29,38,14
cherry,2026-03-29,39,10
cherry,2026-03-29,40,0
cherry,2026-03-29,41,0
cherry,2026-03-29,42,0
cherry,2026-03-29,43,0
cherry,2026-03-29,44,0
cherry,2026-03-29,45,0
cherry,2026-03-29,46,0
cherry,2026-03-29,47,0
cherry,2026-03-30,0,0
cherry,2026-03-30,1,0
cherry,2026-03-30,2,0
cherry,2026-03-30,3,0
cherry,2026-03-30,4,0
cherry,2026-03-30,5,0
cherry,2026-03-30,6,0
cherry,2026-03-30,7,0
cherry,2026-03-30,8,0
cherry,2026-03-30,9,0
cherry,2026-03-30,10,0
cherry,2026-03-30,11,0
cherry,2026-03-30,12,0
cherry,2026-03-30,13,0
cherry,2026-03-30,14,1
cherry,2026-03-30,15,0
cherry,2026-03-30,16,0
cherry,2026-03-30,17,0
cherry,2026-03-30,18,0
cherry,2026-03-30,19,0
cherry,2026-03-30,20,0
cherry,2026-03-30,21,1
cherry,2026-03-30,22,0
cherry,2026-03-30,23,0
cherry,2026-03-30,24,2
cherry,2026-03-30,25,0
cherry,2026-03-30,26,0
cherry,2026-03-30,27,0
cherry,2026-03-30,28,85
cherry,2026-03-30,29,0
cherry,2026-03-30,30,0
cherry,2026-03-30,31,1
cherry,2026-03-30,32,0
cherry,2026-03-30,33,0
cherry,2026-03-30,34,2
cherry,2026-03-30,35,0
cherry,2026-03-30,36,8
cherry,2026-03-30,37,1
cherry,2026-03-30,38,4
cherry,2026-03-30,39,79
cherry,2026-03-30,40,22
cherry,2026-03-30,41,0
cherry,2026-03-30,42,0
cherry,2026-03-30,43,0
cherry,2026-03-30,44,0
cherry,2026-03-30,45,0
cherry,2026-03-30,46,0
cherry,2026-03-30,47,0
cherry,2026-03-31,0,0
cherry,2026-03-31,1,0
cherry,2026-03-31,2,0
cherry,2026-03-31,3,0
cherry,2026-03-31,4,0
cherry,2026-03-31,5,0
cherry,2026-03-31,6,0
cherry,2026-03-31,7,0
cherry,2026-03-31,8,0
cherry,2026-03-31,9,0
cherry,2026-03-31,10,0
cherry,2026-03-31,11,0
cherry,2026-03-31,12,0
cherry,2026-03-31,13,0
cherry,2026-03-31,14,0
cherry,2026-03-31,15,0
cherry,2026-03-31,16,1
cherry,2026-03-31,17,0
cherry,2026-03-31,18,0
cherry,2026-03-31,19,141
cherry,2026-03-31,20,255
cherry,2026-03-31,21,89
cherry,2026-03-31,22,100
cherry,2026-03-31,23,136
cherry,2026-03-31,24,115
cherry,2026-03-31,25,59
cherry,2026-03-31,26,16
cherry,2026-03-31,27,50
cherry,2026-03-31,28,0
cherry,2026-03-31,29,0
cherry,2026-03-31,30,0
cherry,2026-03-31,31,13
cherry,2026-03-31,32,0
cherry,2026-03-31,33,2
cherry,2026-03-31,34,2
cherry,2026-03-31,35,3
cherry,2026-03-31,36,3
cherry,2026-03-31,37,16
cherry,2026-03-31,38,4
cherry,2026-03-31,39,41
cherry,2026-03-31,40,7
cherry,2026-03-31,41,0
cherry,2026-03-31,42,0
cherry,2026-03-31,43,0
cherry,2026-03-31,44,0
cherry,2026-03-31,45,0
cherry,2026-03-31,46,1
cherry,2026-03-31,47,0
cherry,2026-04-01,0,0
cherry,2026-04-01,1,0
cherry,2026-04-01,2,0
cherry,2026-04-01,3,0
cherry,2026-04-01,4,0
cherry,2026-04-01,5,0
cherry,2026-04-01,6,0
cherry,2026-04-01,7,0
cherry,2026-04-01,8,0
cherry,2026-04-01,9,0
cherry,2026-04-01,10,0
cherry,2026-04-01,11,0
cherry,2026-04-01,12,0
cherry,2026-04-01,13,0
cherry,2026-04-01,14,0
cherry,2026-04-01,15,0
cherry,2026-04-01,16,0
cherry,2026-04-01,17,0
cherry,2026-04-01,18,0
cherry,2026-04-01,19,0
cherry,2026-04-01,20,0
cherry,2026-04-01,21,0
cherry,2026-04-01,22,0
cherry,2026-04-01,23,0
cherry,2026-04-01,24,0
cherry,2026-04-01,25,0
cherry,2026-04-01,26,0
cherry,2026-04-01,27,0
cherry,2026-04-01,28,25
cherry,2026-04-01,29,0
cherry,2026-04-01,30,0
cherry,2026-04-01,31,2
cherry,2026-04-01,32,0
cherry,2026-04-01,33,4
cherry,2026-04-01,34,20
cherry,2026-04-01,35,8
cherry,2026-04-01,36,0
cherry,2026-04-01,37,0
cherry,2026-04-01,38,12
cherry,2026-04-01,39,20
cherry,2026-04-01,40,19
cherry,2026-04-01,41,0
cherry,2026-04-01,42,0
cherry,2026-04-01,43,0
cherry,2026-04-01,44,1
cherry,2026-04-01,45,1
cherry,2026-04-01,46,0
cherry,2026-04-01,47,0
cherry,2026-04-02,0,0
cherry,2026-04-02,1,0
cherry,2026-04-02,2,0
cherry,2026-04-02,3,0
cherry,2026-04-02,4,3
cherry,2026-04-02,5,0
cherry,2026-04-02,6,0
cherry,2026-04-02,7,0
cherry,2026-04-02,8,0
cherry,2026-04-02,9,0
cherry,2026-04-02,10,0
cherry,2026-04-02,11,0
cherry,2026-04-02,12,0
cherry,2026-04-02,13,0
cherry,2026-04-02,14,0
cherry,2026-04-02,15,0
cherry,2026-04-02,16,0
cherry,2026-04-02,17,0
cherry,2026-04-02,18,0
cherry,2026-04-02,19,11
cherry,2026-04-02,20,0
cherry,2026-04-02,21,11
cherry,2026-04-02,22,2
cherry,2026-04-02,23,92
cherry,2026-04-02,24,0
cherry,2026-04-02,25,0
cherry,2026-04-02,26,0
cherry,2026-04-02,27,2
cherry,2026-04-02,28,91
cherry,2026-04-02,29,0
cherry,2026-04-02,30,4
cherry,2026-04-02,31,0
cherry,2026-04-02,32,0
cherry,2026-04-02,33,0
cherry,2026-04-02,34,0
cherry,2026-04-02,35,10
cherry,2026-04-02,36,0
cherry,2026-04-02,37,6
cherry,2026-04-02,38,21
cherry,2026-04-02,39,6
cherry,2026-04-02,40,24
cherry,2026-04-02,41,17
cherry,2026-04-02,42,0
cherry,2026-04-02,43,0
cherry,2026-04-02,44,0
cherry,2026-04-02,45,0
cherry,2026-04-02,46,0
cherry,2026-04-02,47,0
cherry,2026-04-03,0,0
cherry,2026-04-03,1,0
cherry,2026-04-03,2,0
cherry,2026-04-03,3,0
cherry,2026-04-03,4,0
cherry,2026-04-03,5,0
cherry,2026-04-03,6,0
cherry,2026-04-03,7,0
cherry,2026-04-03,8,0
cherry,2026-04-03,9,0
cherry,2026-04-03,10,0
cherry,2026-04-03,11,0
cherry,2026-04-03,12,0
cherry,2026-04-03,13,0
cherry,2026-04-03,14,0
cherry,2026-04-03,15,1
cherry,2026-04-03,16,3
cherry,2026-04-03,17,1
cherry,2026-04-03,18,0
cherry,2026-04-03,19,0
cherry,2026-04-03,20,0
cherry,2026-04-03,21,6
cherry,2026-04-03,22,0
cherry,2026-04-03,23,0
cherry,2026-04-03,24,95
cherry,2026-04-03,25,0
cherry,2026-04-03,26,0
cherry,2026-04-03,27,0
cherry,2026-04-03,28,13
cherry,2026-04-03,29,0
cherry,2026-04-03,30,0
cherry,2026-04-03,31,4
cherry,2026-04-03,32,0
cherry,2026-04-03,33,0
cherry,2026-04-03,34,1
cherry,2026-04-03,35,0
cherry,2026-04-03,36,0
cherry,2026-04-03,37,1
cherry,2026-04-03,38,166
cherry,2026-04-03,39,63
cherry,2026-04-03,40,15
cherry,2026-04-03,41,0
cherry,2026-04-03,42,2
cherry,2026-04-03,43,0
cherry,2026-04-03,44,0
cherry,2026-04-03,45,0
cherry,2026-04-03,46,0
cherry,2026-04-03,47,0
cherry,2026-04-04,0,1
cherry,2026-04-04,1,0
cherry,2026-04-04,2,0
cherry,2026-04-04,3,0
cherry,2026-04-04,4,0
cherry,2026-04-04,5,0
cherry,2026-04-04,6,0
cherry,2026-04-04,7,0
cherry,2026-04-04,8,0
cherry,2026-04-04,9,0
cherry,2026-04-04,10,0
cherry,2026-04-04,11,0
cherry,2026-04-04,12,0
cherry,2026-04-04,13,0
cherry,2026-04-04,14,0
cherry,2026-04-04,15,0
cherry,2026-04-04,16,5
cherry,2026-04-04,17,0
cherry,2026-04-04,18,0
cherry,2026-04-04,19,0
cherry,2026-04-04,20,0
cherry,2026-04-04,21,2
cherry,2026-04-04,22,95
cherry,2026-04-04,23,0
cherry,2026-04-04,24,2
cherry,2026-04-04,25,3
cherry,2026-04-04,26,2
cherry,2026-04-04,27,81
cherry,2026-04-04,28,11
cherry,2026-04-04,29,1
cherry,2026-04-04,30,0
cherry,2026-04-04,31,150
cherry,2026-04-04,32,0
cherry,2026-04-04,33,17
cherry,2026-04-04,34,2
cherry,2026-04-04,35,0
cherry,2026-04-04,36,1
cherry,2026-04-04,37,0
cherry,2026-04-04,38,2
cherry,2026-04-04,39,15
cherry,2026-04-04,40,0
cherry,2026-04-04,41,0
cherry,2026-04-04,42,158
cherry,2026-04-04,43,0
cherry,2026-04-04,44,0
cherry,2026-04-04,45,4
cherry,2026-04-04,46,0
cherry,2026-04-04,47,0
cherry,2026-04-05,0,0
cherry,2026-04-05,1,0
cherry,2026-04-05,2,2
cherry,2026-04-05,3,0
cherry,2026-04-05,4,0
cherry,2026-04-05,5,0
cherry,2026-04-05,6,0
cherry,2026-04-05,7,0
cherry,2026-04-05,8,0
cherry,2026-04-05,9,0
cherry,2026-04-05,10,0
cherry,2026-04-05,11,0
cherry,2026-04-05,12,0
cherry,2026-04-05,13,0
cherry,2026-04-05,14,0
cherry,2026-04-05,15,0
cherry,2026-04-05,16,1
cherry,2026-04-05,17,0
cherry,2026-04-05,18,0
cherry,2026-04-05,19,0
cherry,2026-04-05,20,0
cherry,2026-04-05,21,0
cherry,2026-04-05,22,0
cherry,2026-04-05,23,0
cherry,2026-04-05,24,0
cherry,2026-04-05,25,0
cherry,2026-04-05,26,0
cherry,2026-04-05,27,0
cherry,2026-04-05,28,0
cherry,2026-04-05,29,1
cherry,2026-04-05,30,0
cherry,2026-04-05,31,0
cherry,2026-04-05,32,0
cherry,2026-04-05,33,7
cherry,2026-04-05,34,0
cherry,2026-04-05,35,75
cherry,2026-04-05,36,24
cherry,2026-04-05,37,1
cherry,2026-04-05,38,0
cherry,2026-04-05,39,22
cherry,2026-04-05,40,255
cherry,2026-04-05,41,0
cherry,2026-04-05,42,1
cherry,2026-04-05,43,0
cherry,2026-04-05,44,0
cherry,2026-04-05,45,0
cherry,2026-04-05,46,0
cherry,2026-04-05,47,0
cherry,2026-04-06,0,0
cherry,2026-04-06,1,0
cherry,2026-04-06,2,0
cherry,2026-04-06,3,0
cherry,2026-04-06,4,0
cherry,2026-04-06,5,1
cherry,2026-04-06,6,0
cherry,2026-04-06,7,0
cherry,2026-04-06,8,0
cherry,2026-04-06,9,0
cherry,2026-04-06,10,0
cherry,2026-04-06,11,0
cherry,2026-04-06,12,0
cherry,2026-04-06,13,0
cherry,2026-04-06,14,1
cherry,2026-04-06,15,0
cherry,2026-04-06,16,0
cherry,2026-04-06,17,0
cherry,2026-04-06,18,5
cherry,2026-04-06,19,0
cherry,2026-04-06,20,0
cherry,2026-04-06,21,0
cherry,2026-04-06,22,3
cherry,2026-04-06,23,0
cherry,2026-04-06,24,0
cherry,2026-04-06,25,1
cherry,2026-04-06,26,30
cherry,2026-04-06,27,0
cherry,2026-04-06,28,0
cherry,2026-04-06,29,0
cherry,2026-04-06,30,0
cherry,2026-04-06,31,1
cherry,2026-04-06,32,0
cherry,2026-04-06,33,4
cherry,2026-04-06,34,0
cherry,2026-04-06,35,0
cherry,2026-04-06,36,0
cherry,2026-04-06,37,6
cherry,2026-04-06,38,7
cherry,2026-04-06,39,9
cherry,2026-04-06,40,2
cherry,2026-04-06,41,0
cherry,2026-04-06,42,0
cherry,2026-04-06,43,0
cherry,2026-04-06,44,0
cherry,2026-04-06,45,0
cherry,2026-04-06,46,1
cherry,2026-04-06,47,0
cherry,2026-04-07,0,0
cherry,2026-04-07,1,0
cherry,2026-04-07,2,0
cherry,2026-04-07,3,0
cherry,2026-04-07,4,0
cherry,2026-04-07,5,0
cherry,2026-04-07,6,0
cherry,2026-04-07,7,0
cherry,2026-04-07,8,0
cherry,2026-04-07,9,0
cherry,2026-04-07,10,0
cherry,2026-04-07,11,0
cherry,2026-04-07,12,0
cherry,2026-04-07,13,0
cherry,2026-04-07,14,0
cherry,2026-04-07,15,0
cherry,2026-04-07,16,0
cherry,2026-04-07,17,1
cherry,2026-04-07,18,0
cherry,2026-04-07,19,0
cherry,2026-04-07,20,72
cherry,2026-04-07,21,12
cherry,2026-04-07,22,10
cherry,2026-04-07,23,0
cherry,2026-04-07,24,0
cherry,2026-04-07,25,2
cherry,2026-04-07,26,0
cherry,2026-04-07,27,12
cherry,2026-04-07,28,0
cherry,2026-04-07,29,0
cherry,2026-04-07,30,0
cherry,2026-04-07,31,0
cherry,2026-04-07,32,0
cherry,2026-04-07,33,1
cherry,2026-04-07,34,0
cherry,2026-04-07,35,0
cherry,2026-04-07,36,14
cherry,2026-04-07,37,10
cherry,2026-04-07,38,1
cherry,2026-04-07,39,1
cherry,2026-04-07,40,17
cherry,2026-04-07,41,0
cherry,2026-04-07,42,1
cherry,2026-04-07,43,0
cherry,2026-04-07,44,0
cherry,2026-04-07,45,0
cherry,2026-04-07,46,1
cherry,2026-04-07,47,0
cherry,2026-04-08,0,0
cherry,2026-04-08,1,0
cherry,2026-04-08,2,0
cherry,2026-04-08,3,0
cherry,2026-04-08,4,0
cherry,2026-04-08,5,0
cherry,2026-04-08,6,0
cherry,2026-04-08,7,0
cherry,2026-04-08,8,0
cherry,2026-04-08,9,0
cherry,2026-04-08,10,0
cherry,2026-04-08,11,0
cherry,2026-04-08,12,0
cherry,2026-04-08,13,0
cherry,2026-04-08,14,0
cherry,2026-04-08,15,0
cherry,2026-04-08,16,0
cherry,2026-04-08,17,0
cherry,2026-04-08,18,0
cherry,2026-04-08,19,0
cherry,2026-04-08,20,0
cherry,2026-04-08,21,0
cherry,2026-04-08,22,0
cherry,2026-04-08,23,0
cherry,2026-04-08,24,103
cherry,2026-04-08,25,0
cherry,2026-04-08,26,0
cherry,2026-04-08,27,0
cherry,2026-04-08,28,11
cherry,2026-04-08,29,0
cherry,2026-04-08,30,1
cherry,2026-04-08,31,0
cherry,2026-04-08,32,0
cherry,2026-04-08,33,1
cherry,2026-04-08,34,0
cherry,2026-04-08,35,0
cherry,2026-04-08,36,0
cherry,2026-04-08,37,26
cherry,2026-04-08,38,0
cherry,2026-04-08,39,3
cherry,2026-04-08,40,1
cherry,2026-04-08,41,1
cherry,2026-04-08,42,0
cherry,2026-04-08,43,0
cherry,2026-04-08,44,0
cherry,2026-04-08,45,0
cherry,2026-04-08,46,1
cherry,2026-04-08,47,1
cherry,2026-04-09,0,0
cherry,2026-04-09,1,0
cherry,2026-04-09,2,0
cherry,2026-04-09,3,0
cherry,2026-04-09,4,0
cherry,2026-04-09,5,0
cherry,2026-04-09,6,0
cherry,2026-04-09,7,0
cherry,2026-04-09,8,0
cherry,2026-04-09,9,0
cherry,2026-04-09,10,0
cherry,2026-04-09,11,0
cherry,2026-04-09,12,0
cherry,2026-04-09,13,0
cherry,2026-04-09,14,0
cherry,2026-04-09,15,0
cherry,2026-04-09,16,1
cherry,2026-04-09,17,76
cherry,2026-04-09,18,3
cherry,2026-04-09,19,27
cherry,2026-04-09,20,0
cherry,2026-04-09,21,0
cherry,2026-04-09,22,0
cherry,2026-04-09,23,82
cherry,2026-04-09,24,0
cherry,2026-04-09,25,4
cherry,2026-04-09,26,3
cherry,2026-04-09,27,0
cherry,2026-04-09,28,0
cherry,2026-04-09,29,0
cherry,2026-04-09,30,3
cherry,2026-04-09,31,0
cherry,2026-04-09,32,0
cherry,2026-04-09,33,0
cherry,2026-04-09,34,0
cherry,2026-04-09,35,0
cherry,2026-04-09,36,13
cherry,2026-04-09,37,2
cherry,2026-04-09,38,6
cherry,2026-04-09,39,40
cherry,2026-04-09,40,0
cherry,2026-04-09,41,0
cherry,2026-04-09,42,0
cherry,2026-04-09,43,0
cherry,2026-04-09,44,0
cherry,2026-04-09,45,0
cherry,2026-04-09,46,0
cherry,2026-04-09,47,0
cherry,2026-04-10,0,0
cherry,2026-04-10,1,0
cherry,2026-04-10,2,0
cherry,2026-04-10,3,0
cherry,2026-04-10,4,0
cherry,2026-04-10,5,0
cherry,2026-04-10,6,0
cherry,2026-04-10,7,0
cherry,2026-04-10,8,0
cherry,2026-04-10,9,0
cherry,2026-04-10,10,0
cherry,2026-04-10,11,0
cherry,2026-04-10,12,0
cherry,2026-04-10,13,0
cherry,2026-04-10,14,0
cherry,2026-04-10,15,0
cherry,2026-04-10,16,3
cherry,2026-04-10,17,0
cherry,2026-04-10,18,9
cherry,2026-04-10,19,0
cherry,2026-04-10,20,0
cherry,2026-04-10,21,0
cherry,2026-04-10,22,89
cherry,2026-04-10,23,5
cherry,2026-04-10,24,0
cherry,2026-04-10,25,0
cherry,2026-04-10,26,0
cherry,2026-04-10,27,0
cherry,2026-04-10,28,0
cherry,2026-04-10,29,0
cherry,2026-04-10,30,0
cherry,2026-04-10,31,0
cherry,2026-04-10,32,2
cherry,2026-04-10,33,0
cherry,2026-04-10,34,0
cherry,2026-04-10,35,0
cherry,2026-04-10,36,0
cherry,2026-04-10,37,0
cherry,2026-04-10,38,0
cherry,2026-04-10,39,0
cherry,2026-04-10,40,0
cherry,2026-04-10,41,0
cherry,2026-04-10,42,0
cherry,2026-04-10,43,0
cherry,2026-04-10,44,0
cherry,2026-04-10,45,0
cherry,2026-04-10,46,0
cherry,2026-04-10,47,0
cherry,2026-04-11,0,0
cherry,2026-04-11,1,3
cherry,2026-04-11,2,4
cherry,2026-04-11,3,0
cherry,2026-04-11,4,0
cherry,2026-04-11,5,0
cherry,2026-04-11,6,0
cherry,2026-04-11,7,0
cherry,2026-04-11,8,1
cherry,2026-04-11,9,0
cherry,2026-04-11,10,0
cherry,2026-04-11,11,0
cherry,2026-04-11,12,0
cherry,2026-04-11,13,0
cherry,2026-04-11,14,0
cherry,2026-04-11,15,0
cherry,2026-04-11,16,3
cherry,2026-04-11,17,0
cherry,2026-04-11,18,0
cherry,2026-04-11,19,0
cherry,2026-04-11,20,0
cherry,2026-04-11,21,0
cherry,2026-04-11,22,0
cherry,2026-04-11,23,0
cherry,2026-04-11,24,0
cherry,2026-04-11,25,0
cherry,2026-04-11,26,8
cherry,2026-04-11,27,12
cherry,2026-04-11,28,7
cherry,2026-04-11,29,104
cherry,2026-04-11,30,0
cherry,2026-04-11,31,0
cherry,2026-04-11,32,4
cherry,2026-04-11,33,0
cherry,2026-04-11,34,5
cherry,2026-04-11,35,1
cherry,2026-04-11,36,14
cherry,2026-04-11,37,17
cherry,2026-04-11,38,53
cherry,2026-04-11,39,0
cherry,2026-04-11,40,11
cherry,2026-04-11,41,0
cherry,2026-04-11,42,0
cherry,2026-04-11,43,0
cherry,2026-04-11,44,0
cherry,2026-04-11,45,0
cherry,2026-04-11,46,0
cherry,2026-04-11,47,0
cherry,2026-04-12,0,0
cherry,2026-04-12,1,0
cherry,2026-04-12,2,0
cherry,2026-04-12,3,0
cherry,2026-04-12,4,0
cherry,2026-04-12,5,0
cherry,2026-04-12,6,0
cherry,2026-04-12,7,0
cherry,2026-04-12,8,0
cherry,2026-04-12,9,0
cherry,2026-04-12,10,2
cherry,2026-04-12,11,0
cherry,2026-04-12,12,0
cherry,2026-04-12,13,1
cherry,2026-04-12,14,0
cherry,2026-04-12,15,0
cherry,2026-04-12,16,0
cherry,2026-04-12,17,0
cherry,2026-04-12,18,0
cherry,2026-04-12,19,0
cherry,2026-04-12,20,0
cherry,2026-04-12,21,0
cherry,2026-04-12,22,0
cherry,2026-04-12,23,0
cherry,2026-04-12,24,1
cherry,2026-04-12,25,39
cherry,2026-04-12,26,0
cherry,2026-04-12,27,0
cherry,2026-04-12,28,2
cherry,2026-04-12,29,0
cherry,2026-04-12,30,0
cherry,2026-04-12,31,1
cherry,2026-04-12,32,0
cherry,2026-04-12,33,5
cherry,2026-04-12,34,25
cherry,2026-04-12,35,79
cherry,2026-04-12,36,0
cherry,2026-04-12,37,0
cherry,2026-04-12,38,0
cherry,2026-04-12,39,0
cherry,2026-04-12,40,1
cherry,2026-04-12,41,0
cherry,2026-04-12,42,5
cherry,2026-04-12,43,70
cherry,2026-04-12,44,11
cherry,2026-04-12,45,1
cherry,2026-04-12,46,0
cherry,2026-04-12,47,18
cherry,2026-04-13,0,0
cherry,2026-04-13,1,0
cherry,2026-04-13,2,0
cherry,2026-04-13,3,0
cherry,2026-04-13,4,0
cherry,2026-04-13,5,0
cherry,2026-04-13,6,0
cherry,2026-04-13,7,0
cherry,2026-04-13,8,0
cherry,2026-04-13,9,0
cherry,2026-04-13,10,0
cherry,2026-04-13,11,0
cherry,2026-04-13,12,0
cherry,2026-04-13,13,0
cherry,2026-04-13,14,1
cherry,2026-04-13,15,0
cherry,2026-04-13,16,35
cherry,2026-04-13,17,0
cherry,2026-04-13,18,0
cherry,2026-04-13,19,0
cherry,2026-04-13,20,0
cherry,2026-04-13,21,5
cherry,2026-04-13,22,16
cherry,2026-04-13,23,2
cherry,2026-04-13,24,0
cherry,2026-04-13,25,56
cherry,2026-04-13,26,3
cherry,2026-04-13,27,1
cherry,2026-04-13,28,32
cherry,2026-04-13,29,10
cherry,2026-04-13,30,0
cherry,2026-04-13,31,0
cherry,2026-04-13,32,2
cherry,2026-04-13,33,0
cherry,2026-04-13,34,10
cherry,2026-04-13,35,5
cherry,2026-04-13,36,97
cherry,2026-04-13,37,32
cherry,2026-04-13,38,1
cherry,2026-04-13,39,0
cherry,2026-04-13,40,4
cherry,2026-04-13,41,4
cherry,2026-04-13,42,0
cherry,2026-04-13,43,0
cherry,2026-04-13,44,0
cherry,2026-04-13,45,0
cherry,2026-04-13,46,0
cherry,2026-04-13,47,3
cherry,2026-04-14,0,0
cherry,2026-04-14,1,0
cherry,2026-04-14,2,0
cherry,2026-04-14,3,0
cherry,2026-04-14,4,0
cherry,2026-04-14,5,0
cherry,2026-04-14,6,0
cherry,2026-04-14,7,0
cherry,2026-04-14,8,0
cherry,2026-04-14,9,0
cherry,2026-04-14,10,0
cherry,2026-04-14,11,0
cherry,2026-04-14,12,0
cherry,2026-04-14,13,0
cherry,2026-04-14,14,0
cherry,2026-04-14,15,0
cherry,2026-04-14,16,2
cherry,2026-04-14,17,52
cherry,2026-04-14,18,0
cherry,2026-04-14,19,0
cherry,2026-04-14,20,0
cherry,2026-04-14,21,0
cherry,2026-04-14,22,0
cherry,2026-04-14,23,0
cherry,2026-04-14,24,0
cherry,2026-04-14,25,0
cherry,2026-04-14,26,1
cherry,2026-04-14,27,0
cherry,2026-04-14,28,0
cherry,2026-04-14,29,2
cherry,2026-04-14,30,0
cherry,2026-04-14,31,0
cherry,2026-04-14,32,2
cherry,2026-04-14,33,3
cherry,2026-04-14,34,0
cherry,2026-04-14,35,0
cherry,2026-04-14,36,0
cherry,2026-04-14,37,1
cherry,2026-04-14,38,0
cherry,2026-04-14,39,8
cherry,2026-04-14,40,0
cherry,2026-04-14,41,15
cherry,2026-04-14,42,0
cherry,2026-04-14,43,0
cherry,2026-04-14,44,0
cherry,2026-04-14,45,0
cherry,2026-04-14,46,0
cherry,2026-04-14,47,0
cherry,2026-04-15,0,0
cherry,2026-04-15,1,0
cherry,2026-04-15,2,0
cherry,2026-04-15,3,0
cherry,2026-04-15,4,0
cherry,2026-04-15,5,0
cherry,2026-04-15,6,0
cherry,2026-04-15,7,0
cherry,2026-04-15,8,0
cherry,2026-04-15,9,0
cherry,2026-04-15,10,0
cherry,2026-04-15,11,0
cherry,2026-04-15,12,0
cherry,2026-04-15,13,0
cherry,2026-04-15,14,0
cherry,2026-04-15,15,0
cherry,2026-04-15,16,0
cherry,2026-04-15,17,2
cherry,2026-04-15,18,0
cherry,2026-04-15,19,0
cherry,2026-04-15,20,0
cherry,2026-04-15,21,0
cherry,2026-04-15,22,0
cherry,2026-04-15,23,81
cherry,2026-04-15,24,0
cherry,2026-04-15,25,0
cherry,2026-04-15,26,0
cherry,2026-04-15,27,0
cherry,2026-04-15,28,0
cherry,2026-04-15,29,0
cherry,2026-04-15,30,0
cherry,2026-04-15,31,0
cherry,2026-04-15,32,0
cherry,2026-04-15,33,0
cherry,2026-04-15,34,0
cherry,2026-04-15,35,1
cherry,2026-04-15,36,0
cherry,2026-04-15,37,0
cherry,2026-04-15,38,2
cherry,2026-04-15,39,1
cherry,2026-04-15,40,1
cherry,2026-04-15,41,14
cherry,2026-04-15,42,4
cherry,2026-04-15,43,0
cherry,2026-04-15,44,0
cherry,2026-04-15,45,0
cherry,2026-04-15,46,0
cherry,2026-04-15,47,0
cherry,2026-04-16,0,0
cherry,2026-04-16,1,0
cherry,2026-04-16,2,0
cherry,2026-04-16,3,0
cherry,2026-04-16,4,0
cherry,2026-04-16,5,0
cherry,2026-04-16,6,0
cherry,2026-04-16,7,0
cherry,2026-04-16,8,0
cherry,2026-04-16,9,0
cherry,2026-04-16,10,0
cherry,2026-04-16,11,0
cherry,2026-04-16,12,0
cherry,2026-04-16,13,0
cherry,2026-04-16,14,0
cherry,2026-04-16,15,0
cherry,2026-04-16,16,0
cherry,2026-04-16,17,0
cherry,2026-04-16,18,26
cherry,2026-04-16,19,48
cherry,2026-04-16,20,0
cherry,2026-04-16,21,0
cherry,2026-04-16,22,0
cherry,2026-04-16,23,3
cherry,2026-04-16,24,88
cherry,2026-04-16,25,18
cherry,2026-04-16,26,36
cherry,2026-04-16,27,0
cherry,2026-04-16,28,0
cherry,2026-04-16,29,0
cherry,2026-04-16,30,0
cherry,2026-04-16,31,0
cherry,2026-04-16,32,0
cherry,2026-04-16,33,0
cherry,2026-04-16,34,8
cherry,2026-04-16,35,87
cherry,2026-04-16,36,0
cherry,2026-04-16,37,0
cherry,2026-04-16,38,1
cherry,2026-04-16,39,3
cherry,2026-04-16,40,1
cherry,2026-04-16,41,37
cherry,2026-04-16,42,0
cherry,2026-04-16,43,0
cherry,2026-04-16,44,0
cherry,2026-04-16,45,0
cherry,2026-04-16,46,1
cherry,2026-04-16,47,0
cherry,2026-04-17,0,0
cherry,2026-04-17,1,0
cherry,2026-04-17,2,0
cherry,2026-04-17,3,0
cherry,2026-04-17,4,0
cherry,2026-04-17,5,1
cherry,2026-04-17,6,0
cherry,2026-04-17,7,0
cherry,2026-04-17,8,0
cherry,2026-04-17,9,0
cherry,2026-04-17,10,0
cherry,2026-04-17,11,0
cherry,2026-04-17,12,0
cherry,2026-04-17,13,0
cherry,2026-04-17,14,0
cherry,2026-04-17,15,0
cherry,2026-04-17,16,0
cherry,2026-04-17,17,1
cherry,2026-04-17,18,0
cherry,2026-04-17,19,1
cherry,2026-04-17,20,0
cherry,2026-04-17,21,0
cherry,2026-04-17,22,1
cherry,2026-04-17,23,0
cherry,2026-04-17,24,0
cherry,2026-04-17,25,2
cherry,2026-04-17,26,0
cherry,2026-04-17,27,0
cherry,2026-04-17,28,7
cherry,2026-04-17,29,0
cherry,2026-04-17,30,0
cherry,2026-04-17,31,0
cherry,2026-04-17,32,7
cherry,2026-04-17,33,1
cherry,2026-04-17,34,0
cherry,2026-04-17,35,0
cherry,2026-04-17,36,0
cherry,2026-04-17,37,0
cherry,2026-04-17,38,0
cherry,2026-04-17,39,0
cherry,2026-04-17,40,0
cherry,2026-04-17,41,62
cherry,2026-04-17,42,17
cherry,2026-04-17,43,0
cherry,2026-04-17,44,0
cherry,2026-04-17,45,0
cherry,2026-04-17,46,0
cherry,2026-04-17,47,0
cherry,2026-04-18,0,0
cherry,2026-04-18,1,0
cherry,2026-04-18,2,0
cherry,2026-04-18,3,0
cherry,2026-04-18,4,0
cherry,2026-04-18,5,0
cherry,2026-04-18,6,7
cherry,2026-04-18,7,0
cherry,2026-04-18,8,0
cherry,2026-04-18,9,0
cherry,2026-04-18,10,0
cherry,2026-04-18,11,0
cherry,2026-04-18,12,0
cherry,2026-04-18,13,0
cherry,2026-04-18,14,0
cherry,2026-04-18,15,0
cherry,2026-04-18,16,0
cherry,2026-04-18,17,0
cherry,2026-04-18,18,0
cherry,2026-04-18,19,0
cherry,2026-04-18,20,0
cherry,2026-04-18,21,0
cherry,2026-04-18,22,5
cherry,2026-04-18,23,0
cherry,2026-04-18,24,4
cherry,2026-04-18,25,0
cherry,2026-04-18,26,0
cherry,2026-04-18,27,0
cherry,2026-04-18,28,14
cherry,2026-04-18,29,20
cherry,2026-04-18,30,0
cherry,2026-04-18,31,8
cherry,2026-04-18,32,0
cherry,2026-04-18,33,0
cherry,2026-04-18,34,0
cherry,2026-04-18,35,0
cherry,2026-04-18,36,0
cherry,2026-04-18,37,0
cherry,2026-04-18,38,0
cherry,2026-04-18,39,17
cherry,2026-04-18,40,5
cherry,2026-04-18,41,6
cherry,2026-04-18,42,10
cherry,2026-04-18,43,0
cherry,2026-04-18,44,0
cherry,2026-04-18,45,0
cherry,2026-04-18,46,2
cherry,2026-04-18,47,0
cherry,2026-04-19,0,1
cherry,2026-04-19,1,0
cherry,2026-04-19,2,0
cherry,2026-04-19,3,0
cherry,2026-04-19,4,0
cherry,2026-04-19,5,0
cherry,2026-04-19,6,0
cherry,2026-04-19,7,0
cherry,2026-04-19,8,0
cherry,2026-04-19,9,0
cherry,2026-04-19,10,0
cherry,2026-04-19,11,0
cherry,2026-04-19,12,0
cherry,2026-04-19,13,0
cherry,2026-04-19,14,0
cherry,2026-04-19,15,1
cherry,2026-04-19,16,0
cherry,2026-04-19,17,0
cherry,2026-04-19,18,0
cherry,2026-04-19,19,0
cherry,2026-04-19,20,16
cherry,2026-04-19,21,117
cherry,2026-04-19,22,68
cherry,2026-04-19,23,4
cherry,2026-04-19,24,4
cherry,2026-04-19,25,2
cherry,2026-04-19,26,11
cherry,2026-04-19,27,0
cherry,2026-04-19,28,0
cherry,2026-04-19,29,0
cherry,2026-04-19,30,1
cherry,2026-04-19,31,1
cherry,2026-04-19,32,3
cherry,2026-04-19,33,0
cherry,2026-04-19,34,0
cherry,2026-04-19,35,110
cherry,2026-04-19,36,53
cherry,2026-04-19,37,1
cherry,2026-04-19,38,4
cherry,2026-04-19,39,1
cherry,2026-04-19,40,40
cherry,2026-04-19,41,0
cherry,2026-04-19,42,0
cherry,2026-04-19,43,0
cherry,2026-04-19,44,0
cherry,2026-04-19,45,0
cherry,2026-04-19,46,0
cherry,2026-04-19,47,0
cherry,2026-04-20,0,0
cherry,2026-04-20,1,0
cherry,2026-04-20,2,0
cherry,2026-04-20,3,0
cherry,2026-04-20,4,0
cherry,2026-04-20,5,0
cherry,2026-04-20,6,0
cherry,2026-04-20,7,0
cherry,2026-04-20,8,0
cherry,2026-04-20,9,0
cherry,2026-04-20,10,0
cherry,2026-04-20,11,0
cherry,2026-04-20,12,0
cherry,2026-04-20,13,0
cherry,2026-04-20,14,0
cherry,2026-04-20,15,0
cherry,2026-04-20,16,68
cherry,2026-04-20,17,0
cherry,2026-04-20,18,0
cherry,2026-04-20,19,0
cherry,2026-04-20,20,1
cherry,2026-04-20,21,0
cherry,2026-04-20,22,0
cherry,2026-04-20,23,1
cherry,2026-04-20,24,0
cherry,2026-04-20,25,0
cherry,2026-04-20,26,6
cherry,2026-04-20,27,0
cherry,2026-04-20,28,1
cherry,2026-04-20,29,2
cherry,2026-04-20,30,0
cherry,2026-04-20,31,30
cherry,2026-04-20,32,19
cherry,2026-04-20,33,0
cherry,2026-04-20,34,62
cherry,2026-04-20,35,0
cherry,2026-04-20,36,2
cherry,2026-04-20,37,10
cherry,2026-04-20,38,12
cherry,2026-04-20,39,39
cherry,2026-04-20,40,14
cherry,2026-04-20,41,22
cherry,2026-04-20,42,12
cherry,2026-04-20,43,3
cherry,2026-04-20,44,0
cherry,2026-04-20,45,0
cherry,2026-04-20,46,1
cherry,2026-04-20,47,0
cherry,2026-04-21,0,0
cherry,2026-04-21,1,0
cherry,2026-04-21,2,0
cherry,2026-04-21,3,0
cherry,2026-04-21,4,0
cherry,2026-04-21,5,0
cherry,2026-04-21,6,0
cherry,2026-04-21,7,0
cherry,2026-04-21,8,0
cherry,2026-04-21,9,0
cherry,2026-04-21,10,0
cherry,2026-04-21,11,0
cherry,2026-04-21,12,0
cherry,2026-04-21,13,0
cherry,2026-04-21,14,0
cherry,2026-04-21,15,0
cherry,2026-04-21,16,0
cherry,2026-04-21,17,0
cherry,2026-04-21,18,0
cherry,2026-04-21,19,0
cherry,2026-04-21,20,3
cherry,2026-04-21,21,0
cherry,2026-04-21,22,0
cherry,2026-04-21,23,10
cherry,2026-04-21,24,4
cherry,2026-04-21,25,2
cherry,2026-04-21,26,0
cherry,2026-04-21,27,0
cherry,2026-04-21,28,10
cherry,2026-04-21,29,4
cherry,2026-04-21,30,0
cherry,2026-04-21,31,0
cherry,2026-04-21,32,3
cherry,2026-04-21,33,24
cherry,2026-04-21,34,4
cherry,2026-04-21,35,0
cherry,2026-04-21,36,8
cherry,2026-04-21,37,14
cherry,2026-04-21,38,6
cherry,2026-04-21,39,0
cherry,2026-04-21,40,0
cherry,2026-04-21,41,0
cherry,2026-04-21,42,1
cherry,2026-04-21,43,0
cherry,2026-04-21,44,0
cherry,2026-04-21,45,0
cherry,2026-04-21,46,0
cherry,2026-04-21,47,0
cherry,2026-04-22,0,0
cherry,2026-04-22,1,0
cherry,2026-04-22,2,0
cherry,2026-04-22,3,0
cherry,2026-04-22,4,0
cherry,2026-04-22,5,0
cherry,2026-04-22,6,0
cherry,2026-04-22,7,0
cherry,2026-04-22,8,0
cherry,2026-04-22,9,0
cherry,2026-04-22,10,0
cherry,2026-04-22,11,0
cherry,2026-04-22,12,0
cherry,2026-04-22,13,0
cherry,2026-04-22,14,0
cherry,2026-04-22,15,0
cherry,2026-04-22,16,0
cherry,2026-04-22,17,1
cherry,2026-04-22,18,0
cherry,2026-04-22,19,3
cherry,2026-04-22,20,0
cherry,2026-04-22,21,0
cherry,2026-04-22,22,0
cherry,2026-04-22,23,0
cherry,2026-04-22,24,0
cherry,2026-04-22,25,0
cherry,2026-04-22,26,0
cherry,2026-04-22,27,0
cherry,2026-04-22,28,0
cherry,2026-04-22,29,1
cherry,2026-04-22,30,17
cherry,2026-04-22,31,9
cherry,2026-04-22,32,0
cherry,2026-04-22,33,0
cherry,2026-04-22,34,0
cherry,2026-04-22,35,0
cherry,2026-04-22,36,1
cherry,2026-04-22,37,4
cherry,2026-04-22,38,33
cherry,2026-04-22,39,20
cherry,2026-04-22,40,10
cherry,2026-04-22,41,10
cherry,2026-04-22,42,2
cherry,2026-04-22,43,0
cherry,2026-04-22,44,0
cherry,2026-04-22,45,0
cherry,2026-04-22,46,0
cherry,2026-04-22,47,0
cherry,2026-04-23,0,0
cherry,2026-04-23,1,0
cherry,2026-04-23,2,0
cherry,2026-04-23,3,0
cherry,2026-04-23,4,0
cherry,2026-04-23,5,0
cherry,2026-04-23,6,0
cherry,2026-04-23,7,0
cherry,2026-04-23,8,0
cherry,2026-04-23,9,0
cherry,2026-04-23,10,0
cherry,2026-04-23,11,0
cherry,2026-04-23,12,0
cherry,2026-04-23,13,0
cherry,2026-04-23,14,0
cherry,2026-04-23,15,0
cherry,2026-04-23,16,1
cherry,2026-04-23,17,0
cherry,2026-04-23,18,1
cherry,2026-04-23,19,0
cherry,2026-04-23,20,0
cherry,2026-04-23,21,0
cherry,2026-04-23,22,3
cherry,2026-04-23,23,0
cherry,2026-04-23,24,0
cherry,2026-04-23,25,0
cherry,2026-04-23,26,1
cherry,2026-04-23,27,0
cherry,2026-04-23,28,0
cherry,2026-04-23,29,4
cherry,2026-04-23,30,0
cherry,2026-04-23,31,1
cherry,2026-04-23,32,0
cherry,2026-04-23,33,104
cherry,2026-04-23,34,75
cherry,2026-04-23,35,5
cherry,2026-04-23,36,0
cherry,2026-04-23,37,0
cherry,2026-04-23,38,5
cherry,2026-04-23,39,20
cherry,2026-04-23,40,6
cherry,2026-04-23,41,0
cherry,2026-04-23,42,5
cherry,2026-04-23,43,1
cherry,2026-04-23,44,0
cherry,2026-04-23,45,0
cherry,2026-04-23,46,0
cherry,2026-04-23,47,0
cherry,2026-04-24,0,0
cherry,2026-04-24,1,0
cherry,2026-04-24,2,0
cherry,2026-04-24,3,0
cherry,2026-04-24,4,0
cherry,2026-04-24,5,0
cherry,2026-04-24,6,0
cherry,2026-04-24,7,0
cherry,2026-04-24,8,1
cherry,2026-04-24,9,0
cherry,2026-04-24,10,0
cherry,2026-04-24,11,0
cherry,2026-04-24,12,0
cherry,2026-04-24,13,0
cherry,2026-04-24,14,0
cherry,2026-04-24,15,0
cherry,2026-04-24,16,0
cherry,2026-04-24,17,0
cherry,2026-04-24,18,1
cherry,2026-04-24,19,14
cherry,2026-04-24,20,0
cherry,2026-04-24,21,4
cherry,2026-04-24,22,0
cherry,2026-04-24,23,0
cherry,2026-04-24,24,0
cherry,2026-04-24,25,0
cherry,2026-04-24,26,0
cherry,2026-04-24,27,0
cherry,2026-04-24,28,1
cherry,2026-04-24,29,0
cherry,2026-04-24,30,0
cherry,2026-04-24,31,0
cherry,2026-04-24,32,0
cherry,2026-04-24,33,0
cherry,2026-04-24,34,20
cherry,2026-04-24,35,0
cherry,2026-04-24,36,0
cherry,2026-04-24,37,31
cherry,2026-04-24,38,10
cherry,2026-04-24,39,0
cherry,2026-04-24,40,2
cherry,2026-04-24,41,0
cherry,2026-04-24,42,0
cherry,2026-04-24,43,0
cherry,2026-04-24,44,0
cherry,2026-04-24,45,0
cherry,2026-04-24,46,0
cherry,2026-04-24,47,0
cherry,2026-04-25,0,0
cherry,2026-04-25,1,0
cherry,2026-04-25,2,1
cherry,2026-04-25,3,0
cherry,2026-04-25,4,0
cherry,2026-04-25,5,0
cherry,2026-04-25,6,0
cherry,2026-04-25,7,0
cherry,2026-04-25,8,0
cherry,2026-04-25,9,0
cherry,2026-04-25,10,0
cherry,2026-04-25,11,0
cherry,2026-04-25,12,0
cherry,2026-04-25,13,0
cherry,2026-04-25,14,0
cherry,2026-04-25,15,0
cherry,2026-04-25,16,1
cherry,2026-04-25,17,0
cherry,2026-04-25,18,0
cherry,2026-04-25,19,0
cherry,2026-04-25,20,0
cherry,2026-04-25,21,0
cherry,2026-04-25,22,0
cherry,2026-04-25,23,1
cherry,2026-04-25,24,0
cherry,2026-04-25,25,0
cherry,2026-04-25,26,0
cherry,2026-04-25,27,0
cherry,2026-04-25,28,0
cherry,2026-04-25,29,0
cherry,2026-04-25,30,0
cherry,2026-04-25,31,0
cherry,2026-04-25,32,0
cherry,2026-04-25,33,0
cherry,2026-04-25,34,0
cherry,2026-04-25,35,0
cherry,2026-04-25,36,0
cherry,2026-04-25,37,0
cherry,2026-04-25,38,0
cherry,2026-04-25,39,0
cherry,2026-04-25,40,0
cherry,2026-04-25,41,0
cherry,2026-04-25,42,0
cherry,2026-04-25,43,0
cherry,2026-04-25,44,0
cherry,2026-04-25,45,0
cherry,2026-04-25,46,0
cherry,2026-04-25,47,0
cherry,2026-04-26,0,0
cherry,2026-04-26,1,0
cherry,2026-04-26,2,0
cherry,2026-04-26,3,2
cherry,2026-04-26,4,0
cherry,2026-04-26,5,0
cherry,2026-04-26,6,0
cherry,2026-04-26,7,1
cherry,2026-04-26,8,0
cherry,2026-04-26,9,0
cherry,2026-04-26,10,1
cherry,2026-04-26,11,0
cherry,2026-04-26,12,0
cherry,2026-04-26,13,0
cherry,2026-04-26,14,0
cherry,2026-04-26,15,0
cherry,2026-04-26,16,0
cherry,2026-04-26,17,0
cherry,2026-04-26,18,0
cherry,2026-04-26,19,0
cherry,2026-04-26,20,1
cherry,2026-04-26,21,0
cherry,2026-04-26,22,0
cherry,2026-04-26,23,0
cherry,2026-04-26,24,0
cherry,2026-04-26,25,0
cherry,2026-04-26,26,0
cherry,2026-04-26,27,1
cherry,2026-04-26,28,2
cherry,2026-04-26,29,9
cherry,2026-04-26,30,0
cherry,2026-04-26,31,0
cherry,2026-04-26,32,0
cherry,2026-04-26,33,2
cherry,2026-04-26,34,3
cherry,2026-04-26,35,0
cherry,2026-04-26,36,0
cherry,2026-04-26,37,0
cherry,2026-04-26,38,0
cherry,2026-04-26,39,0
cherry,2026-04-26,40,0
cherry,2026-04-26,41,10
cherry,2026-04-26,42,1
cherry,2026-04-26,43,0
cherry,2026-04-26,44,0
cherry,2026-04-26,45,0
cherry,2026-04-26,46,1
cherry,2026-04-26,47,0
cherry,2026-04-27,0,2
cherry,2026-04-27,1,0
cherry,2026-04-27,2,10
cherry,2026-04-27,3,0
cherry,2026-04-27,4,0
cherry,2026-04-27,5,0
cherry,2026-04-27,6,0
cherry,2026-04-27,7,0
cherry,2026-04-27,8,0
cherry,2026-04-27,9,0
cherry,2026-04-27,10,0
cherry,2026-04-27,11,0
cherry,2026-04-27,12,0
cherry,2026-04-27,13,0
cherry,2026-04-27,14,0
cherry,2026-04-27,15,0
cherry,2026-04-27,16,0
cherry,2026-04-27,17,0
cherry,2026-04-27,18,0
cherry,2026-04-27,19,1
cherry,2026-04-27,20,0
cherry,2026-04-27,21,1
cherry,2026-04-27,22,0
cherry,2026-04-27,23,14
cherry,2026-04-27,24,0
cherry,2026-04-27,25,9
cherry,2026-04-27,26,9
cherry,2026-04-27,27,3
cherry,2026-04-27,28,0
cherry,2026-04-27,29,0
cherry,2026-04-27,30,22
cherry,2026-04-27,31,0
cherry,2026-04-27,32,0
cherry,2026-04-27,33,0
cherry,2026-04-27,34,2
cherry,2026-04-27,35,0
cherry,2026-04-27,36,0
cherry,2026-04-27,37,1
cherry,2026-04-27,38,1
cherry,2026-04-27,39,1
cherry,2026-04-27,40,1
cherry,2026-04-27,41,1
cherry,2026-04-27,42,0
cherry,2026-04-27,43,0
cherry,2026-04-27,44,0
cherry,2026-04-27,45,2
cherry,2026-04-27,46,16
cherry,2026-04-27,47,0
cherry,2026-04-28,0,0
cherry,2026-04-28,1,0
cherry,2026-04-28,2,0
cherry,2026-04-28,3,0
cherry,2026-04-28,4,0
cherry,2026-04-28,5,0
cherry,2026-04-28,6,0
cherry,2026-04-28,7,0
cherry,2026-04-28,8,0
cherry,2026-04-28,9,0
cherry,2026-04-28,10,0
cherry,2026-04-28,11,0
cherry,2026-04-28,12,0
cherry,2026-04-28,13,0
cherry,2026-04-28,14,0
cherry,2026-04-28,15,0
cherry,2026-04-28,16,0
cherry,2026-04-28,17,0
cherry,2026-04-28,18,0
cherry,2026-04-28,19,1
cherry,2026-04-28,20,0
cherry,2026-04-28,21,11
cherry,2026-04-28,22,0
cherry,2026-04-28,23,0
cherry,2026-04-28,24,0
cherry,2026-04-28,25,0
cherry,2026-04-28,26,32
cherry,2026-04-28,27,112
cherry,2026-04-28,28,1
cherry,2026-04-28,29,0
cherry,2026-04-28,30,0
cherry,2026-04-28,31,0
cherry,2026-04-28,32,0
cherry,2026-04-28,33,0
cherry,2026-04-28,34,0
cherry,2026-04-28,35,11
cherry,2026-04-28,36,35
cherry,2026-04-28,37,0
cherry,2026-04-28,38,14
cherry,2026-04-28,39,23
cherry,2026-04-28,40,12
cherry,2026-04-28,41,14
cherry,2026-04-28,42,0
cherry,2026-04-28,43,0
cherry,2026-04-28,44,0
cherry,2026-04-28,45,0
cherry,2026-04-28,46,0
cherry,2026-04-28,47,0
cherry,2026-04-29,0,0
cherry,2026-04-29,1,0
cherry,2026-04-29,2,0
cherry,2026-04-29,3,0
cherry,2026-04-29,4,0
cherry,2026-04-29,5,0
cherry,2026-04-29,6,0
cherry,2026-04-29,7,0
cherry,2026-04-29,8,0
cherry,2026-04-29,9,0
cherry,2026-04-29,10,0
cherry,2026-04-29,11,0
cherry,2026-04-29,12,0
cherry,2026-04-29,13,0
cherry,2026-04-29,14,0
cherry,2026-04-29,15,0
cherry,2026-04-29,16,0
cherry,2026-04-29,17,0
cherry,2026-04-29,18,0
cherry,2026-04-29,19,1
cherry,2026-04-29,20,0
cherry,2026-04-29,21,0
cherry,2026-04-29,22,0
cherry,2026-04-29,23,70
cherry,2026-04-29,24,0
cherry,2026-04-29,25,0
cherry,2026-04-29,26,1
cherry,2026-04-29,27,1
cherry,2026-04-29,28,0
cherry,2026-04-29,29,1
cherry,2026-04-29,30,0
cherry,2026-04-29,31,0
cherry,2026-04-29,32,1
cherry,2026-04-29,33,0
cherry,2026-04-29,34,0
cherry,2026-04-29,35,0
cherry,2026-04-29,36,0
cherry,2026-04-29,37,0
cherry,2026-04-29,38,0
cherry,2026-04-29,39,1
cherry,2026-04-29,40,0
cherry,2026-04-29,41,0
cherry,2026-04-29,42,0
cherry,2026-04-29,43,0
cherry,2026-04-29,44,0
cherry,2026-04-29,45,0
cherry,2026-04-29,46,0
cherry,2026-04-29,47,0
cherry,2026-04-30,0,1
cherry,2026-04-30,1,0
cherry,2026-04-30,2,0
cherry,2026-04-30,3,0
cherry,2026-04-30,4,0
cherry,2026-04-30,5,1
cherry,2026-04-30,6,0
cherry,2026-04-30,7,0
cherry,2026-04-30,8,0
cherry,2026-04-30,9,0
cherry,2026-04-30,10,0
cherry,2026-04-30,11,0
cherry,2026-04-30,12,0
cherry,2026-04-30,13,0
cherry,2026-04-30,14,1
cherry,2026-04-30,15,0
cherry,2026-04-30,16,0
cherry,2026-04-30,17,0
cherry,2026-04-30,18,0
cherry,2026-04-30,19,0
cherry,2026-04-30,20,4
cherry,2026-04-30,21,0
cherry,2026-04-30,22,0
cherry,2026-04-30,23,0
cherry,2026-04-30,24,0
cherry,2026-04-30,25,0
cherry,2026-04-30,26,0
cherry,2026-04-30,27,0
cherry,2026-04-30,28,0
cherry,2026-04-30,29,0
cherry,2026-04-30,30,0
cherry,2026-04-30,31,0
cherry,2026-04-30,32,0
cherry,2026-04-30,33,0
cherry,2026-04-30,34,0
cherry,2026-04-30,35,0
cherry,2026-04-30,36,0
cherry,2026-04-30,37,12
cherry,2026-04-30,38,207
cherry,2026-04-30,39,18
cherry,2026-04-30,40,0
cherry,2026-04-30,41,0
cherry,2026-04-30,42,0
cherry,2026-04-30,43,2
cherry,2026-04-30,44,0
cherry,2026-04-30,45,0
cherry,2026-04-30,46,0
cherry,2026-04-30,47,0
cherry,2026-05-01,0,8
cherry,2026-05-01,1,2
cherry,2026-05-01,2,0
cherry,2026-05-01,3,0
cherry,2026-05-01,4,0
cherry,2026-05-01,5,0
cherry,2026-05-01,6,0
cherry,2026-05-01,7,0
cherry,2026-05-01,8,0
cherry,2026-05-01,9,0
cherry,2026-05-01,10,0
cherry,2026-05-01,11,0
cherry,2026-05-01,12,0
cherry,2026-05-01,13,0
cherry,2026-05-01,14,0
cherry,2026-05-01,15,0
cherry,2026-05-01,16,4
cherry,2026-05-01,17,5
cherry,2026-05-01,18,0
cherry,2026-05-01,19,0
cherry,2026-05-01,20,1
cherry,2026-05-01,21,0
cherry,2026-05-01,22,0
cherry,2026-05-01,23,0
cherry,2026-05-01,24,0
cherry,2026-05-01,25,0
cherry,2026-05-01,26,0
cherry,2026-05-01,27,3
cherry,2026-05-01,28,0
cherry,2026-05-01,29,0
cherry,2026-05-01,30,19
cherry,2026-05-01,31,0
cherry,2026-05-01,32,0
cherry,2026-05-01,33,2
cherry,2026-05-01,34,0
cherry,2026-05-01,35,0
cherry,2026-05-01,36,0
cherry,2026-05-01,37,0
cherry,2026-05-01,38,5
cherry,2026-05-01,39,3
cherry,2026-05-01,40,1
cherry,2026-05-01,41,1
cherry,2026-05-01,42,0
cherry,2026-05-01,43,15
cherry,2026-05-01,44,0
cherry,2026-05-01,45,0
cherry,2026-05-01,46,0
cherry,2026-05-01,47,0
cherry,2026-05-02,0,0
cherry,2026-05-02,1,0
cherry,2026-05-02,2,0
cherry,2026-05-02,3,0
cherry,2026-05-02,4,0
cherry,2026-05-02,5,0
cherry,2026-05-02,6,0
cherry,2026-05-02,7,0
cherry,2026-05-02,8,0
cherry,2026-05-02,9,0
cherry,2026-05-02,10,0
cherry,2026-05-02,11,0
cherry,2026-05-02,12,0
cherry,2026-05-02,13,0
cherry,2026-05-02,14,0
cherry,2026-05-02,15,3
cherry,2026-05-02,16,0
cherry,2026-05-02,17,0
cherry,2026-05-02,18,0
cherry,2026-05-02,19,0
cherry,2026-05-02,20,0
cherry,2026-05-02,21,0
cherry,2026-05-02,22,0
cherry,2026-05-02,23,0
cherry,2026-05-02,24,0
cherry,2026-05-02,25,0
cherry,2026-05-02,26,0
cherry,2026-05-02,27,0
cherry,2026-05-02,28,0
cherry,2026-05-02,29,0
cherry,2026-05-02,30,1
cherry,2026-05-02,31,5
cherry,2026-05-02,32,0
cherry,2026-05-02,33,5
cherry,2026-05-02,34,0
cherry,2026-05-02,35,0
cherry,2026-05-02,36,58
cherry,2026-05-02,37,0
cherry,2026-05-02,38,0
cherry,2026-05-02,39,0
cherry,2026-05-02,40,0
cherry,2026-05-02,41,0
cherry,2026-05-02,42,0
cherry,2026-05-02,43,73
cherry,2026-05-02,44,16
cherry,2026-05-02,45,0
cherry,2026-05-02,46,0
cherry,2026-05-02,47,0
cherry,2026-05-03,0,0
cherry,2026-05-03,1,0
cherry,2026-05-03,2,0
cherry,2026-05-03,3,0
cherry,2026-05-03,4,0
cherry,2026-05-03,5,0
cherry,2026-05-03,6,0
cherry,2026-05-03,7,0
cherry,2026-05-03,8,0
cherry,2026-05-03,9,0
cherry,2026-05-03,10,0
cherry,2026-05-03,11,0
cherry,2026-05-03,12,0
cherry,2026-05-03,13,0
cherry,2026-05-03,14,0
cherry,2026-05-03,15,0
cherry,2026-05-03,16,21
cherry,2026-05-03,17,0
cherry,2026-05-03,18,0
cherry,2026-05-03,19,0
cherry,2026-05-03,20,0
cherry,2026-05-03,21,0
cherry,2026-05-03,22,0
cherry,2026-05-03,23,0
cherry,2026-05-03,24,0
cherry,2026-05-03,25,0
cherry,2026-05-03,26,1
cherry,2026-05-03,27,0
cherry,2026-05-03,28,0
cherry,2026-05-03,29,0
cherry,2026-05-03,30,0
cherry,2026-05-03,31,0
cherry,2026-05-03,32,0
cherry,2026-05-03,33,1
cherry,2026-05-03,34,3
cherry,2026-05-03,35,0
cherry,2026-05-03,36,0
cherry,2026-05-03,37,1
cherry,2026-05-03,38,0
cherry,2026-05-03,39,38
cherry,2026-05-03,40,1
cherry,2026-05-03,41,6
cherry,2026-05-03,42,3
cherry,2026-05-03,43,0
cherry,2026-05-03,44,0
cherry,2026-05-03,45,9
cherry,2026-05-03,46,0
cherry,2026-05-03,47,0
cherry,2026-05-04,0,0
cherry,2026-05-04,1,0
cherry,2026-05-04,2,0
cherry,2026-05-04,3,0
cherry,2026-05-04,4,0
cherry,2026-05-04,5,0
cherry,2026-05-04,6,0
cherry,2026-05-04,7,0
cherry,2026-05-04,8,0
cherry,2026-05-04,9,0
cherry,2026-05-04,10,1
cherry,2026-05-04,11,0
cherry,2026-05-04,12,0
cherry,2026-05-04,13,0
cherry,2026-05-04,14,0
cherry,2026-05-04,15,0
cherry,2026-05-04,16,0
cherry,2026-05-04,17,0
cherry,2026-05-04,18,38
cherry,2026-05-04,19,0
cherry,2026-05-04,20,0
cherry,2026-05-04,21,0
cherry,2026-05-04,22,43
cherry,2026-05-04,23,4
cherry,2026-05-04,24,0
cherry,2026-05-04,25,1
cherry,2026-05-04,26,12
cherry,2026-05-04,27,0
cherry,2026-05-04,28,0
cherry,2026-05-04,29,0
cherry,2026-05-04,30,19
cherry,2026-05-04,31,82
cherry,2026-05-04,32,0
cherry,2026-05-04,33,1
cherry,2026-05-04,34,1
cherry,2026-05-04,35,69
cherry,2026-05-04,36,0
cherry,2026-05-04,37,0
cherry,2026-05-04,38,24
cherry,2026-05-04,39,19
cherry,2026-05-04,40,0
cherry,2026-05-04,41,11
cherry,2026-05-04,42,0
cherry,2026-05-04,43,0
cherry,2026-05-04,44,0
cherry,2026-05-04,45,30
cherry,2026-05-04,46,0
cherry,2026-05-04,47,0
cherry,2026-05-05,0,0
cherry,2026-05-05,1,0
cherry,2026-05-05,2,0
cherry,2026-05-05,3,0
cherry,2026-05-05,4,0
cherry,2026-05-05,5,0
cherry,2026-05-05,6,0
cherry,2026-05-05,7,0
cherry,2026-05-05,8,0
cherry,2026-05-05,9,0
cherry,2026-05-05,10,0
cherry,2026-05-05,11,0
cherry,2026-05-05,12,0
cherry,2026-05-05,13,0
cherry,2026-05-05,14,0
cherry,2026-05-05,15,0
cherry,2026-05-05,16,3
cherry,2026-05-05,17,0
cherry,2026-05-05,18,1
cherry,2026-05-05,19,1
cherry,2026-05-05,20,1
cherry,2026-05-05,21,0
cherry,2026-05-05,22,62
cherry,2026-05-05,23,0
cherry,2026-05-05,24,0
cherry,2026-05-05,25,0
cherry,2026-05-05,26,0
cherry,2026-05-05,27,5
cherry,2026-05-05,28,0
cherry,2026-05-05,29,0
cherry,2026-05-05,30,0
cherry,2026-05-05,31,0
cherry,2026-05-05,32,0
cherry,2026-05-05,33,25
cherry,2026-05-05,34,27
cherry,2026-05-05,35,0
cherry,2026-05-05,36,0
cherry,2026-05-05,37,10
cherry,2026-05-05,38,4
cherry,2026-05-05,39,20
cherry,2026-05-05,40,3
cherry,2026-05-05,41,5
cherry,2026-05-05,42,1
cherry,2026-05-05,43,0
cherry,2026-05-05,44,0
cherry,2026-05-05,45,0
cherry,2026-05-05,46,1
cherry,2026-05-05,47,0
cherry,2026-05-06,0,3
cherry,2026-05-06,1,5
cherry,2026-05-06,2,0
cherry,2026-05-06,3,0
cherry,2026-05-06,4,0
cherry,2026-05-06,5,0
cherry,2026-05-06,6,0
cherry,2026-05-06,7,0
cherry,2026-05-06,8,0
cherry,2026-05-06,9,0
cherry,2026-05-06,10,0
cherry,2026-05-06,11,0
cherry,2026-05-06,12,0
cherry,2026-05-06,13,0
cherry,2026-05-06,14,0
cherry,2026-05-06,15,0
cherry,2026-05-06,16,4
cherry,2026-05-06,17,0
cherry,2026-05-06,18,0
cherry,2026-05-06,19,1
cherry,2026-05-06,20,82
cherry,2026-05-06,21,24
cherry,2026-05-06,22,2
cherry,2026-05-06,23,0
cherry,2026-05-06,24,0
cherry,2026-05-06,25,0
cherry,2026-05-06,26,7
cherry,2026-05-06,27,0
cherry,2026-05-06,28,0
cherry,2026-05-06,29,0
cherry,2026-05-06,30,2
cherry,2026-05-06,31,0
cherry,2026-05-06,32,0
cherry,2026-05-06,33,0
cherry,2026-05-06,34,20
cherry,2026-05-06,35,2
cherry,2026-05-06,36,0
cherry,2026-05-06,37,1
cherry,2026-05-06,38,8
cherry,2026-05-06,39,10
cherry,2026-05-06,40,3
cherry,2026-05-06,41,31
cherry,2026-05-06,42,25
cherry,2026-05-06,43,0
cherry,2026-05-06,44,0
cherry,2026-05-06,45,0
cherry,2026-05-06,46,3
cherry,2026-05-06,47,0
cherry,2026-05-07,0,0
cherry,2026-05-07,1,0
cherry,2026-05-07,2,0
cherry,2026-05-07,3,0
cherry,2026-05-07,4,0
cherry,2026-05-07,5,0
cherry,2026-05-07,6,0
cherry,2026-05-07,7,0
cherry,2026-05-07,8,0
cherry,2026-05-07,9,0
cherry,2026-05-07,10,0
cherry,2026-05-07,11,0
cherry,2026-05-07,12,0
cherry,2026-05-07,13,0
cherry,2026-05-07,14,0
cherry,2026-05-07,15,0
cherry,2026-05-07,16,1
cherry,2026-05-07,17,2
cherry,2026-05-07,18,7
cherry,2026-05-07,19,3
cherry,2026-05-07,20,0
cherry,2026-05-07,21,1
cherry,2026-05-07,22,66
cherry,2026-05-07,23,0
cherry,2026-05-07,24,2
cherry,2026-05-07,25,0
cherry,2026-05-07,26,0
cherry,2026-05-07,27,18
cherry,2026-05-07,28,0
cherry,2026-05-07,29,0
cherry,2026-05-07,30,0
cherry,2026-05-07,31,5
cherry,2026-05-07,32,10
cherry,2026-05-07,33,0
cherry,2026-05-07,34,0
cherry,2026-05-07,35,1
cherry,2026-05-07,36,12
cherry,2026-05-07,37,9
cherry,2026-05-07,38,1
cherry,2026-05-07,39,8
cherry,2026-05-07,40,0
cherry,2026-05-07,41,0
cherry,2026-05-07,42,0
cherry,2026-05-07,43,0
cherry,2026-05-07,44,8
cherry,2026-05-07,45,0
cherry,2026-05-07,46,1
cherry,2026-05-07,47,1
cherry,2026-05-08,0,0
cherry,2026-05-08,1,0
cherry,2026-05-08,2,0
cherry,2026-05-08,3,0
cherry,2026-05-08,4,0
cherry,2026-05-08,5,0
cherry,2026-05-08,6,0
cherry,2026-05-08,7,0
cherry,2026-05-08,8,0
cherry,2026-05-08,9,0
cherry,2026-05-08,10,0
cherry,2026-05-08,11,0
cherry,2026-05-08,12,0
cherry,2026-05-08,13,0
cherry,2026-05-08,14,0
cherry,2026-05-08,15,0
cherry,2026-05-08,16,0
cherry,2026-05-08,17,0
cherry,2026-05-08,18,1
cherry,2026-05-08,19,45
cherry,2026-05-08,20,0
cherry,2026-05-08,21,34
cherry,2026-05-08,22,0
cherry,2026-05-08,23,0
cherry,2026-05-08,24,0
cherry,2026-05-08,25,0
cherry,2026-05-08,26,0
cherry,2026-05-08,27,0
cherry,2026-05-08,28,5
cherry,2026-05-08,29,0
cherry,2026-05-08,30,1
cherry,2026-05-08,31,0
cherry,2026-05-08,32,0
cherry,2026-05-08,33,0
cherry,2026-05-08,34,5
cherry,2026-05-08,35,0
cherry,2026-05-08,36,0
cherry,2026-05-08,37,0
cherry,2026-05-08,38,1
cherry,2026-05-08,39,0
cherry,2026-05-08,40,0
cherry,2026-05-08,41,0
cherry,2026-05-08,42,0
cherry,2026-05-08,43,0
cherry,2026-05-08,44,0
cherry,2026-05-08,45,0
cherry,2026-05-08,46,0
cherry,2026-05-08,47,0
cherry,2026-05-09,0,0
cherry,2026-05-09,1,9
cherry,2026-05-09,2,1
cherry,2026-05-09,3,0
cherry,2026-05-09,4,0
cherry,2026-05-09,5,0
cherry,2026-05-09,6,2
cherry,2026-05-09,7,0
cherry,2026-05-09,8,1
cherry,2026-05-09,9,0
cherry,2026-05-09,10,0
cherry,2026-05-09,11,0
cherry,2026-05-09,12,0
cherry,2026-05-09,13,0
cherry,2026-05-09,14,0
cherry,2026-05-09,15,0
cherry,2026-05-09,16,0
cherry,2026-05-09,17,1
cherry,2026-05-09,18,0
cherry,2026-05-09,19,0
cherry,2026-05-09,20,0
cherry,2026-05-09,21,0
cherry,2026-05-09,22,0
cherry,2026-05-09,23,0
cherry,2026-05-09,24,1
cherry,2026-05-09,25,0
cherry,2026-05-09,26,0
cherry,2026-05-09,27,0
cherry,2026-05-09,28,1
cherry,2026-05-09,29,0
cherry,2026-05-09,30,0
cherry,2026-05-09,31,1
cherry,2026-05-09,32,0
cherry,2026-05-09,33,0
cherry,2026-05-09,34,0
cherry,2026-05-09,35,0
cherry,2026-05-09,36,0
cherry,2026-05-09,37,0
cherry,2026-05-09,38,0
cherry,2026-05-09,39,0
cherry,2026-05-09,40,0
cherry,2026-05-09,41,0
cherry,2026-05-09,42,0
cherry,2026-05-09,43,0
cherry,2026-05-09,44,0
cherry,2026-05-09,45,0
cherry,2026-05-09,46,0
cherry,2026-05-09,47,0
cherry,2026-05-10,0,1
cherry,2026-05-10,1,0
cherry,2026-05-10,2,0
cherry,2026-05-10,3,0
cherry,2026-05-10,4,0
cherry,2026-05-10,5,0
cherry,2026-05-10,6,0
cherry,2026-05-10,7,0
cherry,2026-05-10,8,0
cherry,2026-05-10,9,0
cherry,2026-05-10,10,0
cherry,2026-05-10,11,0
cherry,2026-05-10,12,0
cherry,2026-05-10,13,1
cherry,2026-05-10,14,0
cherry,2026-05-10,15,0
cherry,2026-05-10,16,0
cherry,2026-05-10,17,0
cherry,2026-05-10,18,0
cherry,2026-05-10,19,0
cherry,2026-05-10,20,0
cherry,2026-05-10,21,0
cherry,2026-05-10,22,0
cherry,2026-05-10,23,0
cherry,2026-05-10,24,0
cherry,2026-05-10,25,0
cherry,2026-05-10,26,0
cherry,2026-05-10,27,0
cherry,2026-05-10,28,0
cherry,2026-05-10,29,0
cherry,2026-05-10,30,0
cherry,2026-05-10,31,5
cherry,2026-05-10,32,0
cherry,2026-05-10,33,1
cherry,2026-05-10,34,0
cherry,2026-05-10,35,6
cherry,2026-05-10,36,1
cherry,2026-05-10,37,4
cherry,2026-05-10,38,0
cherry,2026-05-10,39,9
cherry,2026-05-10,40,12
cherry,2026-05-10,41,11
cherry,2026-05-10,42,0
cherry,2026-05-10,43,0
cherry,2026-05-10,44,0
cherry,2026-05-10,45,3
cherry,2026-05-10,46,0
cherry,2026-05-10,47,0
cherry,2026-05-11,0,0
cherry,2026-05-11,1,0
cherry,2026-05-11,2,0
cherry,2026-05-11,3,0
cherry,2026-05-11,4,0
cherry,2026-05-11,5,0
cherry,2026-05-11,6,0
cherry,2026-05-11,7,0
cherry,2026-05-11,8,0
cherry,2026-05-11,9,0
cherry,2026-05-11,10,0
cherry,2026-05-11,11,0
cherry,2026-05-11,12,0
cherry,2026-05-11,13,0
cherry,2026-05-11,14,0
cherry,2026-05-11,15,0
cherry,2026-05-11,16,0
cherry,2026-05-11,17,0
cherry,2026-05-11,18,0
cherry,2026-05-11,19,0
cherry,2026-05-11,20,0
cherry,2026-05-11,21,0
cherry,2026-05-11,22,0
cherry,2026-05-11,23,6
cherry,2026-05-11,24,201
cherry,2026-05-11,25,5
cherry,2026-05-11,26,40
cherry,2026-05-11,27,32
cherry,2026-05-11,28,0
cherry,2026-05-11,29,0
cherry,2026-05-11,30,0
cherry,2026-05-11,31,71
cherry,2026-05-11,32,0
cherry,2026-05-11,33,2
cherry,2026-05-11,34,2
cherry,2026-05-11,35,0
cherry,2026-05-11,36,4
cherry,2026-05-11,37,3
cherry,2026-05-11,38,2
cherry,2026-05-11,39,0
cherry,2026-05-11,40,0
cherry,2026-05-11,41,0
cherry,2026-05-11,42,0
cherry,2026-05-11,43,0
cherry,2026-05-11,44,0
cherry,2026-05-11,45,0
cherry,2026-05-11,46,0
cherry,2026-05-11,47,0
cherry,2026-05-12,0,0
cherry,2026-05-12,1,0
cherry,2026-05-12,2,0
cherry,2026-05-12,3,0
cherry,2026-05-12,4,0
cherry,2026-05-12,5,0
cherry,2026-05-12,6,0
cherry,2026-05-12,7,0
cherry,2026-05-12,8,0
cherry,2026-05-12,9,0
cherry,2026-05-12,10,0
cherry,2026-05-12,11,0
cherry,2026-05-12,12,0
cherry,2026-05-12,13,0
cherry,2026-05-12,14,0
cherry,2026-05-12,15,0
cherry,2026-05-12,16,1
cherry,2026-05-12,17,0
cherry,2026-05-12,18,0
cherry,2026-05-12,19,0
cherry,2026-05-12,20,0
cherry,2026-05-12,21,0
cherry,2026-05-12,22,0
cherry,2026-05-12,23,0
cherry,2026-05-12,24,0
cherry,2026-05-12,25,0
cherry,2026-05-12,26,1
cherry,2026-05-12,27,0
cherry,2026-05-12,28,0
cherry,2026-05-12,29,0
cherry,2026-05-12,30,10
cherry,2026-05-12,31,12
cherry,2026-05-12,32,0
cherry,2026-05-12,33,0
cherry,2026-05-12,34,1
cherry,2026-05-12,35,0
cherry,2026-05-12,36,0
cherry,2026-05-12,37,2
cherry,2026-05-12,38,1
cherry,2026-05-12,39,0
cherry,2026-05-12,40,1
cherry,2026-05-12,41,0
cherry,2026-05-12,42,0
cherry,2026-05-12,43,0
cherry,2026-05-12,44,0
cherry,2026-05-12,45,0
cherry,2026-05-12,46,0
cherry,2026-05-12,47,0
cherry,2026-05-13,0,0
cherry,2026-05-13,1,0
cherry,2026-05-13,2,0
cherry,2026-05-13,3,0
cherry,2026-05-13,4,0
cherry,2026-05-13,5,0
cherry,2026-05-13,6,0
cherry,2026-05-13,7,0
cherry,2026-05-13,8,0
cherry,2026-05-13,9,0
cherry,2026-05-13,10,0
cherry,2026-05-13,11,0
cherry,2026-05-13,12,0
cherry,2026-05-13,13,0
cherry,2026-05-13,14,0
cherry,2026-05-13,15,0
cherry,2026-05-13,16,0
cherry,2026-05-13,17,1
cherry,2026-05-13,18,1
cherry,2026-05-13,19,67
cherry,2026-05-13,20,0
cherry,2026-05-13,21,0
cherry,2026-05-13,22,0
cherry,2026-05-13,23,0
cherry,2026-05-13,24,0
cherry,2026-05-13,25,0
cherry,2026-05-13,26,1
cherry,2026-05-13,27,3
cherry,2026-05-13,28,0
cherry,2026-05-13,29,0
cherry,2026-05-13,30,0
cherry,2026-05-13,31,0
cherry,2026-05-13,32,0
cherry,2026-05-13,33,0
cherry,2026-05-13,34,1
cherry,2026-05-13,35,0
cherry,2026-05-13,36,1
cherry,2026-05-13,37,1
cherry,2026-05-13,38,0
cherry,2026-05-13,39,7
cherry,2026-05-13,40,0
cherry,2026-05-13,41,6
cherry,2026-05-13,42,0
cherry,2026-05-13,43,0
cherry,2026-05-13,44,0
cherry,2026-05-13,45,0
cherry,2026-05-13,46,1
cherry,2026-05-13,47,0
cherry,2026-05-14,0,0
cherry,2026-05-14,1,0
cherry,2026-05-14,2,0
cherry,2026-05-14,3,0
cherry,2026-05-14,4,1
cherry,2026-05-14,5,0
cherry,2026-05-14,6,0
cherry,2026-05-14,7,0
cherry,2026-05-14,8,0
cherry,2026-05-14,9,0
cherry,2026-05-14,10,0
cherry,2026-05-14,11,0
cherry,2026-05-14,12,0
cherry,2026-05-14,13,0
cherry,2026-05-14,14,0
cherry,2026-05-14,15,0
cherry,2026-05-14,16,0
cherry,2026-05-14,17,0
cherry,2026-05-14,18,0
cherry,2026-05-14,19,0
cherry,2026-05-14,20,0
cherry,2026-05-14,21,3
cherry,2026-05-14,22,0
cherry,2026-05-14,23,0
cherry,2026-05-14,24,87
cherry,2026-05-14,25,11
cherry,2026-05-14,26,0
cherry,2026-05-14,27,0
cherry,2026-05-14,28,0
cherry,2026-05-14,29,106
cherry,2026-05-14,30,0
cherry,2026-05-14,31,0
cherry,2026-05-14,32,0
cherry,2026-05-14,33,0
cherry,2026-05-14,34,0
cherry,2026-05-14,35,0
cherry,2026-05-14,36,0
cherry,2026-05-14,37,111
cherry,2026-05-14,38,0
cherry,2026-05-14,39,0
cherry,2026-05-14,40,20
cherry,2026-05-14,41,0
cherry,2026-05-14,42,17
cherry,2026-05-14,43,8
cherry,2026-05-14,44,7
cherry,2026-05-14,45,0
cherry,2026-05-14,46,0
cherry,2026-05-14,47,0
cherry,2026-05-15,0,0
cherry,2026-05-15,1,0
cherry,2026-05-15,2,0
cherry,2026-05-15,3,1
cherry,2026-05-15,4,0
cherry,2026-05-15,5,0
cherry,2026-05-15,6,0
cherry,2026-05-15,7,0
cherry,2026-05-15,8,0
cherry,2026-05-15,9,1
cherry,2026-05-15,10,0
cherry,2026-05-15,11,0
cherry,2026-05-15,12,0
cherry,2026-05-15,13,0
cherry,2026-05-15,14,0
cherry,2026-05-15,15,0
cherry,2026-05-15,16,0
cherry,2026-05-15,17,0
cherry,2026-05-15,18,11
cherry,2026-05-15,19,1
cherry,2026-05-15,20,0
cherry,2026-05-15,21,0
cherry,2026-05-15,22,1
cherry,2026-05-15,23,1
cherry,2026-05-15,24,1
cherry,2026-05-15,25,255
cherry,2026-05-15,26,212
cherry,2026-05-15,27,1
cherry,2026-05-15,28,2
cherry,2026-05-15,29,0
cherry,2026-05-15,30,0
cherry,2026-05-15,31,0
cherry,2026-05-15,32,0
cherry,2026-05-15,33,12
cherry,2026-05-15,34,0
cherry,2026-05-15,35,0
cherry,2026-05-15,36,0
cherry,2026-05-15,37,147
cherry,2026-05-15,38,4
cherry,2026-05-15,39,0
cherry,2026-05-15,40,0
cherry,2026-05-15,41,0
cherry,2026-05-15,42,85
cherry,2026-05-15,43,81
cherry,2026-05-15,44,36
cherry,2026-05-15,45,38
cherry,2026-05-15,46,92
cherry,2026-05-15,47,4
cherry,2026-05-16,0,0
cherry,2026-05-16,1,0
cherry,2026-05-16,2,0
cherry,2026-05-16,3,0
cherry,2026-05-16,4,1
cherry,2026-05-16,5,0
cherry,2026-05-16,6,0
cherry,2026-05-16,7,0
cherry,2026-05-16,8,0
cherry,2026-05-16,9,0
cherry,2026-05-16,10,0
cherry,2026-05-16,11,0
cherry,2026-05-16,12,0
cherry,2026-05-16,13,0
cherry,2026-05-16,14,0
cherry,2026-05-16,15,0
cherry,2026-05-16,16,0
cherry,2026-05-16,17,0
cherry,2026-05-16,18,0
cherry,2026-05-16,19,255
cherry,2026-05-16,20,108
cherry,2026-05-16,21,43
cherry,2026-05-16,22,21
cherry,2026-05-16,23,0
cherry,2026-05-16,24,0
cherry,2026-05-16,25,6
cherry,2026-05-16,26,40
cherry,2026-05-16,27,0
cherry,2026-05-16,28,0
cherry,2026-05-16,29,28
cherry,2026-05-16,30,7
cherry,2026-05-16,31,1
cherry,2026-05-16,32,11
cherry,2026-05-16,33,2
cherry,2026-05-16,34,0
cherry,2026-05-16,35,2
cherry,2026-05-16,36,0
cherry,2026-05-16,37,0
cherry,2026-05-16,38,0
cherry,2026-05-16,39,0
cherry,2026-05-16,40,4
cherry,2026-05-16,41,0
cherry,2026-05-16,42,0
cherry,2026-05-16,43,0
cherry,2026-05-16,44,0
cherry,2026-05-16,45,0
cherry,2026-05-16,46,0
cherry,2026-05-16,47,0
cherry,2026-05-17,0,0
cherry,2026-05-17,1,1
cherry,2026-05-17,2,0
cherry,2026-05-17,3,0
cherry,2026-05-17,4,0
cherry,2026-05-17,5,0
cherry,2026-05-17,6,0
cherry,2026-05-17,7,0
cherry,2026-05-17,8,0
cherry,2026-05-17,9,0
cherry,2026-05-17,10,0
cherry,2026-05-17,11,0
cherry,2026-05-17,12,0
cherry,2026-05-17,13,0
cherry,2026-05-17,14,0
cherry,2026-05-17,15,0
cherry,2026-05-17,16,0
cherry,2026-05-17,17,6
cherry,2026-05-17,18,0
cherry,2026-05-17,19,0
cherry,2026-05-17,20,0
cherry,2026-05-17,21,0
cherry,2026-05-17,22,0
cherry,2026-05-17,23,0
cherry,2026-05-17,24,0
cherry,2026-05-17,25,0
cherry,2026-05-17,26,3
cherry,2026-05-17,27,6
cherry,2026-05-17,28,0
cherry,2026-05-17,29,0
cherry,2026-05-17,30,0
cherry,2026-05-17,31,0
cherry,2026-05-17,32,0
cherry,2026-05-17,33,110
cherry,2026-05-17,34,0
cherry,2026-05-17,35,162
cherry,2026-05-17,36,11
cherry,2026-05-17,37,0
cherry,2026-05-17,38,0
cherry,2026-05-17,39,0
cherry,2026-05-17,40,0
cherry,2026-05-17,41,0
cherry,2026-05-17,42,0
cherry,2026-05-17,43,0
cherry,2026-05-17,44,2
cherry,2026-05-17,45,1
cherry,2026-05-17,46,1
cherry,2026-05-17,47,0
cherry,2026-05-18,0,1
cherry,2026-05-18,1,13
cherry,2026-05-18,2,0
cherry,2026-05-18,3,0
cherry,2026-05-18,4,0
cherry,2026-05-18,5,0
cherry,2026-05-18,6,0
cherry,2026-05-18,7,0
cherry,2026-05-18,8,0
cherry,2026-05-18,9,0
cherry,2026-05-18,10,0
cherry,2026-05-18,11,0
cherry,2026-05-18,12,0
cherry,2026-05-18,13,0
cherry,2026-05-18,14,0
cherry,2026-05-18,15,0
cherry,2026-05-18,16,2
cherry,2026-05-18,17,1
cherry,2026-05-18,18,0
cherry,2026-05-18,19,2
cherry,2026-05-18,20,72
cherry,2026-05-18,21,9
cherry,2026-05-18,22,0
cherry,2026-05-18,23,0
cherry,2026-05-18,24,0
cherry,2026-05-18,25,0
cherry,2026-05-18,26,10
cherry,2026-05-18,27,0
cherry,2026-05-18,28,0
cherry,2026-05-18,29,0
cherry,2026-05-18,30,0
cherry,2026-05-18,31,0
cherry,2026-05-18,32,0
cherry,2026-05-18,33,1
cherry,2026-05-18,34,0
cherry,2026-05-18,35,0
cherry,2026-05-18,36,0
cherry,2026-05-18,37,0
cherry,2026-05-18,38,0
cherry,2026-05-18,39,57
cherry,2026-05-18,40,4
cherry,2026-05-18,41,23
cherry,2026-05-18,42,14
cherry,2026-05-18,43,0
cherry,2026-05-18,44,0
cherry,2026-05-18,45,0
cherry,2026-05-18,46,0
cherry,2026-05-18,47,0
cherry,2026-05-19,0,0
cherry,2026-05-19,1,0
cherry,2026-05-19,2,0
cherry,2026-05-19,3,0
cherry,2026-05-19,4,0
cherry,2026-05-19,5,0
cherry,2026-05-19,6,0
cherry,2026-05-19,7,0
cherry,2026-05-19,8,0
cherry,2026-05-19,9,0
cherry,2026-05-19,10,0
cherry,2026-05-19,11,0
cherry,2026-05-19,12,0
cherry,2026-05-19,13,0
cherry,2026-05-19,14,0
cherry,2026-05-19,15,0
cherry,2026-05-19,16,0
cherry,2026-05-19,17,0
cherry,2026-05-19,18,0
cherry,2026-05-19,19,3
cherry,2026-05-19,20,0
cherry,2026-05-19,21,0
cherry,2026-05-19,22,0
cherry,2026-05-19,23,0
cherry,2026-05-19,24,60
cherry,2026-05-19,25,2
cherry,2026-05-19,26,9
cherry,2026-05-19,27,0
cherry,2026-05-19,28,2
cherry,2026-05-19,29,0
cherry,2026-05-19,30,0
cherry,2026-05-19,31,0
cherry,2026-05-19,32,0
cherry,2026-05-19,33,2
cherry,2026-05-19,34,0
cherry,2026-05-19,35,0
cherry,2026-05-19,36,0
cherry,2026-05-19,37,0
cherry,2026-05-19,38,0
cherry,2026-05-19,39,29
cherry,2026-05-19,40,22
cherry,2026-05-19,41,8
cherry,2026-05-19,42,1
cherry,2026-05-19,43,6
cherry,2026-05-19,44,0
cherry,2026-05-19,45,0
cherry,2026-05-19,46,0
cherry,2026-05-19,47,0
cherry,2026-05-20,0,0
cherry,2026-05-20,1,0
cherry,2026-05-20,2,0
cherry,2026-05-20,3,0
cherry,2026-05-20,4,0
cherry,2026-05-20,5,0
cherry,2026-05-20,6,0
cherry,2026-05-20,7,0
cherry,2026-05-20,8,0
cherry,2026-05-20,9,0
cherry,2026-05-20,10,0
cherry,2026-05-20,11,0
cherry,2026-05-20,12,0
cherry,2026-05-20,13,1
cherry,2026-05-20,14,0
cherry,2026-05-20,15,0
cherry,2026-05-20,16,3
cherry,2026-05-20,17,0
cherry,2026-05-20,18,0
cherry,2026-05-20,19,0
cherry,2026-05-20,20,0
cherry,2026-05-20,21,0
cherry,2026-05-20,22,0
cherry,2026-05-20,23,12
cherry,2026-05-20,24,2
cherry,2026-05-20,25,3
cherry,2026-05-20,26,0
cherry,2026-05-20,27,0
cherry,2026-05-20,28,0
cherry,2026-05-20,29,0
cherry,2026-05-20,30,0
cherry,2026-05-20,31,0
cherry,2026-05-20,32,0
cherry,2026-05-20,33,0
cherry,2026-05-20,34,0
cherry,2026-05-20,35,0
cherry,2026-05-20,36,0
cherry,2026-05-20,37,22
cherry,2026-05-20,38,1
cherry,2026-05-20,39,0
cherry,2026-05-20,40,28
cherry,2026-05-20,41,2
cherry,2026-05-20,42,0
cherry,2026-05-20,43,0
cherry,2026-05-20,44,4
cherry,2026-05-20,45,0
cherry,2026-05-20,46,0
cherry,2026-05-20,47,0
cherry,2026-05-21,0,0
cherry,2026-05-21,1,0
cherry,2026-05-21,2,0
cherry,2026-05-21,3,0
cherry,2026-05-21,4,0
cherry,2026-05-21,5,0
cherry,2026-05-21,6,0
cherry,2026-05-21,7,0
cherry,2026-05-21,8,0
cherry,2026-05-21,9,0
cherry,2026-05-21,10,0
cherry,2026-05-21,11,0
cherry,2026-05-21,12,0
cherry,2026-05-21,13,0
cherry,2026-05-21,14,0
cherry,2026-05-21,15,0
cherry,2026-05-21,16,0
cherry,2026-05-21,17,0
cherry,2026-05-21,18,0
cherry,2026-05-21,19,0
cherry,2026-05-21,20,0
cherry,2026-05-21,21,0
cherry,2026-05-21,22,1
cherry,2026-05-21,23,0
cherry,2026-05-21,24,0
cherry,2026-05-21,25,0
cherry,2026-05-21,26,0
cherry,2026-05-21,27,11
cherry,2026-05-21,28,12
cherry,2026-05-21,29,0
cherry,2026-05-21,30,0
cherry,2026-05-21,31,0
cherry,2026-05-21,32,0
cherry,2026-05-21,33,0
cherry,2026-05-21,34,0
cherry,2026-05-21,35,6
cherry,2026-05-21,36,0
cherry,2026-05-21,37,0
cherry,2026-05-21,38,0
cherry,2026-05-21,39,0
cherry,2026-05-21,40,0
cherry,2026-05-21,41,0
cherry,2026-05-21,42,16
cherry,2026-05-21,43,9
cherry,2026-05-21,44,11
cherry,2026-05-21,45,0
cherry,2026-05-21,46,1
cherry,2026-05-21,47,0
cherry,2026-05-22,0,0
cherry,2026-05-22,1,0
cherry,2026-05-22,2,0
cherry,2026-05-22,3,0
cherry,2026-05-22,4,0
cherry,2026-05-22,5,0
cherry,2026-05-22,6,0
cherry,2026-05-22,7,0
cherry,2026-05-22,8,0
cherry,2026-05-22,9,0
cherry,2026-05-22,10,0
cherry,2026-05-22,11,0
cherry,2026-05-22,12,0
cherry,2026-05-22,13,0
cherry,2026-05-22,14,0
cherry,2026-05-22,15,0
cherry,2026-05-22,16,1
cherry,2026-05-22,17,0
cherry,2026-05-22,18,0
cherry,2026-05-22,19,0
cherry,2026-05-22,20,0
cherry,2026-05-22,21,0
cherry,2026-05-22,22,0
cherry,2026-05-22,23,2
cherry,2026-05-22,24,0
cherry,2026-05-22,25,0
cherry,2026-05-22,26,0
cherry,2026-05-22,27,2
cherry,2026-05-22,28,2
cherry,2026-05-22,29,0
cherry,2026-05-22,30,1
cherry,2026-05-22,31,0
cherry,2026-05-22,32,3
cherry,2026-05-22,33,0
cherry,2026-05-22,34,1
cherry,2026-05-22,35,0
cherry,2026-05-22,36,0
cherry,2026-05-22,37,0
cherry,2026-05-22,38,0
cherry,2026-05-22,39,6
cherry,2026-05-22,40,0
cherry,2026-05-22,41,0
cherry,2026-05-22,42,0
cherry,2026-05-22,43,0
cherry,2026-05-22,44,0
cherry,2026-05-22,45,0
cherry,2026-05-22,46,0
cherry,2026-05-22,47,0
cherry,2026-05-23,0,0
cherry,2026-05-23,1,0
cherry,2026-05-23,2,2
cherry,2026-05-23,3,7
cherry,2026-05-23,4,0
cherry,2026-05-23,5,0
cherry,2026-05-23,6,0
cherry,2026-05-23,7,0
cherry,2026-05-23,8,0
cherry,2026-05-23,9,0
cherry,2026-05-23,10,0
cherry,2026-05-23,11,0
cherry,2026-05-23,12,0
cherry,2026-05-23,13,0
cherry,2026-05-23,14,0
cherry,2026-05-23,15,0
cherry,2026-05-23,16,0
cherry,2026-05-23,17,0
cherry,2026-05-23,18,0
cherry,2026-05-23,19,0
cherry,2026-05-23,20,0
cherry,2026-05-23,21,1
cherry,2026-05-23,22,0
cherry,2026-05-23,23,0
cherry,2026-05-23,24,0
cherry,2026-05-23,25,1
cherry,2026-05-23,26,0
cherry,2026-05-23,27,132
cherry,2026-05-23,28,82
cherry,2026-05-23,29,0
cherry,2026-05-23,30,0
cherry,2026-05-23,31,0
cherry,2026-05-23,32,17
cherry,2026-05-23,33,0
cherry,2026-05-23,34,0
cherry,2026-05-23,35,0
cherry,2026-05-23,36,3
cherry,2026-05-23,37,1
cherry,2026-05-23,38,0
cherry,2026-05-23,39,0
cherry,2026-05-23,40,0
cherry,2026-05-23,41,9
cherry,2026-05-23,42,22
cherry,2026-05-23,43,5
cherry,2026-05-23,44,0
cherry,2026-05-23,45,1
cherry,2026-05-23,46,2
cherry,2026-05-23,47,0
cherry,2026-05-24,0,0
cherry,2026-05-24,1,0
cherry,2026-05-24,2,0
cherry,2026-05-24,3,0
cherry,2026-05-24,4,0
cherry,2026-05-24,5,0
cherry,2026-05-24,6,0
cherry,2026-05-24,7,1
cherry,2026-05-24,8,0
cherry,2026-05-24,9,0
cherry,2026-05-24,10,0
cherry,2026-05-24,11,0
cherry,2026-05-24,12,0
cherry,2026-05-24,13,0
cherry,2026-05-24,14,0
cherry,2026-05-24,15,0
cherry,2026-05-24,16,0
cherry,2026-05-24,17,0
cherry,2026-05-24,18,0
cherry,2026-05-24,19,0
cherry,2026-05-24,20,0
cherry,2026-05-24,21,0
cherry,2026-05-24,22,0
cherry,2026-05-24,23,0
cherry,2026-05-24,24,0
cherry,2026-05-24,25,0
cherry,2026-05-24,26,7
cherry,2026-05-24,27,2
cherry,2026-05-24,28,17
cherry,2026-05-24,29,10
cherry,2026-05-24,30,0
cherry,2026-05-24,31,0
cherry,2026-05-24,32,2
cherry,2026-05-24,33,1
cherry,2026-05-24,34,19
cherry,2026-05-24,35,0
cherry,2026-05-24,36,0
cherry,2026-05-24,37,0
cherry,2026-05-24,38,0
cherry,2026-05-24,39,1
cherry,2026-05-24,40,1
cherry,2026-05-24,41,0
cherry,2026-05-24,42,18
cherry,2026-05-24,43,4
cherry,2026-05-24,44,0
cherry,2026-05-24,45,0
cherry,2026-05-24,46,0
cherry,2026-05-24,47,0
cherry,2026-05-25,0,0
cherry,2026-05-25,1,0
cherry,2026-05-25,2,0
cherry,2026-05-25,3,0
cherry,2026-05-25,4,0
cherry,2026-05-25,5,0
cherry,2026-05-25,6,0
cherry,2026-05-25,7,1
cherry,2026-05-25,8,0
cherry,2026-05-25,9,0
cherry,2026-05-25,10,0
cherry,2026-05-25,11,0
cherry,2026-05-25,12,0
cherry,2026-05-25,13,0
cherry,2026-05-25,14,0
cherry,2026-05-25,15,0
cherry,2026-05-25,16,0
cherry,2026-05-25,17,0
cherry,2026-05-25,18,0
cherry,2026-05-25,19,0
cherry,2026-05-25,20,0
cherry,2026-05-25,21,0
cherry,2026-05-25,22,0
cherry,2026-05-25,23,0
cherry,2026-05-25,24,0
cherry,2026-05-25,25,0
cherry,2026-05-25,26,8
cherry,2026-05-25,27,0
cherry,2026-05-25,28,0
cherry,2026-05-25,29,0
cherry,2026-05-25,30,2
cherry,2026-05-25,31,4
cherry,2026-05-25,32,47
cherry,2026-05-25,33,0
cherry,2026-05-25,34,31
cherry,2026-05-25,35,26
cherry,2026-05-25,36,3
cherry,2026-05-25,37,0
cherry,2026-05-25,38,5
cherry,2026-05-25,39,14
cherry,2026-05-25,40,5
cherry,2026-05-25,41,7
cherry,2026-05-25,42,4
cherry,2026-05-25,43,1
cherry,2026-05-25,44,0
cherry,2026-05-25,45,1
cherry,2026-05-25,46,0
cherry,2026-05-25,47,0
cherry,2026-05-26,0,0
cherry,2026-05-26,1,0
cherry,2026-05-26,2,0
cherry,2026-05-26,3,0
cherry,2026-05-26,4,0
cherry,2026-05-26,5,0
cherry,2026-05-26,6,0
cherry,2026-05-26,7,1
cherry,2026-05-26,8,0
cherry,2026-05-26,9,0
cherry,2026-05-26,10,0
cherry,2026-05-26,11,0
cherry,2026-05-26,12,0
cherry,2026-05-26,13,0
cherry,2026-05-26,14,0
cherry,2026-05-26,15,0
cherry,2026-05-26,16,0
cherry,2026-05-26,17,0
cherry,2026-05-26,18,0
cherry,2026-05-26,19,0
cherry,2026-05-26,20,0
cherry,2026-05-26,21,75
cherry,2026-05-26,22,0
cherry,2026-05-26,23,0
cherry,2026-05-26,24,92
cherry,2026-05-26,25,18
cherry,2026-05-26,26,12
cherry,2026-05-26,27,0
cherry,2026-05-26,28,0
cherry,2026-05-26,29,10
cherry,2026-05-26,30,16
cherry,2026-05-26,31,0
cherry,2026-05-26,32,1
cherry,2026-05-26,33,0
cherry,2026-05-26,34,5
cherry,2026-05-26,35,4
cherry,2026-05-26,36,1
cherry,2026-05-26,37,0
cherry,2026-05-26,38,3
cherry,2026-05-26,39,6
cherry,2026-05-26,40,0
cherry,2026-05-26,41,1
cherry,2026-05-26,42,1
cherry,2026-05-26,43,0
cherry,2026-05-26,44,0
cherry,2026-05-26,45,0
cherry,2026-05-26,46,0
cherry,2026-05-26,47,0
cherry,2026-05-27,0,0
cherry,2026-05-27,1,1
cherry,2026-05-27,2,0
cherry,2026-05-27,3,0
cherry,2026-05-27,4,0
cherry,2026-05-27,5,0
cherry,2026-05-27,6,0
cherry,2026-05-27,7,0
cherry,2026-05-27,8,0
cherry,2026-05-27,9,0
cherry,2026-05-27,10,0
cherry,2026-05-27,11,0
cherry,2026-05-27,12,0
cherry,2026-05-27,13,0
cherry,2026-05-27,14,0
cherry,2026-05-27,15,0
cherry,2026-05-27,16,0
cherry,2026-05-27,17,0
cherry,2026-05-27,18,0
cherry,2026-05-27,19,1
cherry,2026-05-27,20,0
cherry,2026-05-27,21,0
cherry,2026-05-27,22,0
cherry,2026-05-27,23,0
cherry,2026-05-27,24,0
cherry,2026-05-27,25,0
cherry,2026-05-27,26,0
cherry,2026-05-27,27,3
cherry,2026-05-27,28,0
cherry,2026-05-27,29,0
cherry,2026-05-27,30,0
cherry,2026-05-27,31,0
cherry,2026-05-27,32,0
cherry,2026-05-27,33,0
cherry,2026-05-27,34,0
cherry,2026-05-27,35,0
cherry,2026-05-27,36,0
cherry,2026-05-27,37,0
cherry,2026-05-27,38,8
cherry,2026-05-27,39,0
cherry,2026-05-27,40,9
cherry,2026-05-27,41,9
cherry,2026-05-27,42,0
cherry,2026-05-27,43,0
cherry,2026-05-27,44,0
cherry,2026-05-27,45,0
cherry,2026-05-27,46,1
cherry,2026-05-27,47,0
cherry,2026-05-28,0,0
cherry,2026-05-28,1,0
cherry,2026-05-28,2,0
cherry,2026-05-28,3,0
cherry,2026-05-28,4,0
cherry,2026-05-28,5,0
cherry,2026-05-28,6,0
cherry,2026-05-28,7,0
cherry,2026-05-28,8,0
cherry,2026-05-28,9,0
cherry,2026-05-28,10,0
cherry,2026-05-28,11,0
cherry,2026-05-28,12,0
cherry,2026-05-28,13,0
cherry,2026-05-28,14,0
cherry,2026-05-28,15,0
cherry,2026-05-28,16,0
cherry,2026-05-28,17,0
cherry,2026-05-28,18,1
cherry,2026-05-28,19,0
cherry,2026-05-28,20,0
cherry,2026-05-28,21,0
cherry,2026-05-28,22,1
cherry,2026-05-28,23,0
cherry,2026-05-28,24,0
cherry,2026-05-28,25,0
cherry,2026-05-28,26,0
cherry,2026-05-28,27,0
cherry,2026-05-28,28,0
cherry,2026-05-28,29,0
cherry,2026-05-28,30,0
cherry,2026-05-28,31,2
cherry,2026-05-28,32,0
cherry,2026-05-28,33,2
cherry,2026-05-28,34,0
cherry,2026-05-28,35,0
cherry,2026-05-28,36,0
cherry,2026-05-28,37,5
cherry,2026-05-28,38,1
cherry,2026-05-28,39,0
cherry,2026-05-28,40,3
cherry,2026-05-28,41,1
cherry,2026-05-28,42,18
cherry,2026-05-28,43,11
cherry,2026-05-28,44,0
cherry,2026-05-28,45,0
cherry,2026-05-28,46,0
cherry,2026-05-28,47,0
cherry,2026-05-29,0,1
cherry,2026-05-29,1,1
cherry,2026-05-29,2,0
cherry,2026-05-29,3,1
cherry,2026-05-29,4,0
cherry,2026-05-29,5,0
cherry,2026-05-29,6,0
cherry,2026-05-29,7,0
cherry,2026-05-29,8,0
cherry,2026-05-29,9,0
cherry,2026-05-29,10,0
cherry,2026-05-29,11,0
cherry,2026-05-29,12,0
cherry,2026-05-29,13,0
cherry,2026-05-29,14,0
cherry,2026-05-29,15,0
cherry,2026-05-29,16,0
cherry,2026-05-29,17,2
cherry,2026-05-29,18,0
cherry,2026-05-29,19,3
cherry,2026-05-29,20,0
cherry,2026-05-29,21,0
cherry,2026-05-29,22,1
cherry,2026-05-29,23,0
cherry,2026-05-29,24,0
cherry,2026-05-29,25,0
cherry,2026-05-29,26,20
cherry,2026-05-29,27,0
cherry,2026-05-29,28,0
cherry,2026-05-29,29,1
cherry,2026-05-29,30,0
cherry,2026-05-29,31,0
cherry,2026-05-29,32,0
cherry,2026-05-29,33,0
cherry,2026-05-29,34,1
cherry,2026-05-29,35,0
cherry,2026-05-29,36,134
cherry,2026-05-29,37,3
cherry,2026-05-29,38,16
cherry,2026-05-29,39,0
cherry,2026-05-29,40,0
cherry,2026-05-29,41,0
cherry,2026-05-29,42,0
cherry,2026-05-29,43,2
cherry,2026-05-29,44,0
cherry,2026-05-29,45,0
cherry,2026-05-29,46,0
cherry,2026-05-29,47,7
cherry,2026-05-30,0,0
cherry,2026-05-30,1,0
cherry,2026-05-30,2,1
cherry,2026-05-30,3,0
cherry,2026-05-30,4,0
cherry,2026-05-30,5,0
cherry,2026-05-30,6,0
cherry,2026-05-30,7,0
cherry,2026-05-30,8,0
cherry,2026-05-30,9,0
cherry,2026-05-30,10,0
cherry,2026-05-30,11,0
cherry,2026-05-30,12,0
cherry,2026-05-30,13,0
cherry,2026-05-30,14,0
cherry,2026-05-30,15,1
cherry,2026-05-30,16,0
cherry,2026-05-30,17,4
cherry,2026-05-30,18,0
cherry,2026-05-30,19,0
cherry,2026-05-30,20,0
cherry,2026-05-30,21,0
cherry,2026-05-30,22,0
cherry,2026-05-30,23,4
cherry,2026-05-30,24,0
cherry,2026-05-30,25,0
cherry,2026-05-30,26,0
cherry,2026-05-30,27,0
cherry,2026-05-30,28,0
cherry,2026-05-30,29,0
cherry,2026-05-30,30,0
cherry,2026-05-30,31,1
cherry,2026-05-30,32,0
cherry,2026-05-30,33,0
cherry,2026-05-30,34,0
cherry,2026-05-30,35,0
cherry,2026-05-30,36,0
cherry,2026-05-30,37,6
cherry,2026-05-30,38,0
cherry,2026-05-30,39,5
cherry,2026-05-30,40,20
cherry,2026-05-30,41,0
cherry,2026-05-30,42,0
cherry,2026-05-30,43,0
cherry,2026-05-30,44,0
cherry,2026-05-30,45,0
cherry,2026-05-30,46,0
cherry,2026-05-30,47,0
cherry,2026-05-31,0,0
cherry,2026-05-31,1,3
cherry,2026-05-31,2,1
cherry,2026-05-31,3,0
cherry,2026-05-31,4,0
cherry,2026-05-31,5,0
cherry,2026-05-31,6,0
cherry,2026-05-31,7,1
cherry,2026-05-31,8,0
cherry,2026-05-31,9,0
cherry,2026-05-31,10,0
cherry,2026-05-31,11,0
cherry,2026-05-31,12,0
cherry,2026-05-31,13,0
cherry,2026-05-31,14,0
cherry,2026-05-31,15,0
cherry,2026-05-31,16,0
cherry,2026-05-31,17,0
cherry,2026-05-31,18,0
cherry,2026-05-31,19,4
cherry,2026-05-31,20,0
cherry,2026-05-31,21,0
cherry,2026-05-31,22,0
cherry,2026-05-31,23,9
cherry,2026-05-31,24,0
cherry,2026-05-31,25,3
cherry,2026-05-31,26,7
cherry,2026-05-31,27,2
cherry,2026-05-31,28,0
cherry,2026-05-31,29,0
cherry,2026-05-31,30,0
cherry,2026-05-31,31,4
cherry,2026-05-31,32,2
cherry,2026-05-31,33,0
cherry,2026-05-31,34,0
cherry,2026-05-31,35,2
cherry,2026-05-31,36,0
cherry,2026-05-31,37,0
cherry,2026-05-31,38,17
cherry,2026-05-31,39,0
cherry,2026-05-31,40,3
cherry,2026-05-31,41,9
cherry,2026-05-31,42,0
cherry,2026-05-31,43,0
cherry,2026-05-31,44,0
cherry,2026-05-31,45,0
cherry,2026-05-31,46,1
cherry,2026-05-31,47,18
cherry,2026-06-01,0,0
cherry,2026-06-01,1,0
cherry,2026-06-01,2,0
cherry,2026-06-01,3,0
cherry,2026-06-01,4,0
cherry,2026-06-01,5,0
cherry,2026-06-01,6,0
cherry,2026-06-01,7,0
cherry,2026-06-01,8,0
cherry,2026-06-01,9,0
cherry,2026-06-01,10,0
cherry,2026-06-01,11,0
cherry,2026-06-01,12,0
cherry,2026-06-01,13,0
cherry,2026-06-01,14,0
cherry,2026-06-01,15,0
cherry,2026-06-01,16,0
cherry,2026-06-01,17,0
cherry,2026-06-01,18,6
cherry,2026-06-01,19,6
cherry,2026-06-01,20,0
cherry,2026-06-01,21,0
cherry,2026-06-01,22,4
cherry,2026-06-01,23,2
cherry,2026-06-01,24,0
cherry,2026-06-01,25,0
cherry,2026-06-01,26,2
cherry,2026-06-01,27,0
cherry,2026-06-01,28,0
cherry,2026-06-01,29,1
cherry,2026-06-01,30,0
cherry,2026-06-01,31,0
cherry,2026-06-01,32,0
cherry,2026-06-01,33,1
cherry,2026-06-01,34,0
cherry,2026-06-01,35,0
cherry,2026-06-01,36,0
cherry,2026-06-01,37,0
cherry,2026-06-01,38,9
cherry,2026-06-01,39,16
cherry,2026-06-01,40,2
cherry,2026-06-01,41,3
cherry,2026-06-01,42,1
cherry,2026-06-01,43,1
cherry,2026-06-01,44,9
cherry,2026-06-01,45,0
cherry,2026-06-01,46,0
cherry,2026-06-01,47,1
cherry,2026-06-02,0,0
cherry,2026-06-02,1,0
cherry,2026-06-02,2,0
cherry,2026-06-02,3,0
cherry,2026-06-02,4,0
cherry,2026-06-02,5,0
cherry,2026-06-02,6,0
cherry,2026-06-02,7,0
cherry,2026-06-02,8,0
cherry,2026-06-02,9,0
cherry,2026-06-02,10,0
cherry,2026-06-02,11,0
cherry,2026-06-02,12,0
cherry,2026-06-02,13,0
cherry,2026-06-02,14,0
cherry,2026-06-02,15,0
cherry,2026-06-02,16,0
cherry,2026-06-02,17,0
cherry,2026-06-02,18,0
cherry,2026-06-02,19,0
cherry,2026-06-02,20,0
cherry,2026-06-02,21,0
cherry,2026-06-02,22,0
cherry,2026-06-02,23,6
cherry,2026-06-02,24,0
cherry,2026-06-02,25,0
cherry,2026-06-02,26,0
cherry,2026-06-02,27,7
cherry,2026-06-02,28,5
cherry,2026-06-02,29,0
cherry,2026-06-02,30,0
cherry,2026-06-02,31,0
cherry,2026-06-02,32,1
cherry,2026-06-02,33,0
cherry,2026-06-02,34,0
cherry,2026-06-02,35,24
cherry,2026-06-02,36,52
cherry,2026-06-02,37,24
cherry,2026-06-02,38,0
cherry,2026-06-02,39,10
cherry,2026-06-02,40,6
cherry,2026-06-02,41,1
cherry,2026-06-02,42,0
cherry,2026-06-02,43,0
cherry,2026-06-02,44,2
cherry,2026-06-02,45,0
cherry,2026-06-02,46,2
cherry,2026-06-02,47,0
cherry,2026-06-03,0,0
cherry,2026-06-03,1,0
cherry,2026-06-03,2,0
cherry,2026-06-03,3,0
cherry,2026-06-03,4,0
cherry,2026-06-03,5,0
cherry,2026-06-03,6,0
cherry,2026-06-03,7,0
cherry,2026-06-03,8,0
cherry,2026-06-03,9,0
cherry,2026-06-03,10,0
cherry,2026-06-03,11,0
cherry,2026-06-03,12,0
cherry,2026-06-03,13,0
cherry,2026-06-03,14,0
cherry,2026-06-03,15,0
cherry,2026-06-03,16,0
cherry,2026-06-03,17,0
cherry,2026-06-03,18,0
cherry,2026-06-03,19,25
cherry,2026-06-03,20,0
cherry,2026-06-03,21,0
cherry,2026-06-03,22,0
cherry,2026-06-03,23,0
cherry,2026-06-03,24,1
cherry,2026-06-03,25,0
cherry,2026-06-03,26,0
cherry,2026-06-03,27,3
cherry,2026-06-03,28,0
cherry,2026-06-03,29,0
cherry,2026-06-03,30,0
cherry,2026-06-03,31,0
cherry,2026-06-03,32,1
cherry,2026-06-03,33,0
cherry,2026-06-03,34,0
cherry,2026-06-03,35,10
cherry,2026-06-03,36,187
cherry,2026-06-03,37,0
cherry,2026-06-03,38,0
cherry,2026-06-03,39,2
cherry,2026-06-03,40,16
cherry,2026-06-03,41,0
cherry,2026-06-03,42,0
cherry,2026-06-03,43,0
cherry,2026-06-03,44,0
cherry,2026-06-03,45,0
cherry,2026-06-03,46,2
cherry,2026-06-03,47,0
cherry,2026-06-04,0,0
cherry,2026-06-04,1,0
cherry,2026-06-04,2,0
cherry,2026-06-04,3,0
cherry,2026-06-04,4,0
cherry,2026-06-04,5,1
cherry,2026-06-04,6,0
cherry,2026-06-04,7,0
cherry,2026-06-04,8,0
cherry,2026-06-04,9,0
cherry,2026-06-04,10,0
cherry,2026-06-04,11,0
cherry,2026-06-04,12,0
cherry,2026-06-04,13,0
cherry,2026-06-04,14,0
cherry,2026-06-04,15,0
cherry,2026-06-04,16,1
cherry,2026-06-04,17,0
cherry,2026-06-04,18,6
cherry,2026-06-04,19,60
cherry,2026-06-04,20,0
cherry,2026-06-04,21,0
cherry,2026-06-04,22,0
cherry,2026-06-04,23,82
cherry,2026-06-04,24,46
cherry,2026-06-04,25,12
cherry,2026-06-04,26,26
cherry,2026-06-04,27,0
cherry,2026-06-04,28,1
cherry,2026-06-04,29,0
cherry,2026-06-04,30,2
cherry,2026-06-04,31,7
cherry,2026-06-04,32,1
cherry,2026-06-04,33,0
cherry,2026-06-04,34,0
cherry,2026-06-04,35,0
cherry,2026-06-04,36,6
cherry,2026-06-04,37,0
cherry,2026-06-04,38,4
cherry,2026-06-04,39,1
cherry,2026-06-04,40,0
cherry,2026-06-04,41,3
cherry,2026-06-04,42,1
cherry,2026-06-04,43,1
cherry,2026-06-04,44,0
cherry,2026-06-04,45,1
cherry,2026-06-04,46,0
cherry,2026-06-04,47,0
cherry,2026-06-05,0,0
cherry,2026-06-05,1,0
cherry,2026-06-05,2,0
cherry,2026-06-05,3,0
cherry,2026-06-05,4,0
cherry,2026-06-05,5,0
cherry,2026-06-05,6,0
cherry,2026-06-05,7,0
cherry,2026-06-05,8,0
cherry,2026-06-05,9,0
cherry,2026-06-05,10,0
cherry,2026-06-05,11,0
cherry,2026-06-05,12,0
cherry,2026-06-05,13,0
cherry,2026-06-05,14,0
cherry,2026-06-05,15,0
cherry,2026-06-05,16,2
cherry,2026-06-05,17,1
cherry,2026-06-05,18,0
cherry,2026-06-05,19,0
cherry,2026-06-05,20,1
cherry,2026-06-05,21,3
cherry,2026-06-05,22,2
cherry,2026-06-05,23,0
cherry,2026-06-05,24,0
cherry,2026-06-05,25,0
cherry,2026-06-05,26,0
cherry,2026-06-05,27,1
cherry,2026-06-05,28,1
cherry,2026-06-05,29,0
cherry,2026-06-05,30,1
cherry,2026-06-05,31,1
cherry,2026-06-05,32,0
cherry,2026-06-05,33,0
cherry,2026-06-05,34,0
cherry,2026-06-05,35,0
cherry,2026-06-05,36,0
cherry,2026-06-05,37,1
cherry,2026-06-05,38,0
cherry,2026-06-05,39,1
cherry,2026-06-05,40,5
cherry,2026-06-05,41,0
cherry,2026-06-05,42,0
cherry,2026-06-05,43,0
cherry,2026-06-05,44,0
cherry,2026-06-05,45,0
cherry,2026-06-05,46,0
cherry,2026-06-05,47,0
cherry,2026-06-06,0,0
cherry,2026-06-06,1,0
cherry,2026-06-06,2,1
cherry,2026-06-06,3,1
cherry,2026-06-06,4,0
cherry,2026-06-06,5,0
cherry,2026-06-06,6,0
cherry,2026-06-06,7,0
cherry,2026-06-06,8,0
cherry,2026-06-06,9,0
cherry,2026-06-06,10,0
cherry,2026-06-06,11,0
cherry,2026-06-06,12,0
cherry,2026-06-06,13,0
cherry,2026-06-06,14,0
cherry,2026-06-06,15,0
cherry,2026-06-06,16,0
cherry,2026-06-06,17,0
cherry,2026-06-06,18,0
cherry,2026-06-06,19,0
cherry,2026-06-06,20,0
cherry,2026-06-06,21,0
cherry,2026-06-06,22,0
cherry,2026-06-06,23,0
cherry,2026-06-06,24,0
cherry,2026-06-06,25,4
cherry,2026-06-06,26,5
cherry,2026-06-06,27,8
cherry,2026-06-06,28,3
cherry,2026-06-06,29,65
cherry,2026-06-06,30,0
cherry,2026-06-06,31,0
cherry,2026-06-06,32,0
cherry,2026-06-06,33,5
cherry,2026-06-06,34,0
cherry,2026-06-06,35,0
cherry,2026-06-06,36,0
cherry,2026-06-06,37,7
cherry,2026-06-06,38,0
cherry,2026-06-06,39,0
cherry,2026-06-06,40,13
cherry,2026-06-06,41,7
cherry,2026-06-06,42,1
cherry,2026-06-06,43,0
cherry,2026-06-06,44,0
cherry,2026-06-06,45,59
cherry,2026-06-06,46,31
cherry,2026-06-06,47,0
cherry,2026-06-07,0,0
cherry,2026-06-07,1,0
cherry,2026-06-07,2,0
cherry,2026-06-07,3,0
cherry,2026-06-07,4,0
cherry,2026-06-07,5,0
cherry,2026-06-07,6,0
cherry,2026-06-07,7,0
cherry,2026-06-07,8,0
cherry,2026-06-07,9,0
cherry,2026-06-07,10,0
cherry,2026-06-07,11,0
cherry,2026-06-07,12,0
cherry,2026-06-07,13,0
cherry,2026-06-07,14,0
cherry,2026-06-07,15,0
cherry,2026-06-07,16,0
cherry,2026-06-07,17,6
cherry,2026-06-07,18,7
cherry,2026-06-07,19,0
cherry,2026-06-07,20,0
cherry,2026-06-07,21,0
cherry,2026-06-07,22,0
cherry,2026-06-07,23,0
cherry,2026-06-07,24,6
cherry,2026-06-07,25,0
cherry,2026-06-07,26,16
cherry,2026-06-07,27,17
cherry,2026-06-07,28,0
cherry,2026-06-07,29,0
cherry,2026-06-07,30,0
cherry,2026-06-07,31,0
cherry,2026-06-07,32,0
cherry,2026-06-07,33,45
cherry,2026-06-07,34,0
cherry,2026-06-07,35,0
cherry,2026-06-07,36,0
cherry,2026-06-07,37,0
cherry,2026-06-07,38,4
cherry,2026-06-07,39,73
cherry,2026-06-07,40,74
cherry,2026-06-07,41,51
cherry,2026-06-07,42,30
cherry,2026-06-07,43,1
cherry,2026-06-07,44,1
cherry,2026-06-07,45,0
cherry,2026-06-07,46,0
cherry,2026-06-07,47,0
cherry,2026-06-08,0,0
cherry,2026-06-08,1,0
cherry,2026-06-08,2,0
cherry,2026-06-08,3,0
cherry,2026-06-08,4,0
cherry,2026-06-08,5,0
cherry,2026-06-08,6,0
cherry,2026-06-08,7,0
cherry,2026-06-08,8,0
cherry,2026-06-08,9,0
cherry,2026-06-08,10,0
cherry,2026-06-08,11,0
cherry,2026-06-08,12,0
cherry,2026-06-08,13,0
cherry,2026-06-08,14,0
cherry,2026-06-08,15,0
cherry,2026-06-08,16,1
cherry,2026-06-08,17,0
cherry,2026-06-08,18,2
cherry,2026-06-08,19,4
cherry,2026-06-08,20,0
cherry,2026-06-08,21,0
cherry,2026-06-08,22,6
cherry,2026-06-08,23,0
cherry,2026-06-08,24,0
cherry,2026-06-08,25,0
cherry,2026-06-08,26,0
cherry,2026-06-08,27,0
cherry,2026-06-08,28,0
cherry,2026-06-08,29,0
cherry,2026-06-08,30,0
cherry,2026-06-08,31,13
cherry,2026-06-08,32,0
cherry,2026-06-08,33,1
cherry,2026-06-08,34,0
cherry,2026-06-08,35,0
cherry,2026-06-08,36,0
cherry,2026-06-08,37,0
cherry,2026-06-08,38,0
cherry,2026-06-08,39,0
cherry,2026-06-08,40,7
cherry,2026-06-08,41,0
cherry,2026-06-08,42,18
cherry,2026-06-08,43,19
cherry,2026-06-08,44,0
cherry,2026-06-08,45,0
cherry,2026-06-08,46,0
cherry,2026-06-08,47,0
cherry,2026-06-09,0,0
cherry,2026-06-09,1,0
cherry,2026-06-09,2,0
cherry,2026-06-09,3,1
cherry,2026-06-09,4,0
cherry,2026-06-09,5,0
cherry,2026-06-09,6,0
cherry,2026-06-09,7,0
cherry,2026-06-09,8,0
cherry,2026-06-09,9,0
cherry,2026-06-09,10,0
cherry,2026-06-09,11,0
cherry,2026-06-09,12,0
cherry,2026-06-09,13,0
cherry,2026-06-09,14,0
cherry,2026-06-09,15,0
cherry,2026-06-09,16,0
cherry,2026-06-09,17,0
cherry,2026-06-09,18,0
cherry,2026-06-09,19,0
cherry,2026-06-09,20,1
cherry,2026-06-09,21,0
cherry,2026-06-09,22,7
cherry,2026-06-09,23,0
cherry,2026-06-09,24,0
cherry,2026-06-09,25,0
cherry,2026-06-09,26,2
cherry,2026-06-09,27,0
cherry,2026-06-09,28,0
cherry,2026-06-09,29,0
cherry,2026-06-09,30,0
cherry,2026-06-09,31,30
cherry,2026-06-09,32,23
cherry,2026-06-09,33,0
cherry,2026-06-09,34,0
cherry,2026-06-09,35,13
cherry,2026-06-09,36,0
cherry,2026-06-09,37,10
cherry,2026-06-09,38,0
cherry,2026-06-09,39,1
cherry,2026-06-09,40,0
cherry,2026-06-09,41,0
cherry,2026-06-09,42,16
cherry,2026-06-09,43,0
cherry,2026-06-09,44,0
cherry,2026-06-09,45,0
cherry,2026-06-09,46,5
cherry,2026-06-09,47,0
cherry,2026-06-10,0,0
cherry,2026-06-10,1,0
cherry,2026-06-10,2,0
cherry,2026-06-10,3,0
cherry,2026-06-10,4,0
cherry,2026-06-10,5,0
cherry,2026-06-10,6,0
cherry,2026-06-10,7,0
cherry,2026-06-10,8,0
cherry,2026-06-10,9,0
cherry,2026-06-10,10,0
cherry,2026-06-10,11,0
cherry,2026-06-10,12,0
cherry,2026-06-10,13,0
cherry,2026-06-10,14,0
cherry,2026-06-10,15,0
cherry,2026-06-10,16,0
cherry,2026-06-10,17,0
cherry,2026-06-10,18,0
cherry,2026-06-10,19,0
cherry,2026-06-10,20,0
cherry,2026-06-10,21,3
cherry,2026-06-10,22,0
cherry,2026-06-10,23,0
cherry,2026-06-10,24,0
cherry,2026-06-10,25,2
cherry,2026-06-10,26,0
cherry,2026-06-10,27,0
cherry,2026-06-10,28,0
cherry,2026-06-10,29,0
cherry,2026-06-10,30,1
cherry,2026-06-10,31,0
cherry,2026-06-10,32,0
cherry,2026-06-10,33,0
cherry,2026-06-10,34,0
cherry,2026-06-10,35,0
cherry,2026-06-10,36,0
cherry,2026-06-10,37,2
cherry,2026-06-10,38,41
cherry,2026-06-10,39,1
cherry,2026-06-10,40,0
cherry,2026-06-10,41,0
cherry,2026-06-10,42,0
cherry,2026-06-10,43,2
cherry,2026-06-10,44,21
cherry,2026-06-10,45,1
cherry,2026-06-10,46,0
cherry,2026-06-10,47,0
cherry,2026-06-11,0,0
cherry,2026-06-11,1,0
cherry,2026-06-11,2,0
cherry,2026-06-11,3,0
cherry,2026-06-11,4,0
cherry,2026-06-11,5,0
cherry,2026-06-11,6,0
cherry,2026-06-11,7,0
cherry,2026-06-11,8,0
cherry,2026-06-11,9,0
cherry,2026-06-11,10,0
cherry,2026-06-11,11,0
cherry,2026-06-11,12,0
cherry,2026-06-11,13,0
cherry,2026-06-11,14,0
cherry,2026-06-11,15,0
cherry,2026-06-11,16,0
cherry,2026-06-11,17,0
cherry,2026-06-11,18,2
cherry,2026-06-11,19,0
cherry,2026-06-11,20,0
cherry,2026-06-11,21,0
cherry,2026-06-11,22,0
cherry,2026-06-11,23,0
cherry,2026-06-11,24,1
cherry,2026-06-11,25,17
cherry,2026-06-11,26,0
cherry,2026-06-11,27,0
cherry,2026-06-11,28,0
cherry,2026-06-11,29,0
cherry,2026-06-11,30,2
cherry,2026-06-11,31,0
cherry,2026-06-11,32,0
cherry,2026-06-11,33,0
cherry,2026-06-11,34,0
cherry,2026-06-11,35,0
cherry,2026-06-11,36,0
cherry,2026-06-11,37,0
cherry,2026-06-11,38,0
cherry,2026-06-11,39,1
cherry,2026-06-11,40,83
cherry,2026-06-11,41,68
cherry,2026-06-11,42,6
cherry,2026-06-11,43,3
cherry,2026-06-11,44,0
cherry,2026-06-11,45,0
cherry,2026-06-11,46,0
cherry,2026-06-11,47,0
cherry,2026-06-12,0,0
cherry,2026-06-12,1,0
cherry,2026-06-12,2,0
cherry,2026-06-12,3,0
cherry,2026-06-12,4,0
cherry,2026-06-12,5,0
cherry,2026-06-12,6,1
cherry,2026-06-12,7,0
cherry,2026-06-12,8,0
cherry,2026-06-12,9,0
cherry,2026-06-12,10,0
cherry,2026-06-12,11,0
cherry,2026-06-12,12,0
cherry,2026-06-12,13,0
cherry,2026-06-12,14,0
cherry,2026-06-12,15,0
cherry,2026-06-12,16,1
cherry,2026-06-12,17,0
cherry,2026-06-12,18,0
cherry,2026-06-12,19,3
cherry,2026-06-12,20,0
cherry,2026-06-12,21,0
cherry,2026-06-12,22,4
cherry,2026-06-12,23,0
cherry,2026-06-12,24,6
cherry,2026-06-12,25,0
cherry,2026-06-12,26,0
cherry,2026-06-12,27,3
cherry,2026-06-12,28,0
cherry,2026-06-12,29,0
cherry,2026-06-12,30,0
cherry,2026-06-12,31,0
cherry,2026-06-12,32,0
cherry,2026-06-12,33,0
cherry,2026-06-12,34,0
cherry,2026-06-12,35,0
cherry,2026-06-12,36,0
cherry,2026-06-12,37,0
cherry,2026-06-12,38,85
cherry,2026-06-12,39,0
cherry,2026-06-12,40,17
cherry,2026-06-12,41,0
cherry,2026-06-12,42,3
cherry,2026-06-12,43,0
cherry,2026-06-12,44,0
cherry,2026-06-12,45,0
cherry,2026-06-12,46,0
cherry,2026-06-12,47,5
cherry,2026-06-13,0,0
cherry,2026-06-13,1,0
cherry,2026-06-13,2,0
cherry,2026-06-13,3,0
cherry,2026-06-13,4,0
cherry,2026-06-13,5,0
cherry,2026-06-13,6,6
cherry,2026-06-13,7,0
cherry,2026-06-13,8,0
cherry,2026-06-13,9,0
cherry,2026-06-13,10,0
cherry,2026-06-13,11,0
cherry,2026-06-13,12,0
cherry,2026-06-13,13,0
cherry,2026-06-13,14,0
cherry,2026-06-13,15,0
cherry,2026-06-13,16,1
cherry,2026-06-13,17,0
cherry,2026-06-13,18,0
cherry,2026-06-13,19,0
cherry,2026-06-13,20,0
cherry,2026-06-13,21,0
cherry,2026-06-13,22,0
cherry,2026-06-13,23,0
cherry,2026-06-13,24,0
cherry,2026-06-13,25,0
cherry,2026-06-13,26,1
cherry,2026-06-13,27,0
cherry,2026-06-13,28,0
cherry,2026-06-13,29,5
cherry,2026-06-13,30,0
cherry,2026-06-13,31,0
cherry,2026-06-13,32,0
cherry,2026-06-13,33,0
cherry,2026-06-13,34,0
cherry,2026-06-13,35,0
cherry,2026-06-13,36,0
cherry,2026-06-13,37,0
cherry,2026-06-13,38,1
cherry,2026-06-13,39,21
cherry,2026-06-13,40,0
cherry,2026-06-13,41,0
cherry,2026-06-13,42,4
cherry,2026-06-13,43,9
cherry,2026-06-13,44,59
cherry,2026-06-13,45,47
cherry,2026-06-13,46,0
cherry,2026-06-13,47,0
cherry,2026-06-14,0,0
cherry,2026-06-14,1,37
cherry,2026-06-14,2,1
cherry,2026-06-14,3,5
cherry,2026-06-14,4,0
cherry,2026-06-14,5,0
cherry,2026-06-14,6,0
cherry,2026-06-14,7,0
cherry,2026-06-14,8,0
cherry,2026-06-14,9,0
cherry,2026-06-14,10,0
cherry,2026-06-14,11,0
cherry,2026-06-14,12,0
cherry,2026-06-14,13,0
cherry,2026-06-14,14,0
cherry,2026-06-14,15,0
cherry,2026-06-14,16,1
cherry,2026-06-14,17,0
cherry,2026-06-14,18,0
cherry,2026-06-14,19,0
cherry,2026-06-14,20,0
cherry,2026-06-14,21,0
cherry,2026-06-14,22,0
cherry,2026-06-14,23,0
cherry,2026-06-14,24,0
cherry,2026-06-14,25,0
cherry,2026-06-14,26,1
cherry,2026-06-14,27,0
cherry,2026-06-14,28,4
cherry,2026-06-14,29,0
cherry,2026-06-14,30,0
cherry,2026-06-14,31,1
cherry,2026-06-14,32,0
cherry,2026-06-14,33,0
cherry,2026-06-14,34,0
cherry,2026-06-14,35,0
cherry,2026-06-14,36,15
cherry,2026-06-14,37,0
cherry,2026-06-14,38,0
cherry,2026-06-14,39,0
cherry,2026-06-14,40,0
cherry,2026-06-14,41,18
cherry,2026-06-14,42,38
cherry,2026-06-14,43,11
cherry,2026-06-14,44,1
cherry,2026-06-14,45,0
cherry,2026-06-14,46,0
cherry,2026-06-14,47,0
cherry,2026-06-15,0,0
cherry,2026-06-15,1,0
cherry,2026-06-15,2,0
cherry,2026-06-15,3,0
cherry,2026-06-15,4,0
cherry,2026-06-15,5,0
cherry,2026-06-15,6,0
cherry,2026-06-15,7,0
cherry,2026-06-15,8,0
cherry,2026-06-15,9,0
cherry,2026-06-15,10,0
cherry,2026-06-15,11,0
cherry,2026-06-15,12,0
cherry,2026-06-15,13,0
cherry,2026-06-15,14,0
cherry,2026-06-15,15,0
cherry,2026-06-15,16,0
cherry,2026-06-15,17,0
cherry,2026-06-15,18,0
cherry,2026-06-15,19,0
cherry,2026-06-15,20,0
cherry,2026-06-15,21,0
cherry,2026-06-15,22,0
cherry,2026-06-15,23,0
cherry,2026-06-15,24,0
cherry,2026-06-15,25,0
cherry,2026-06-15,26,1
cherry,2026-06-15,27,0
cherry,2026-06-15,28,0
cherry,2026-06-15,29,0
cherry,2026-06-15,30,3
cherry,2026-06-15,31,0
cherry,2026-06-15,32,0
cherry,2026-06-15,33,0
cherry,2026-06-15,34,0
cherry,2026-06-15,35,0
cherry,2026-06-15,36,0
cherry,2026-06-15,37,0
cherry,2026-06-15,38,0
cherry,2026-06-15,39,1
cherry,2026-06-15,40,0
cherry,2026-06-15,41,1
cherry,2026-06-15,42,0
cherry,2026-06-15,43,0
cherry,2026-06-15,44,41
cherry,2026-06-15,45,0
cherry,2026-06-15,46,19
cherry,2026-06-15,47,3
cherry,2026-06-16,0,0
cherry,2026-06-16,1,0
cherry,2026-06-16,2,0
cherry,2026-06-16,3,0
cherry,2026-06-16,4,0
cherry,2026-06-16,5,0
cherry,2026-06-16,6,0
cherry,2026-06-16,7,0
cherry,2026-06-16,8,1
cherry,2026-06-16,9,0
cherry,2026-06-16,10,0
cherry,2026-06-16,11,0
cherry,2026-06-16,12,1
cherry,2026-06-16,13,0
cherry,2026-06-16,14,0
cherry,2026-06-16,15,0
cherry,2026-06-16,16,3
cherry,2026-06-16,17,0
cherry,2026-06-16,18,0
cherry,2026-06-16,19,0
cherry,2026-06-16,20,0
cherry,2026-06-16,21,0
cherry,2026-06-16,22,81
cherry,2026-06-16,23,6
cherry,2026-06-16,24,0
cherry,2026-06-16,25,7
cherry,2026-06-16,26,0
cherry,2026-06-16,27,0
cherry,2026-06-16,28,1
cherry,2026-06-16,29,0
cherry,2026-06-16,30,0
cherry,2026-06-16,31,40
cherry,2026-06-16,32,2
cherry,2026-06-16,33,1
cherry,2026-06-16,34,0
cherry,2026-06-16,35,1
cherry,2026-06-16,36,0
cherry,2026-06-16,37,0
cherry,2026-06-16,38,12
cherry,2026-06-16,39,0
cherry,2026-06-16,40,3
cherry,2026-06-16,41,10
cherry,2026-06-16,42,0
cherry,2026-06-16,43,0
cherry,2026-06-16,44,0
cherry,2026-06-16,45,0
cherry,2026-06-16,46,0
cherry,2026-06-16,47,0
cherry,2026-06-17,0,0
cherry,2026-06-17,1,0
cherry,2026-06-17,2,0
cherry,2026-06-17,3,0
cherry,2026-06-17,4,0
cherry,2026-06-17,5,1
cherry,2026-06-17,6,0
cherry,2026-06-17,7,0
cherry,2026-06-17,8,0
cherry,2026-06-17,9,0
cherry,2026-06-17,10,1
cherry,2026-06-17,11,0
cherry,2026-06-17,12,0
cherry,2026-06-17,13,0
cherry,2026-06-17,14,1
cherry,2026-06-17,15,1
cherry,2026-06-17,16,0
cherry,2026-06-17,17,3
cherry,2026-06-17,18,0
cherry,2026-06-17,19,15
cherry,2026-06-17,20,0
cherry,2026-06-17,21,0
cherry,2026-06-17,22,0
cherry,2026-06-17,23,0
cherry,2026-06-17,24,0
cherry,2026-06-17,25,0
cherry,2026-06-17,26,0
cherry,2026-06-17,27,0
cherry,2026-06-17,28,0
cherry,2026-06-17,29,1
cherry,2026-06-17,30,0
cherry,2026-06-17,31,1
cherry,2026-06-17,32,1
cherry,2026-06-17,33,0
cherry,2026-06-17,34,0
cherry,2026-06-17,35,0
cherry,2026-06-17,36,1
cherry,2026-06-17,37,0
cherry,2026-06-17,38,7
cherry,2026-06-17,39,0
cherry,2026-06-17,40,1
cherry,2026-06-17,41,0
cherry,2026-06-17,42,0
cherry,2026-06-17,43,0
cherry,2026-06-17,44,0
cherry,2026-06-17,45,5
cherry,2026-06-17,46,0
cherry,2026-06-17,47,0
cherry,2026-06-18,0,0
cherry,2026-06-18,1,0
cherry,2026-06-18,2,0
cherry,2026-06-18,3,0
cherry,2026-06-18,4,0
cherry,2026-06-18,5,0
cherry,2026-06-18,6,0
cherry,2026-06-18,7,0
cherry,2026-06-18,8,0
cherry,2026-06-18,9,0
cherry,2026-06-18,10,0
cherry,2026-06-18,11,0
cherry,2026-06-18,12,0
cherry,2026-06-18,13,0
cherry,2026-06-18,14,0
cherry,2026-06-18,15,1
cherry,2026-06-18,16,0
cherry,2026-06-18,17,0
cherry,2026-06-18,18,0
cherry,2026-06-18,19,0
cherry,2026-06-18,20,0
cherry,2026-06-18,21,0
cherry,2026-06-18,22,69
cherry,2026-06-18,23,131
cherry,2026-06-18,24,33
cherry,2026-06-18,25,41
cherry,2026-06-18,26,0
cherry,2026-06-18,27,0
cherry,2026-06-18,28,0
cherry,2026-06-18,29,0
cherry,2026-06-18,30,0
cherry,2026-06-18,31,0
cherry,2026-06-18,32,27
cherry,2026-06-18,33,1
cherry,2026-06-18,34,0
cherry,2026-06-18,35,0
cherry,2026-06-18,36,1
cherry,2026-06-18,37,2
cherry,2026-06-18,38,0
cherry,2026-06-18,39,0
cherry,2026-06-18,40,0
cherry,2026-06-18,41,1
cherry,2026-06-18,42,0
cherry,2026-06-18,43,0
cherry,2026-06-18,44,0
cherry,2026-06-18,45,3
cherry,2026-06-18,46,0
cherry,2026-06-18,47,0
cherry,2026-06-19,0,0
cherry,2026-06-19,1,1
cherry,2026-06-19,2,0
cherry,2026-06-19,3,0
cherry,2026-06-19,4,0
cherry,2026-06-19,5,0
cherry,2026-06-19,6,0
cherry,2026-06-19,7,0
cherry,2026-06-19,8,0
cherry,2026-06-19,9,0
cherry,2026-06-19,10,0
cherry,2026-06-19,11,0
cherry,2026-06-19,12,0
cherry,2026-06-19,13,0
cherry,2026-06-19,14,0
cherry,2026-06-19,15,0
cherry,2026-06-19,16,0
cherry,2026-06-19,17,0
cherry,2026-06-19,18,0
cherry,2026-06-19,19,0
cherry,2026-06-19,20,45
cherry,2026-06-19,21,19
cherry,2026-06-19,22,13
cherry,2026-06-19,23,17
cherry,2026-06-19,24,0
cherry,2026-06-19,25,0
cherry,2026-06-19,26,0
cherry,2026-06-19,27,0
cherry,2026-06-19,28,0
cherry,2026-06-19,29,0
cherry,2026-06-19,30,0
cherry,2026-06-19,31,2
cherry,2026-06-19,32,1
cherry,2026-06-19,33,0
cherry,2026-06-19,34,0
cherry,2026-06-19,35,13
cherry,2026-06-19,36,0
cherry,2026-06-19,37,0
cherry,2026-06-19,38,0
cherry,2026-06-19,39,0
cherry,2026-06-19,40,0
cherry,2026-06-19,41,0
cherry,2026-06-19,42,0
cherry,2026-06-19,43,63
cherry,2026-06-19,44,0
cherry,2026-06-19,45,0
cherry,2026-06-19,46,0
cherry,2026-06-19,47,0
cherry,2026-06-20,0,0
cherry,2026-06-20,1,0
cherry,2026-06-20,2,0
cherry,2026-06-20,3,0
cherry,2026-06-20,4,0
cherry,2026-06-20,5,0
cherry,2026-06-20,6,0
cherry,2026-06-20,7,1
cherry,2026-06-20,8,0
cherry,2026-06-20,9,0
cherry,2026-06-20,10,0
cherry,2026-06-20,11,0
cherry,2026-06-20,12,0
cherry,2026-06-20,13,0
cherry,2026-06-20,14,33
cherry,2026-06-20,15,0
cherry,2026-06-20,16,6
cherry,2026-06-20,17,0
cherry,2026-06-20,18,0
cherry,2026-06-20,19,0
cherry,2026-06-20,20,0
cherry,2026-06-20,21,0
cherry,2026-06-20,22,0
cherry,2026-06-20,23,1
cherry,2026-06-20,24,0
cherry,2026-06-20,25,0
cherry,2026-06-20,26,0
cherry,2026-06-20,27,0
cherry,2026-06-20,28,0
cherry,2026-06-20,29,0
cherry,2026-06-20,30,0
cherry,2026-06-20,31,0
cherry,2026-06-20,32,10
cherry,2026-06-20,33,1
cherry,2026-06-20,34,0
cherry,2026-06-20,35,0
cherry,2026-06-20,36,0
cherry,2026-06-20,37,20
cherry,2026-06-20,38,1
cherry,2026-06-20,39,87
cherry,2026-06-20,40,28
cherry,2026-06-20,41,39
cherry,2026-06-20,42,0
cherry,2026-06-20,43,69
cherry,2026-06-20,44,0
cherry,2026-06-20,45,0
cherry,2026-06-20,46,0
cherry,2026-06-20,47,0
cherry,2026-06-21,0,0
cherry,2026-06-21,1,0
cherry,2026-06-21,2,0
cherry,2026-06-21,3,0
cherry,2026-06-21,4,0
cherry,2026-06-21,5,0
cherry,2026-06-21,6,0
cherry,2026-06-21,7,0
cherry,2026-06-21,8,0
cherry,2026-06-21,9,0
cherry,2026-06-21,10,0
cherry,2026-06-21,11,0
cherry,2026-06-21,12,0
cherry,2026-06-21,13,1
cherry,2026-06-21,14,0
cherry,2026-06-21,15,0
cherry,2026-06-21,16,0
cherry,2026-06-21,17,0
cherry,2026-06-21,18,0
cherry,2026-06-21,19,0
cherry,2026-06-21,20,0
cherry,2026-06-21,21,0
cherry,2026-06-21,22,0
cherry,2026-06-21,23,0
cherry,2026-06-21,24,0
cherry,2026-06-21,25,0
cherry,2026-06-21,26,0
cherry,2026-06-21,27,0
cherry,2026-06-21,28,0
cherry,2026-06-21,29,0
cherry,2026-06-21,30,0
cherry,2026-06-21,31,0
cherry,2026-06-21,32,20
cherry,2026-06-21,33,1
cherry,2026-06-21,34,1
cherry,2026-06-21,35,0
cherry,2026-06-21,36,0
cherry,2026-06-21,37,0
cherry,2026-06-21,38,0
cherry,2026-06-21,39,3
cherry,2026-06-21,40,0
cherry,2026-06-21,41,7
cherry,2026-06-21,42,0
cherry,2026-06-21,43,0
cherry,2026-06-21,44,0
cherry,2026-06-21,45,1
cherry,2026-06-21,46,0
cherry,2026-06-21,47,0
cherry,2026-06-22,0,1
cherry,2026-06-22,1,0
cherry,2026-06-22,2,0
cherry,2026-06-22,3,0
cherry,2026-06-22,4,0
cherry,2026-06-22,5,0
cherry,2026-06-22,6,0
cherry,2026-06-22,7,0
cherry,2026-06-22,8,0
cherry,2026-06-22,9,0
cherry,2026-06-22,10,1
cherry,2026-06-22,11,0
cherry,2026-06-22,12,0
cherry,2026-06-22,13,0
cherry,2026-06-22,14,3
cherry,2026-06-22,15,0
cherry,2026-06-22,16,1
cherry,2026-06-22,17,0
cherry,2026-06-22,18,0
cherry,2026-06-22,19,0
cherry,2026-06-22,20,0
cherry,2026-06-22,21,0
cherry,2026-06-22,22,21
cherry,2026-06-22,23,0
cherry,2026-06-22,24,1
cherry,2026-06-22,25,0
cherry,2026-06-22,26,5
cherry,2026-06-22,27,0
cherry,2026-06-22,28,0
cherry,2026-06-22,29,1
cherry,2026-06-22,30,0
cherry,2026-06-22,31,0
cherry,2026-06-22,32,0
cherry,2026-06-22,33,0
cherry,2026-06-22,34,0
cherry,2026-06-22,35,0
cherry,2026-06-22,36,0
cherry,2026-06-22,37,31
cherry,2026-06-22,38,4
cherry,2026-06-22,39,0
cherry,2026-06-22,40,0
cherry,2026-06-22,41,0
cherry,2026-06-22,42,17
cherry,2026-06-22,43,0
cherry,2026-06-22,44,0
cherry,2026-06-22,45,0
cherry,2026-06-22,46,0
cherry,2026-06-22,47,0
cherry,2026-06-23,0,0
cherry,2026-06-23,1,1
cherry,2026-06-23,2,0
cherry,2026-06-23,3,0
cherry,2026-06-23,4,0
cherry,2026-06-23,5,0
cherry,2026-06-23,6,0
cherry,2026-06-23,7,0
cherry,2026-06-23,8,0
cherry,2026-06-23,9,0
cherry,2026-06-23,10,0
cherry,2026-06-23,11,0
cherry,2026-06-23,12,0
cherry,2026-06-23,13,0
cherry,2026-06-23,14,0
cherry,2026-06-23,15,0
cherry,2026-06-23,16,1
cherry,2026-06-23,17,0
cherry,2026-06-23,18,33
cherry,2026-06-23,19,0
cherry,2026-06-23,20,0
cherry,2026-06-23,21,0
cherry,2026-06-23,22,38
cherry,2026-06-23,23,0
cherry,2026-06-23,24,168
cherry,2026-06-23,25,91
cherry,2026-06-23,26,13
cherry,2026-06-23,27,0
cherry,2026-06-23,28,0
cherry,2026-06-23,29,0
cherry,2026-06-23,30,0
cherry,2026-06-23,31,15
cherry,2026-06-23,32,0
cherry,2026-06-23,33,0
cherry,2026-06-23,34,0
cherry,2026-06-23,35,0
cherry,2026-06-23,36,0
cherry,2026-06-23,37,0
cherry,2026-06-23,38,0
cherry,2026-06-23,39,49
cherry,2026-06-23,40,0
cherry,2026-06-23,41,1
cherry,2026-06-23,42,3
cherry,2026-06-23,43,30
cherry,2026-06-23,44,0
cherry,2026-06-23,45,0
cherry,2026-06-23,46,0
cherry,2026-06-23,47,0
cherry,2026-06-24,0,0
cherry,2026-06-24,1,1
cherry,2026-06-24,2,0
cherry,2026-06-24,3,0
cherry,2026-06-24,4,0
cherry,2026-06-24,5,0
cherry,2026-06-24,6,0
cherry,2026-06-24,7,0
cherry,2026-06-24,8,0
cherry,2026-06-24,9,0
cherry,2026-06-24,10,0
cherry,2026-06-24,11,0
cherry,2026-06-24,12,0
cherry,2026-06-24,13,0
cherry,2026-06-24,14,3
cherry,2026-06-24,15,1
cherry,2026-06-24,16,84
cherry,2026-06-24,17,58
cherry,2026-06-24,18,0
cherry,2026-06-24,19,0
cherry,2026-06-24,20,0
cherry,2026-06-24,21,1
cherry,2026-06-24,22,0
cherry,2026-06-24,23,2
cherry,2026-06-24,24,2
cherry,2026-06-24,25,0
cherry,2026-06-24,26,1
cherry,2026-06-24,27,12
cherry,2026-06-24,28,0
cherry,2026-06-24,29,0
cherry,2026-06-24,30,0
cherry,2026-06-24,31,0
cherry,2026-06-24,32,0
cherry,2026-06-24,33,1
cherry,2026-06-24,34,1
cherry,2026-06-24,35,0
cherry,2026-06-24,36,0
cherry,2026-06-24,37,0
cherry,2026-06-24,38,0
cherry,2026-06-24,39,0
cherry,2026-06-24,40,9
cherry,2026-06-24,41,0
cherry,2026-06-24,42,0
cherry,2026-06-24,43,0
cherry,2026-06-24,44,56
cherry,2026-06-24,45,7
cherry,2026-06-24,46,1
cherry,2026-06-24,47,0
cherry,2026-06-25,0,0
cherry,2026-06-25,1,0
cherry,2026-06-25,2,0
cherry,2026-06-25,3,0
cherry,2026-06-25,4,0
cherry,2026-06-25,5,0
cherry,2026-06-25,6,0
cherry,2026-06-25,7,0
cherry,2026-06-25,8,0
cherry,2026-06-25,9,0
cherry,2026-06-25,10,0
cherry,2026-06-25,11,0
cherry,2026-06-25,12,0
cherry,2026-06-25,13,1
cherry,2026-06-25,14,0
cherry,2026-06-25,15,1
cherry,2026-06-25,16,0
cherry,2026-06-25,17,0
cherry,2026-06-25,18,0
cherry,2026-06-25,19,0
cherry,2026-06-25,20,0
cherry,2026-06-25,21,0
cherry,2026-06-25,22,1
cherry,2026-06-25,23,0
cherry,2026-06-25,24,8
cherry,2026-06-25,25,53
cherry,2026-06-25,26,2
cherry,2026-06-25,27,3
cherry,2026-06-25,28,0
cherry,2026-06-25,29,14
cherry,2026-06-25,30,0
cherry,2026-06-25,31,0
cherry,2026-06-25,32,0
cherry,2026-06-25,33,0
cherry,2026-06-25,34,1
cherry,2026-06-25,35,3
cherry,2026-06-25,36,0
cherry,2026-06-25,37,3
cherry,2026-06-25,38,15
cherry,2026-06-25,39,0
cherry,2026-06-25,40,0
cherry,2026-06-25,41,1
cherry,2026-06-25,42,1
cherry,2026-06-25,43,0
cherry,2026-06-25,44,7
cherry,2026-06-25,45,1
cherry,2026-06-25,46,0
cherry,2026-06-25,47,0
cherry,2026-06-26,0,0
cherry,2026-06-26,1,1
cherry,2026-06-26,2,0
cherry,2026-06-26,3,0
cherry,2026-06-26,4,0
cherry,2026-06-26,5,0
cherry,2026-06-26,6,0
cherry,2026-06-26,7,0
cherry,2026-06-26,8,0
cherry,2026-06-26,9,0
cherry,2026-06-26,10,0
cherry,2026-06-26,11,0
cherry,2026-06-26,12,0
cherry,2026-06-26,13,0
cherry,2026-06-26,14,2
cherry,2026-06-26,15,17
cherry,2026-06-26,16,0
cherry,2026-06-26,17,0
cherry,2026-06-26,18,119
cherry,2026-06-26,19,0
cherry,2026-06-26,20,1
cherry,2026-06-26,21,0
cherry,2026-06-26,22,0
cherry,2026-06-26,23,0
cherry,2026-06-26,24,0
cherry,2026-06-26,25,0
cherry,2026-06-26,26,0
cherry,2026-06-26,27,0
cherry,2026-06-26,28,1
cherry,2026-06-26,29,0
cherry,2026-06-26,30,0
cherry,2026-06-26,31,0
cherry,2026-06-26,32,0
cherry,2026-06-26,33,4
cherry,2026-06-26,34,0
cherry,2026-06-26,35,1
cherry,2026-06-26,36,0
cherry,2026-06-26,37,0
cherry,2026-06-26,38,6
cherry,2026-06-26,39,31
cherry,2026-06-26,40,0
cherry,2026-06-26,41,1
cherry,2026-06-26,42,1
cherry,2026-06-26,43,1
cherry,2026-06-26,44,0
cherry,2026-06-26,45,0
cherry,2026-06-26,46,0
cherry,2026-06-26,47,0
cherry,2026-06-27,0,0
cherry,2026-06-27,1,0
cherry,2026-06-27,2,0
cherry,2026-06-27,3,0
cherry,2026-06-27,4,0
cherry,2026-06-27,5,0
cherry,2026-06-27,6,1
cherry,2026-06-27,7,0
cherry,2026-06-27,8,1
cherry,2026-06-27,9,0
cherry,2026-06-27,10,0
cherry,2026-06-27,11,0
cherry,2026-06-27,12,0
cherry,2026-06-27,13,0
cherry,2026-06-27,14,0
cherry,2026-06-27,15,1
cherry,2026-06-27,16,0
cherry,2026-06-27,17,0
cherry,2026-06-27,18,0
cherry,2026-06-27,19,0
cherry,2026-06-27,20,0
cherry,2026-06-27,21,1
cherry,2026-06-27,22,1
cherry,2026-06-27,23,0
cherry,2026-06-27,24,0
cherry,2026-06-27,25,0
cherry,2026-06-27,26,0
cherry,2026-06-27,27,0
cherry,2026-06-27,28,0
cherry,2026-06-27,29,0
cherry,2026-06-27,30,1
cherry,2026-06-27,31,0
cherry,2026-06-27,32,0
cherry,2026-06-27,33,0
cherry,2026-06-27,34,1
cherry,2026-06-27,35,0
cherry,2026-06-27,36,0
cherry,2026-06-27,37,0
cherry,2026-06-27,38,0
cherry,2026-06-27,39,0
cherry,2026-06-27,40,0
cherry,2026-06-27,41,53
cherry,2026-06-27,42,2
cherry,2026-06-27,43,0
cherry,2026-06-27,44,2
cherry,2026-06-27,45,0
cherry,2026-06-27,46,0
cherry,2026-06-27,47,0
cherry,2026-06-28,0,0
cherry,2026-06-28,1,0
cherry,2026-06-28,2,0
cherry,2026-06-28,3,39
cherry,2026-06-28,4,7
cherry,2026-06-28,5,0
cherry,2026-06-28,6,0
cherry,2026-06-28,7,0
cherry,2026-06-28,8,0
cherry,2026-06-28,9,0
cherry,2026-06-28,10,0
cherry,2026-06-28,11,0
cherry,2026-06-28,12,0
cherry,2026-06-28,13,0
cherry,2026-06-28,14,0
cherry,2026-06-28,15,0
cherry,2026-06-28,16,0
cherry,2026-06-28,17,0
cherry,2026-06-28,18,0
cherry,2026-06-28,19,0
cherry,2026-06-28,20,0
cherry,2026-06-28,21,0
cherry,2026-06-28,22,0
cherry,2026-06-28,23,0
cherry,2026-06-28,24,0
cherry,2026-06-28,25,0
cherry,2026-06-28,26,0
cherry,2026-06-28,27,7
cherry,2026-06-28,28,0
cherry,2026-06-28,29,0
cherry,2026-06-28,30,0
cherry,2026-06-28,31,0
cherry,2026-06-28,32,0
cherry,2026-06-28,33,4
cherry,2026-06-28,34,0
cherry,2026-06-28,35,0
cherry,2026-06-28,36,0
cherry,2026-06-28,37,0
cherry,2026-06-28,38,0
cherry,2026-06-28,39,2
cherry,2026-06-28,40,3
cherry,2026-06-28,41,0
cherry,2026-06-28,42,15
cherry,2026-06-28,43,7
cherry,2026-06-28,44,0
cherry,2026-06-28,45,0
cherry,2026-06-28,46,0
cherry,2026-06-28,47,0
cherry,2026-06-29,0,0
cherry,2026-06-29,1,0
cherry,2026-06-29,2,0
cherry,2026-06-29,3,0
cherry,2026-06-29,4,0
cherry,2026-06-29,5,0
cherry,2026-06-29,6,0
cherry,2026-06-29,7,0
cherry,2026-06-29,8,0
cherry,2026-06-29,9,0
cherry,2026-06-29,10,0
cherry,2026-06-29,11,0
cherry,2026-06-29,12,0
cherry,2026-06-29,13,0
cherry,2026-06-29,14,2
cherry,2026-06-29,15,0
cherry,2026-06-29,16,0
cherry,2026-06-29,17,0
cherry,2026-06-29,18,0
cherry,2026-06-29,19,0
cherry,2026-06-29,20,2
cherry,2026-06-29,21,0
cherry,2026-06-29,22,0
cherry,2026-06-29,23,1
cherry,2026-06-29,24,0
cherry,2026-06-29,25,0
cherry,2026-06-29,26,0
cherry,2026-06-29,27,0
cherry,2026-06-29,28,0
cherry,2026-06-29,29,0
cherry,2026-06-29,30,0
cherry,2026-06-29,31,0
cherry,2026-06-29,32,0
cherry,2026-06-29,33,0
cherry,2026-06-29,34,1
cherry,2026-06-29,35,0
cherry,2026-06-29,36,0
cherry,2026-06-29,37,5
cherry,2026-06-29,38,0
cherry,2026-06-29,39,0
cherry,2026-06-29,40,26
cherry,2026-06-29,41,14
cherry,2026-06-29,42,10
cherry,2026-06-29,43,2
cherry,2026-06-29,44,0
cherry,2026-06-29,45,0
cherry,2026-06-29,46,0
cherry,2026-06-29,47,0
cherry,2026-06-30,0,0
cherry,2026-06-30,1,0
cherry,2026-06-30,2,0
cherry,2026-06-30,3,0
cherry,2026-06-30,4,0
cherry,2026-06-30,5,0
cherry,2026-06-30,6,0
cherry,2026-06-30,7,0
cherry,2026-06-30,8,0
cherry,2026-06-30,9,0
cherry,2026-06-30,10,0
cherry,2026-06-30,11,0
cherry,2026-06-30,12,0
cherry,2026-06-30,13,0
cherry,2026-06-30,14,0
cherry,2026-06-30,15,2
cherry,2026-06-30,16,0
cherry,2026-06-30,17,0
cherry,2026-06-30,18,0
cherry,2026-06-30,19,1
cherry,2026-06-30,20,0
cherry,2026-06-30,21,35
cherry,2026-06-30,22,3
cherry,2026-06-30,23,1
cherry,2026-06-30,24,0
cherry,2026-06-30,25,0
cherry,2026-06-30,26,2
cherry,2026-06-30,27,0
cherry,2026-06-30,28,0
cherry,2026-06-30,29,0
cherry,2026-06-30,30,0
cherry,2026-06-30,31,0
cherry,2026-06-30,32,1
cherry,2026-06-30,33,1
cherry,2026-06-30,34,0
cherry,2026-06-30,35,1
cherry,2026-06-30,36,0
cherry,2026-06-30,37,13
cherry,2026-06-30,38,0
cherry,2026-06-30,39,8
cherry,2026-06-30,40,0
cherry,2026-06-30,41,5
cherry,2026-06-30,42,1
cherry,2026-06-30,43,0
cherry,2026-06-30,44,3
cherry,2026-06-30,45,0
cherry,2026-06-30,46,0
cherry,2026-06-30,47,0
cherry,2026-07-01,0,0
cherry,2026-07-01,1,2
cherry,2026-07-01,2,0
cherry,2026-07-01,3,0
cherry,2026-07-01,4,0
cherry,2026-07-01,5,0
cherry,2026-07-01,6,0
cherry,2026-07-01,7,0
cherry,2026-07-01,8,0
cherry,2026-07-01,9,0
cherry,2026-07-01,10,0
cherry,2026-07-01,11,0
cherry,2026-07-01,12,0
cherry,2026-07-01,13,0
cherry,2026-07-01,14,0
cherry,2026-07-01,15,1
cherry,2026-07-01,16,0
cherry,2026-07-01,17,0
cherry,2026-07-01,18,8
cherry,2026-07-01,19,0
cherry,2026-07-01,20,1
cherry,2026-07-01,21,0
cherry,2026-07-01,22,0
cherry,2026-07-01,23,0
cherry,2026-07-01,24,0
cherry,2026-07-01,25,0
cherry,2026-07-01,26,0
cherry,2026-07-01,27,7
cherry,2026-07-01,28,0
cherry,2026-07-01,29,2
cherry,2026-07-01,30,0
cherry,2026-07-01,31,0
cherry,2026-07-01,32,0
cherry,2026-07-01,33,0
cherry,2026-07-01,34,0
cherry,2026-07-01,35,0
cherry,2026-07-01,36,0
cherry,2026-07-01,37,10
cherry,2026-07-01,38,0
cherry,2026-07-01,39,0
cherry,2026-07-01,40,1
cherry,2026-07-01,41,3
cherry,2026-07-01,42,0
cherry,2026-07-01,43,0
cherry,2026-07-01,44,13
cherry,2026-07-01,45,0
cherry,2026-07-01,46,0
cherry,2026-07-01,47,0
cherry,2026-07-02,0,0
cherry,2026-07-02,1,0
cherry,2026-07-02,2,0
cherry,2026-07-02,3,0
cherry,2026-07-02,4,0
cherry,2026-07-02,5,0
cherry,2026-07-02,6,0
cherry,2026-07-02,7,0
cherry,2026-07-02,8,0
cherry,2026-07-02,9,0
cherry,2026-07-02,10,0
cherry,2026-07-02,11,0
cherry,2026-07-02,12,0
cherry,2026-07-02,13,0
cherry,2026-07-02,14,0
cherry,2026-07-02,15,1
cherry,2026-07-02,16,0
cherry,2026-07-02,17,1
cherry,2026-07-02,18,0
cherry,2026-07-02,19,1
cherry,2026-07-02,20,0
cherry,2026-07-02,21,0
cherry,2026-07-02,22,1
cherry,2026-07-02,23,0
cherry,2026-07-02,24,0
cherry,2026-07-02,25,0
cherry,2026-07-02,26,4
cherry,2026-07-02,27,2
cherry,2026-07-02,28,0
cherry,2026-07-02,29,0
cherry,2026-07-02,30,0
cherry,2026-07-02,31,71
cherry,2026-07-02,32,101
cherry,2026-07-02,33,0
cherry,2026-07-02,34,0
cherry,2026-07-02,35,3
cherry,2026-07-02,36,0
cherry,2026-07-02,37,19
cherry,2026-07-02,38,0
cherry,2026-07-02,39,0
cherry,2026-07-02,40,0
cherry,2026-07-02,41,1
cherry,2026-07-02,42,4
cherry,2026-07-02,43,0
cherry,2026-07-02,44,0
cherry,2026-07-02,45,0
cherry,2026-07-02,46,1
cherry,2026-07-02,47,0
cherry,2026-07-03,0,0
cherry,2026-07-03,1,0
cherry,2026-07-03,2,0
cherry,2026-07-03,3,0
cherry,2026-07-03,4,0
cherry,2026-07-03,5,0
cherry,2026-07-03,6,0
cherry,2026-07-03,7,0
cherry,2026-07-03,8,0
cherry,2026-07-03,9,0
cherry,2026-07-03,10,0
cherry,2026-07-03,11,0
cherry,2026-07-03,12,0
cherry,2026-07-03,13,0
cherry,2026-07-03,14,0
cherry,2026-07-03,15,0
cherry,2026-07-03,16,4
cherry,2026-07-03,17,0
cherry,2026-07-03,18,0
cherry,2026-07-03,19,0
cherry,2026-07-03,20,0
cherry,2026-07-03,21,0
cherry,2026-07-03,22,0
cherry,2026-07-03,23,0
cherry,2026-07-03,24,0
cherry,2026-07-03,25,0
cherry,2026-07-03,26,0
cherry,2026-07-03,27,0
cherry,2026-07-03,28,1
cherry,2026-07-03,29,0
cherry,2026-07-03,30,0
cherry,2026-07-03,31,0
cherry,2026-07-03,32,0
cherry,2026-07-03,33,1
cherry,2026-07-03,34,0
cherry,2026-07-03,35,0
cherry,2026-07-03,36,0
cherry,2026-07-03,37,0
cherry,2026-07-03,38,0
cherry,2026-07-03,39,0
cherry,2026-07-03,40,0
cherry,2026-07-03,41,0
cherry,2026-07-03,42,182
cherry,2026-07-03,43,0
cherry,2026-07-03,44,31
cherry,2026-07-03,45,0
cherry,2026-07-03,46,0
cherry,2026-07-03,47,0
cherry,2026-07-04,0,0
cherry,2026-07-04,1,0
cherry,2026-07-04,2,0
cherry,2026-07-04,3,0
cherry,2026-07-04,4,0
cherry,2026-07-04,5,0
cherry,2026-07-04,6,0
cherry,2026-07-04,7,0
cherry,2026-07-04,8,0
cherry,2026-07-04,9,0
cherry,2026-07-04,10,0
cherry,2026-07-04,11,0
cherry,2026-07-04,12,0
cherry,2026-07-04,13,0
cherry,2026-07-04,14,0
cherry,2026-07-04,15,0
cherry,2026-07-04,16,0
cherry,2026-07-04,17,2
cherry,2026-07-04,18,0
cherry,2026-07-04,19,0
cherry,2026-07-04,20,0
cherry,2026-07-04,21,0
cherry,2026-07-04,22,0
cherry,2026-07-04,23,0
cherry,2026-07-04,24,0
cherry,2026-07-04,25,0
cherry,2026-07-04,26,0
cherry,2026-07-04,27,0
cherry,2026-07-04,28,0
cherry,2026-07-04,29,0
cherry,2026-07-04,30,1
cherry,2026-07-04,31,0
cherry,2026-07-04,32,1
cherry,2026-07-04,33,16
cherry,2026-07-04,34,0
cherry,2026-07-04,35,0
cherry,2026-07-04,36,0
cherry,2026-07-04,37,0
cherry,2026-07-04,38,0
cherry,2026-07-04,39,0
cherry,2026-07-04,40,0
cherry,2026-07-04,41,0
cherry,2026-07-04,42,0
cherry,2026-07-04,43,150
cherry,2026-07-04,44,0
cherry,2026-07-04,45,17
cherry,2026-07-04,46,0
cherry,2026-07-04,47,0
cherry,2026-07-05,0,0
cherry,2026-07-05,1,0
cherry,2026-07-05,2,0
cherry,2026-07-05,3,0
cherry,2026-07-05,4,0
cherry,2026-07-05,5,1
cherry,2026-07-05,6,0
cherry,2026-07-05,7,6
cherry,2026-07-05,8,0
cherry,2026-07-05,9,0
cherry,2026-07-05,10,0
cherry,2026-07-05,11,0
cherry,2026-07-05,12,0
cherry,2026-07-05,13,0
cherry,2026-07-05,14,0
cherry,2026-07-05,15,0
cherry,2026-07-05,16,0
cherry,2026-07-05,17,1
cherry,2026-07-05,18,1
cherry,2026-07-05,19,0
cherry,2026-07-05,20,13
cherry,2026-07-05,21,0
cherry,2026-07-05,22,7
cherry,2026-07-05,23,0
cherry,2026-07-05,24,0
cherry,2026-07-05,25,0
cherry,2026-07-05,26,0
cherry,2026-07-05,27,0
cherry,2026-07-05,28,0
cherry,2026-07-05,29,0
cherry,2026-07-05,30,0
cherry,2026-07-05,31,0
cherry,2026-07-05,32,0
cherry,2026-07-05,33,0
cherry,2026-07-05,34,0
cherry,2026-07-05,35,0
cherry,2026-07-05,36,0
cherry,2026-07-05,37,0
cherry,2026-07-05,38,0
cherry,2026-07-05,39,0
cherry,2026-07-05,40,1
cherry,2026-07-05,41,0
cherry,2026-07-05,42,1
cherry,2026-07-05,43,0
cherry,2026-07-05,44,0
cherry,2026-07-05,45,0
cherry,2026-07-05,46,0
cherry,2026-07-05,47,0
cherry,2026-07-06,0,0
cherry,2026-07-06,1,0
cherry,2026-07-06,2,0
cherry,2026-07-06,3,0
cherry,2026-07-06,4,0
cherry,2026-07-06,5,0
cherry,2026-07-06,6,0
cherry,2026-07-06,7,0
cherry,2026-07-06,8,0
cherry,2026-07-06,9,0
cherry,2026-07-06,10,0
cherry,2026-07-06,11,0
cherry,2026-07-06,12,0
cherry,2026-07-06,13,0
cherry,2026-07-06,14,0
cherry,2026-07-06,15,1
cherry,2026-07-06,16,0
cherry,2026-07-06,17,0
cherry,2026-07-06,18,0
cherry,2026-07-06,19,0
cherry,2026-07-06,20,0
cherry,2026-07-06,21,25
cherry,2026-07-06,22,0
cherry,2026-07-06,23,0
cherry,2026-07-06,24,0
cherry,2026-07-06,25,0
cherry,2026-07-06,26,1
cherry,2026-07-06,27,0
cherry,2026-07-06,28,0
cherry,2026-07-06,29,0
cherry,2026-07-06,30,3
cherry,2026-07-06,31,0
cherry,2026-07-06,32,5
cherry,2026-07-06,33,0
cherry,2026-07-06,34,0
cherry,2026-07-06,35,0
cherry,2026-07-06,36,12
cherry,2026-07-06,37,1
cherry,2026-07-06,38,0
cherry,2026-07-06,39,3
cherry,2026-07-06,40,26
cherry,2026-07-06,41,0
cherry,2026-07-06,42,4
cherry,2026-07-06,43,7
cherry,2026-07-06,44,13
cherry,2026-07-06,45,6
cherry,2026-07-06,46,8
cherry,2026-07-06,47,0
cherry,2026-07-07,0,0
cherry,2026-07-07,1,1
cherry,2026-07-07,2,0
cherry,2026-07-07,3,0
cherry,2026-07-07,4,0
cherry,2026-07-07,5,0
cherry,2026-07-07,6,1
cherry,2026-07-07,7,0
cherry,2026-07-07,8,0
cherry,2026-07-07,9,0
cherry,2026-07-07,10,0
cherry,2026-07-07,11,0
cherry,2026-07-07,12,4
cherry,2026-07-07,13,0
cherry,2026-07-07,14,0
cherry,2026-07-07,15,1
cherry,2026-07-07,16,0
cherry,2026-07-07,17,0
cherry,2026-07-07,18,0
cherry,2026-07-07,19,23
cherry,2026-07-07,20,1
cherry,2026-07-07,21,0
cherry,2026-07-07,22,0
cherry,2026-07-07,23,0
cherry,2026-07-07,24,0
cherry,2026-07-07,25,0
cherry,2026-07-07,26,0
cherry,2026-07-07,27,0
cherry,2026-07-07,28,0
cherry,2026-07-07,29,0
cherry,2026-07-07,30,0
cherry,2026-07-07,31,1
cherry,2026-07-07,32,1
cherry,2026-07-07,33,6
cherry,2026-07-07,34,0
cherry,2026-07-07,35,0
cherry,2026-07-07,36,1
cherry,2026-07-07,37,12
cherry,2026-07-07,38,34
cherry,2026-07-07,39,1
cherry,2026-07-07,40,5
cherry,2026-07-07,41,0
cherry,2026-07-07,42,0
cherry,2026-07-07,43,0
cherry,2026-07-07,44,0
cherry,2026-07-07,45,4
cherry,2026-07-07,46,0
cherry,2026-07-07,47,0
cherry,2026-07-08,0,0
cherry,2026-07-08,1,0
cherry,2026-07-08,2,0
cherry,2026-07-08,3,0
cherry,2026-07-08,4,0
cherry,2026-07-08,5,0
cherry,2026-07-08,6,0
cherry,2026-07-08,7,0
cherry,2026-07-08,8,0
cherry,2026-07-08,9,0
cherry,2026-07-08,10,0
cherry,2026-07-08,11,0
cherry,2026-07-08,12,0
cherry,2026-07-08,13,0
cherry,2026-07-08,14,0
cherry,2026-07-08,15,1
cherry,2026-07-08,16,10
cherry,2026-07-08,17,0
cherry,2026-07-08,18,4
cherry,2026-07-08,19,20
cherry,2026-07-08,20,0
cherry,2026-07-08,21,0
cherry,2026-07-08,22,0
cherry,2026-07-08,23,25
cherry,2026-07-08,24,27
cherry,2026-07-08,25,0
cherry,2026-07-08,26,0
cherry,2026-07-08,27,0
cherry,2026-07-08,28,0
cherry,2026-07-08,29,0
cherry,2026-07-08,30,0
cherry,2026-07-08,31,0
cherry,2026-07-08,32,0
cherry,2026-07-08,33,1
cherry,2026-07-08,34,0
cherry,2026-07-08,35,0
cherry,2026-07-08,36,0
cherry,2026-07-08,37,0
cherry,2026-07-08,38,1
cherry,2026-07-08,39,0
cherry,2026-07-08,40,1
cherry,2026-07-08,41,23
cherry,2026-07-08,42,0
cherry,2026-07-08,43,0
cherry,2026-07-08,44,0
cherry,2026-07-08,45,0
cherry,2026-07-08,46,0
cherry,2026-07-08,47,0
cherry,2026-07-09,0,0
cherry,2026-07-09,1,1
cherry,2026-07-09,2,0
cherry,2026-07-09,3,0
cherry,2026-07-09,4,0
cherry,2026-07-09,5,0
cherry,2026-07-09,6,0
cherry,2026-07-09,7,0
cherry,2026-07-09,8,0
cherry,2026-07-09,9,0
cherry,2026-07-09,10,0
cherry,2026-07-09,11,0
cherry,2026-07-09,12,0
cherry,2026-07-09,13,0
cherry,2026-07-09,14,0
cherry,2026-07-09,15,1
cherry,2026-07-09,16,0
cherry,2026-07-09,17,0
cherry,2026-07-09,18,0
cherry,2026-07-09,19,0
cherry,2026-07-09,20,0
cherry,2026-07-09,21,0
cherry,2026-07-09,22,0
cherry,2026-07-09,23,200
cherry,2026-07-09,24,2
cherry,2026-07-09,25,1
cherry,2026-07-09,26,0
cherry,2026-07-09,27,0
cherry,2026-07-09,28,0
cherry,2026-07-09,29,0
cherry,2026-07-09,30,0
cherry,2026-07-09,31,7
cherry,2026-07-09,32,0
cherry,2026-07-09,33,0
cherry,2026-07-09,34,0
cherry,2026-07-09,35,0
cherry,2026-07-09,36,0
cherry,2026-07-09,37,3
cherry,2026-07-09,38,0
cherry,2026-07-09,39,0
cherry,2026-07-09,40,0
cherry,2026-07-09,41,1
cherry,2026-07-09,42,0
cherry,2026-07-09,43,12
cherry,2026-07-09,44,0
cherry,2026-07-09,45,3
cherry,2026-07-09,46,8
cherry,2026-07-09,47,0
cherry,2026-07-10,0,0
cherry,2026-07-10,1,0
cherry,2026-07-10,2,0
cherry,2026-07-10,3,0
cherry,2026-07-10,4,0
cherry,2026-07-10,5,0
cherry,2026-07-10,6,0
cherry,2026-07-10,7,0
cherry,2026-07-10,8,0
cherry,2026-07-10,9,0
cherry,2026-07-10,10,0
cherry,2026-07-10,11,0
cherry,2026-07-10,12,0
cherry,2026-07-10,13,0
cherry,2026-07-10,14,0
cherry,2026-07-10,15,2
cherry,2026-07-10,16,0
cherry,2026-07-10,17,1
cherry,2026-07-10,18,20
cherry,2026-07-10,19,0
cherry,2026-07-10,20,0
cherry,2026-07-10,21,4
cherry,2026-07-10,22,0
cherry,2026-07-10,23,7
cherry,2026-07-10,24,0
cherry,2026-07-10,25,0
cherry,2026-07-10,26,0
cherry,2026-07-10,27,0
cherry,2026-07-10,28,0
cherry,2026-07-10,29,0
cherry,2026-07-10,30,2
cherry,2026-07-10,31,0
cherry,2026-07-10,32,0
cherry,2026-07-10,33,13
cherry,2026-07-10,34,0
cherry,2026-07-10,35,0
cherry,2026-07-10,36,0
cherry,2026-07-10,37,14
cherry,2026-07-10,38,1
cherry,2026-07-10,39,0
cherry,2026-07-10,40,0
cherry,2026-07-10,41,0
cherry,2026-07-10,42,0
cherry,2026-07-10,43,0
cherry,2026-07-10,44,0
cherry,2026-07-10,45,0
cherry,2026-07-10,46,0
cherry,2026-07-10,47,1
cherry,2026-07-11,0,0
cherry,2026-07-11,1,0
cherry,2026-07-11,2,17
cherry,2026-07-11,3,0
cherry,2026-07-11,4,0
cherry,2026-07-11,5,0
cherry,2026-07-11,6,0
cherry,2026-07-11,7,1
cherry,2026-07-11,8,0
cherry,2026-07-11,9,0
cherry,2026-07-11,10,0
cherry,2026-07-11,11,0
cherry,2026-07-11,12,0
cherry,2026-07-11,13,0
cherry,2026-07-11,14,0
cherry,2026-07-11,15,2
cherry,2026-07-11,16,0
cherry,2026-07-11,17,0
cherry,2026-07-11,18,0
cherry,2026-07-11,19,0
cherry,2026-07-11,20,1
cherry,2026-07-11,21,0
cherry,2026-07-11,22,0
cherry,2026-07-11,23,0
cherry,2026-07-11,24,1
cherry,2026-07-11,25,0
cherry,2026-07-11,26,0
cherry,2026-07-11,27,0
cherry,2026-07-11,28,1
cherry,2026-07-11,29,1
cherry,2026-07-11,30,0
cherry,2026-07-11,31,0
cherry,2026-07-11,32,0
cherry,2026-07-11,33,0
cherry,2026-07-11,34,0
cherry,2026-07-11,35,0
cherry,2026-07-11,36,2
cherry,2026-07-11,37,1
cherry,2026-07-11,38,13
cherry,2026-07-11,39,2
cherry,2026-07-11,40,0
cherry,2026-07-11,41,0
cherry,2026-07-11,42,0
cherry,2026-07-11,43,0
cherry,2026-07-11,44,0
cherry,2026-07-11,45,0
cherry,2026-07-11,46,0
cherry,2026-07-11,47,0
cherry,2026-07-12,0,0
cherry,2026-07-12,1,0
cherry,2026-07-12,2,9
cherry,2026-07-12,3,0
cherry,2026-07-12,4,0
cherry,2026-07-12,5,0
cherry,2026-07-12,6,0
cherry,2026-07-12,7,0
cherry,2026-07-12,8,0
cherry,2026-07-12,9,0
cherry,2026-07-12,10,0
cherry,2026-07-12,11,0
cherry,2026-07-12,12,0
cherry,2026-07-12,13,0
cherry,2026-07-12,14,0
cherry,2026-07-12,15,2
cherry,2026-07-12,16,0
cherry,2026-07-12,17,0
cherry,2026-07-12,18,0
cherry,2026-07-12,19,0
cherry,2026-07-12,20,3
cherry,2026-07-12,21,0
cherry,2026-07-12,22,1
cherry,2026-07-12,23,0
cherry,2026-07-12,24,0
cherry,2026-07-12,25,0
cherry,2026-07-12,26,0
cherry,2026-07-12,27,1
cherry,2026-07-12,28,0
cherry,2026-07-12,29,0
cherry,2026-07-12,30,1
cherry,2026-07-12,31,0
cherry,2026-07-12,32,0
cherry,2026-07-12,33,0
cherry,2026-07-12,34,0
cherry,2026-07-12,35,0
cherry,2026-07-12,36,0
cherry,2026-07-12,37,0
cherry,2026-07-12,38,1
cherry,2026-07-12,39,0
cherry,2026-07-12,40,0
cherry,2026-07-12,41,0
cherry,2026-07-12,42,0
cherry,2026-07-12,43,0
cherry,2026-07-12,44,0
cherry,2026-07-12,45,0
cherry,2026-07-12,46,0
cherry,2026-07-12,47,0
cherry,2026-07-13,0,0
cherry,2026-07-13,1,0
cherry,2026-07-13,2,0
cherry,2026-07-13,3,0
cherry,2026-07-13,4,0
cherry,2026-07-13,5,0
cherry,2026-07-13,6,0
cherry,2026-07-13,7,0
cherry,2026-07-13,8,0
cherry,2026-07-13,9,0
cherry,2026-07-13,10,0
cherry,2026-07-13,11,0
cherry,2026-07-13,12,0
cherry,2026-07-13,13,0
cherry,2026-07-13,14,1
cherry,2026-07-13,15,0
cherry,2026-07-13,16,0
cherry,2026-07-13,17,0
cherry,2026-07-13,18,2
cherry,2026-07-13,19,1
cherry,2026-07-13,20,13
cherry,2026-07-13,21,12
cherry,2026-07-13,22,3
cherry,2026-07-13,23,16
cherry,2026-07-13,24,14
cherry,2026-07-13,25,0
cherry,2026-07-13,26,0
cherry,2026-07-13,27,0
cherry,2026-07-13,28,0
cherry,2026-07-13,29,0
cherry,2026-07-13,30,0
cherry,2026-07-13,31,0
cherry,2026-07-13,32,0
cherry,2026-07-13,33,1
cherry,2026-07-13,34,0
cherry,2026-07-13,35,0
cherry,2026-07-13,36,0
cherry,2026-07-13,37,0
cherry,2026-07-13,38,0
cherry,2026-07-13,39,6
cherry,2026-07-13,40,0
cherry,2026-07-13,41,34
cherry,2026-07-13,42,1
cherry,2026-07-13,43,0
cherry,2026-07-13,44,10
cherry,2026-07-13,45,0
cherry,2026-07-13,46,0
cherry,2026-07-13,47,0
cherry,2026-07-14,0,0
cherry,2026-07-14,1,1
cherry,2026-07-14,2,0
cherry,2026-07-14,3,0
cherry,2026-07-14,4,0
cherry,2026-07-14,5,0
cherry,2026-07-14,6,0
cherry,2026-07-14,7,0
cherry,2026-07-14,8,0
cherry,2026-07-14,9,0
cherry,2026-07-14,10,0
cherry,2026-07-14,11,0
cherry,2026-07-14,12,0
cherry,2026-07-14,13,0
cherry,2026-07-14,14,1
cherry,2026-07-14,15,0
cherry,2026-07-14,16,0
cherry,2026-07-14,17,1
cherry,2026-07-14,18,11
cherry,2026-07-14,19,1
cherry,2026-07-14,20,18
cherry,2026-07-14,21,0
cherry,2026-07-14,22,45
cherry,2026-07-14,23,0
cherry,2026-07-14,24,0
cherry,2026-07-14,25,0
cherry,2026-07-14,26,7
cherry,2026-07-14,27,0
cherry,2026-07-14,28,0
cherry,2026-07-14,29,0
cherry,2026-07-14,30,0
cherry,2026-07-14,31,0
cherry,2026-07-14,32,0
cherry,2026-07-14,33,0
cherry,2026-07-14,34,0
cherry,2026-07-14,35,0
cherry,2026-07-14,36,0
cherry,2026-07-14,37,0
cherry,2026-07-14,38,3
cherry,2026-07-14,39,18
cherry,2026-07-14,40,13
cherry,2026-07-14,41,51
cherry,2026-07-14,42,0
cherry,2026-07-14,43,0
cherry,2026-07-14,44,0
cherry,2026-07-14,45,0
cherry,2026-07-14,46,6
cherry,2026-07-14,47,0
cherry,2026-07-15,0,0
cherry,2026-07-15,1,0
cherry,2026-07-15,2,0
cherry,2026-07-15,3,0
cherry,2026-07-15,4,0
cherry,2026-07-15,5,0
cherry,2026-07-15,6,0
cherry,2026-07-15,7,0
cherry,2026-07-15,8,0
cherry,2026-07-15,9,0
cherry,2026-07-15,10,0
cherry,2026-07-15,11,0
cherry,2026-07-15,12,0
cherry,2026-07-15,13,0
cherry,2026-07-15,14,0
cherry,2026-07-15,15,1
cherry,2026-07-15,16,1
cherry,2026-07-15,17,1
cherry,2026-07-15,18,1
cherry,2026-07-15,19,17
cherry,2026-07-15,20,0
cherry,2026-07-15,21,1
cherry,2026-07-15,22,0
cherry,2026-07-15,23,0
cherry,2026-07-15,24,1
cherry,2026-07-15,25,0
cherry,2026-07-15,26,0
cherry,2026-07-15,27,0
cherry,2026-07-15,28,0
cherry,2026-07-15,29,0
cherry,2026-07-15,30,1
cherry,2026-07-15,31,0
cherry,2026-07-15,32,0
cherry,2026-07-15,33,1
cherry,2026-07-15,34,0
cherry,2026-07-15,35,0
cherry,2026-07-15,36,0
cherry,2026-07-15,37,1
cherry,2026-07-15,38,3
cherry,2026-07-15,39,31
cherry,2026-07-15,40,1
cherry,2026-07-15,41,0
cherry,2026-07-15,42,0
cherry,2026-07-15,43,0
cherry,2026-07-15,44,0
cherry,2026-07-15,45,0
cherry,2026-07-15,46,0
cherry,2026-07-15,47,0
cherry,2026-07-16,0,0
cherry,2026-07-16,1,0
cherry,2026-07-16,2,0
cherry,2026-07-16,3,0
cherry,2026-07-16,4,0
cherry,2026-07-16,5,0
cherry,2026-07-16,6,0
cherry,2026-07-16,7,0
cherry,2026-07-16,8,0
cherry,2026-07-16,9,0
cherry,2026-07-16,10,0
cherry,2026-07-16,11,0
cherry,2026-07-16,12,0
cherry,2026-07-16,13,0
cherry,2026-07-16,14,0
cherry,2026-07-16,15,0
cherry,2026-07-16,16,0
cherry,2026-07-16,17,1
cherry,2026-07-16,18,20
cherry,2026-07-16,19,0
cherry,2026-07-16,20,0
cherry,2026-07-16,21,4
cherry,2026-07-16,22,0
cherry,2026-07-16,23,0
cherry,2026-07-16,24,0
cherry,2026-07-16,25,4
cherry,2026-07-16,26,0
cherry,2026-07-16,27,0
cherry,2026-07-16,28,1
cherry,2026-07-16,29,0
cherry,2026-07-16,30,0
cherry,2026-07-16,31,0
cherry,2026-07-16,32,0
cherry,2026-07-16,33,0
cherry,2026-07-16,34,13
cherry,2026-07-16,35,0
cherry,2026-07-16,36,0
cherry,2026-07-16,37,1
cherry,2026-07-16,38,0
cherry,2026-07-16,39,1
cherry,2026-07-16,40,0
cherry,2026-07-16,41,0
cherry,2026-07-16,42,0
cherry,2026-07-16,43,10
cherry,2026-07-16,44,0
cherry,2026-07-16,45,0
cherry,2026-07-16,46,0
cherry,2026-07-16,47,0
cherry,2026-07-17,0,0
cherry,2026-07-17,1,0
cherry,2026-07-17,2,1
cherry,2026-07-17,3,0
cherry,2026-07-17,4,0
cherry,2026-07-17,5,0
cherry,2026-07-17,6,0
cherry,2026-07-17,7,0
cherry,2026-07-17,8,0
cherry,2026-07-17,9,0
cherry,2026-07-17,10,0
cherry,2026-07-17,11,0
cherry,2026-07-17,12,0
cherry,2026-07-17,13,0
cherry,2026-07-17,14,1
cherry,2026-07-17,15,0
cherry,2026-07-17,16,0
cherry,2026-07-17,17,0
cherry,2026-07-17,18,0
cherry,2026-07-17,19,6
cherry,2026-07-17,20,0
cherry,2026-07-17,21,2
cherry,2026-07-17,22,0
cherry,2026-07-17,23,1
cherry,2026-07-17,24,0
cherry,2026-07-17,25,2
cherry,2026-07-17,26,0
cherry,2026-07-17,27,15
cherry,2026-07-17,28,0
cherry,2026-07-17,29,0
cherry,2026-07-17,30,0
cherry,2026-07-17,31,0
cherry,2026-07-17,32,0
cherry,2026-07-17,33,0
cherry,2026-07-17,34,1
cherry,2026-07-17,35,0
cherry,2026-07-17,36,0
cherry,2026-07-17,37,0
cherry,2026-07-17,38,0
cherry,2026-07-17,39,4
cherry,2026-07-17,40,15
cherry,2026-07-17,41,0
cherry,2026-07-17,42,1
cherry,2026-07-17,43,0
cherry,2026-07-17,44,0
cherry,2026-07-17,45,0
cherry,2026-07-17,46,0
cherry,2026-07-17,47,0
cherry,2026-07-18,0,7
cherry,2026-07-18,1,0
cherry,2026-07-18,2,0
cherry,2026-07-18,3,0
cherry,2026-07-18,4,5
cherry,2026-07-18,5,0
cherry,2026-07-18,6,0
cherry,2026-07-18,7,0
cherry,2026-07-18,8,0
cherry,2026-07-18,9,0
cherry,2026-07-18,10,0
cherry,2026-07-18,11,0
cherry,2026-07-18,12,0
cherry,2026-07-18,13,0
cherry,2026-07-18,14,0
cherry,2026-07-18,15,0
cherry,2026-07-18,16,4
cherry,2026-07-18,17,0
cherry,2026-07-18,18,0
cherry,2026-07-18,19,0
cherry,2026-07-18,20,0
cherry,2026-07-18,21,0
cherry,2026-07-18,22,0
cherry,2026-07-18,23,0
cherry,2026-07-18,24,0
cherry,2026-07-18,25,0
cherry,2026-07-18,26,0
cherry,2026-07-18,27,0
cherry,2026-07-18,28,0
cherry,2026-07-18,29,0
cherry,2026-07-18,30,0
cherry,2026-07-18,31,0
cherry,2026-07-18,32,0
cherry,2026-07-18,33,0
cherry,2026-07-18,34,0
cherry,2026-07-18,35,0
cherry,2026-07-18,36,2
cherry,2026-07-18,37,0
cherry,2026-07-18,38,0
cherry,2026-07-18,39,0
cherry,2026-07-18,40,0
cherry,2026-07-18,41,0
cherry,2026-07-18,42,0
cherry,2026-07-18,43,0
cherry,2026-07-18,44,0
cherry,2026-07-18,45,7
cherry,2026-07-18,46,9
cherry,2026-07-18,47,0
cherry,2026-07-19,0,24
cherry,2026-07-19,1,9
cherry,2026-07-19,2,0
cherry,2026-07-19,3,2
cherry,2026-07-19,4,0
cherry,2026-07-19,5,0
cherry,2026-07-19,6,0
cherry,2026-07-19,7,0
cherry,2026-07-19,8,1
cherry,2026-07-19,9,0
cherry,2026-07-19,10,0
cherry,2026-07-19,11,0
cherry,2026-07-19,12,0
cherry,2026-07-19,13,0
cherry,2026-07-19,14,0
cherry,2026-07-19,15,0
cherry,2026-07-19,16,0
cherry,2026-07-19,17,0
cherry,2026-07-19,18,0
cherry,2026-07-19,19,0
cherry,2026-07-19,20,0
cherry,2026-07-19,21,0
cherry,2026-07-19,22,0
cherry,2026-07-19,23,0
cherry,2026-07-19,24,0
cherry,2026-07-19,25,0
cherry,2026-07-19,26,18
cherry,2026-07-19,27,2
cherry,2026-07-19,28,1
cherry,2026-07-19,29,0
cherry,2026-07-19,30,0
cherry,2026-07-19,31,0
cherry,2026-07-19,32,0
cherry,2026-07-19,33,0
cherry,2026-07-19,34,2
cherry,2026-07-19,35,0
cherry,2026-07-19,36,0
cherry,2026-07-19,37,0
cherry,2026-07-19,38,0
cherry,2026-07-19,39,0
cherry,2026-07-19,40,0
cherry,2026-07-19,41,9
cherry,2026-07-19,42,3
cherry,2026-07-19,43,1
cherry,2026-07-19,44,0
cherry,2026-07-19,45,0
cherry,2026-07-19,46,0
cherry,2026-07-19,47,1
cherry,2026-07-20,0,0
cherry,2026-07-20,1,0
cherry,2026-07-20,2,0
cherry,2026-07-20,3,0
cherry,2026-07-20,4,0
cherry,2026-07-20,5,0
cherry,2026-07-20,6,0
cherry,2026-07-20,7,0
cherry,2026-07-20,8,0
cherry,2026-07-20,9,0
cherry,2026-07-20,10,0
cherry,2026-07-20,11,0
cherry,2026-07-20,12,0
cherry,2026-07-20,13,0
cherry,2026-07-20,14,0
cherry,2026-07-20,15,4
cherry,2026-07-20,16,0
cherry,2026-07-20,17,0
cherry,2026-07-20,18,0
cherry,2026-07-20,19,0
cherry,2026-07-20,20,0
cherry,2026-07-20,21,0
cherry,2026-07-20,22,0
cherry,2026-07-20,23,60
cherry,2026-07-20,24,10
cherry,2026-07-20,25,19
cherry,2026-07-20,26,10
cherry,2026-07-20,27,134
cherry,2026-07-20,28,0
cherry,2026-07-20,29,3
cherry,2026-07-20,30,0
cherry,2026-07-20,31,0
cherry,2026-07-20,32,0
cherry,2026-07-20,33,1
cherry,2026-07-20,34,0
cherry,2026-07-20,35,0
cherry,2026-07-20,36,0
cherry,2026-07-20,37,0
cherry,2026-07-20,38,0
cherry,2026-07-20,39,6
cherry,2026-07-20,40,0
cherry,2026-07-20,41,0
cherry,2026-07-20,42,0
cherry,2026-07-20,43,0
cherry,2026-07-20,44,0
cherry,2026-07-20,45,0
cherry,2026-07-20,46,0
cherry,2026-07-20,47,0
cherry,2026-07-21,0,0
cherry,2026-07-21,1,0
cherry,2026-07-21,2,0
cherry,2026-07-21,3,0
cherry,2026-07-21,4,0
cherry,2026-07-21,5,0
cherry,2026-07-21,6,0
cherry,2026-07-21,7,0
cherry,2026-07-21,8,0
cherry,2026-07-21,9,0
cherry,2026-07-21,10,0
cherry,2026-07-21,11,0
cherry,2026-07-21,12,0
cherry,2026-07-21,13,0
cherry,2026-07-21,14,0
cherry,2026-07-21,15,0
cherry,2026-07-21,16,0
cherry,2026-07-21,17,0
cherry,2026-07-21,18,0
cherry,2026-07-21,19,0
cherry,2026-07-21,20,0
cherry,2026-07-21,21,0
cherry,2026-07-21,22,0
cherry,2026-07-21,23,0
cherry,2026-07-21,24,0
cherry,2026-07-21,25,0
cherry,2026-07-21,26,0
cherry,2026-07-21,27,0
cherry,2026-07-21,28,0
cherry,2026-07-21,29,0
cherry,2026-07-21,30,0
cherry,2026-07-21,31,0
cherry,2026-07-21,32,0
cherry,2026-07-21,33,0
cherry,2026-07-21,34,2
cherry,2026-07-21,35,0
cherry,2026-07-21,36,1
cherry,2026-07-21,37,0
cherry,2026-07-21,38,4
cherry,2026-07-21,39,0
cherry,2026-07-21,40,3
cherry,2026-07-21,41,5
cherry,2026-07-21,42,6
cherry,2026-07-21,43,3
cherry,2026-07-21,44,0
cherry,2026-07-21,45,0
cherry,2026-07-21,46,0
cherry,2026-07-21,47,0
cherry,2026-07-22,0,0
cherry,2026-07-22,1,0
cherry,2026-07-22,2,0
cherry,2026-07-22,3,0
cherry,2026-07-22,4,0
cherry,2026-07-22,5,0
cherry,2026-07-22,6,0
cherry,2026-07-22,7,0
cherry,2026-07-22,8,0
cherry,2026-07-22,9,0
cherry,2026-07-22,10,0
cherry,2026-07-22,11,0
cherry,2026-07-22,12,0
cherry,2026-07-22,13,0
cherry,2026-07-22,14,0
cherry,2026-07-22,15,1
cherry,2026-07-22,16,0
cherry,2026-07-22,17,0
cherry,2026-07-22,18,12
cherry,2026-07-22,19,4
cherry,2026-07-22,20,5
cherry,2026-07-22,21,0
cherry,2026-07-22,22,0
cherry,2026-07-22,23,0
cherry,2026-07-22,24,0
cherry,2026-07-22,25,0
cherry,2026-07-22,26,0
cherry,2026-07-22,27,6
cherry,2026-07-22,28,0
cherry,2026-07-22,29,0
cherry,2026-07-22,30,0
cherry,2026-07-22,31,0
cherry,2026-07-22,32,0
cherry,2026-07-22,33,1
cherry,2026-07-22,34,0
cherry,2026-07-22,35,0
cherry,2026-07-22,36,0
cherry,2026-07-22,37,0
cherry,2026-07-22,38,0
cherry,2026-07-22,39,0
cherry,2026-07-22,40,0
cherry,2026-07-22,41,1
cherry,2026-07-22,42,0
cherry,2026-07-22,43,0
cherry,2026-07-22,44,0
cherry,2026-07-22,45,1
cherry,2026-07-22,46,7
cherry,2026-07-22,47,0
cherry,2026-07-23,0,0
cherry,2026-07-23,1,0
cherry,2026-07-23,2,0
cherry,2026-07-23,3,0
cherry,2026-07-23,4,0
cherry,2026-07-23,5,0
cherry,2026-07-23,6,0
cherry,2026-07-23,7,0
cherry,2026-07-23,8,0
cherry,2026-07-23,9,0
cherry,2026-07-23,10,0
cherry,2026-07-23,11,0
cherry,2026-07-23,12,0
cherry,2026-07-23,13,0
cherry,2026-07-23,14,0
cherry,2026-07-23,15,0
cherry,2026-07-23,16,0
cherry,2026-07-23,17,0
cherry,2026-07-23,18,0
cherry,2026-07-23,19,0
cherry,2026-07-23,20,0
cherry,2026-07-23,21,0
cherry,2026-07-23,22,33
cherry,2026-07-23,23,0
cherry,2026-07-23,24,1
cherry,2026-07-23,25,26
cherry,2026-07-23,26,0
cherry,2026-07-23,27,0
cherry,2026-07-23,28,0
cherry,2026-07-23,29,0
cherry,2026-07-23,30,0
cherry,2026-07-23,31,0
cherry,2026-07-23,32,0
cherry,2026-07-23,33,59
cherry,2026-07-23,34,25
cherry,2026-07-23,35,0
cherry,2026-07-23,36,0
cherry,2026-07-23,37,0
cherry,2026-07-23,38,0
cherry,2026-07-23,39,24
cherry,2026-07-23,40,4
cherry,2026-07-23,41,2
cherry,2026-07-23,42,16
cherry,2026-07-23,43,2
cherry,2026-07-23,44,7
cherry,2026-07-23,45,0
cherry,2026-07-23,46,0
cherry,2026-07-23,47,0
cherry,2026-07-24,0,0
cherry,2026-07-24,1,0
cherry,2026-07-24,2,1
cherry,2026-07-24,3,0
cherry,2026-07-24,4,0
cherry,2026-07-24,5,0
cherry,2026-07-24,6,0
cherry,2026-07-24,7,0
cherry,2026-07-24,8,0
cherry,2026-07-24,9,0
cherry,2026-07-24,10,0
cherry,2026-07-24,11,0
cherry,2026-07-24,12,0
cherry,2026-07-24,13,0
cherry,2026-07-24,14,0
cherry,2026-07-24,15,0
cherry,2026-07-24,16,0
cherry,2026-07-24,17,0
cherry,2026-07-24,18,0
cherry,2026-07-24,19,0
cherry,2026-07-24,20,9
cherry,2026-07-24,21,0
cherry,2026-07-24,22,0
cherry,2026-07-24,23,0
cherry,2026-07-24,24,1
cherry,2026-07-24,25,0
cherry,2026-07-24,26,0
cherry,2026-07-24,27,12
cherry,2026-07-24,28,0
cherry,2026-07-24,29,0
cherry,2026-07-24,30,0
cherry,2026-07-24,31,0
cherry,2026-07-24,32,0
cherry,2026-07-24,33,0
cherry,2026-07-24,34,0
cherry,2026-07-24,35,0
cherry,2026-07-24,36,0
cherry,2026-07-24,37,0
cherry,2026-07-24,38,0
cherry,2026-07-24,39,0
cherry,2026-07-24,40,0
cherry,2026-07-24,41,0
cherry,2026-07-24,42,0
cherry,2026-07-24,43,0
cherry,2026-07-24,44,0
cherry,2026-07-24,45,0
cherry,2026-07-24,46,0
cherry,2026-07-24,47,2
cherry,2026-07-25,0,0
cherry,2026-07-25,1,0
cherry,2026-07-25,2,0
cherry,2026-07-25,3,0
cherry,2026-07-25,4,0
cherry,2026-07-25,5,0
cherry,2026-07-25,6,0
cherry,2026-07-25,7,0
cherry,2026-07-25,8,0
cherry,2026-07-25,9,0
cherry,2026-07-25,10,0
cherry,2026-07-25,11,0
cherry,2026-07-25,12,0
cherry,2026-07-25,13,0
cherry,2026-07-25,14,0
cherry,2026-07-25,15,0
cherry,2026-07-25,16,0
cherry,2026-07-25,17,0
cherry,2026-07-25,18,4
cherry,2026-07-25,19,0
cherry,2026-07-25,20,0
cherry,2026-07-25,21,0
cherry,2026-07-25,22,0
cherry,2026-07-25,23,0
cherry,2026-07-25,24,1
cherry,2026-07-25,25,0
cherry,2026-07-25,26,0
cherry,2026-07-25,27,2
cherry,2026-07-25,28,0
cherry,2026-07-25,29,0
cherry,2026-07-25,30,0
cherry,2026-07-25,31,0
cherry,2026-07-25,32,0
cherry,2026-07-25,33,16
cherry,2026-07-25,34,0
cherry,2026-07-25,35,0
cherry,2026-07-25,36,18
cherry,2026-07-25,37,1
cherry,2026-07-25,38,0
cherry,2026-07-25,39,4
cherry,2026-07-25,40,11
cherry,2026-07-25,41,8
cherry,2026-07-25,42,12
cherry,2026-07-25,43,7
cherry,2026-07-25,44,0
cherry,2026-07-25,45,0
cherry,2026-07-25,46,0
cherry,2026-07-25,47,0
cherry,2026-07-26,0,0
cherry,2026-07-26,1,0
cherry,2026-07-26,2,0
cherry,2026-07-26,3,0
cherry,2026-07-26,4,0
cherry,2026-07-26,5,0
cherry,2026-07-26,6,1
cherry,2026-07-26,7,0
cherry,2026-07-26,8,0
cherry,2026-07-26,9,0
cherry,2026-07-26,10,0
cherry,2026-07-26,11,0
cherry,2026-07-26,12,0
cherry,2026-07-26,13,0
cherry,2026-07-26,14,0
cherry,2026-07-26,15,0
cherry,2026-07-26,16,0
cherry,2026-07-26,17,0
cherry,2026-07-26,18,1
cherry,2026-07-26,19,0
cherry,2026-07-26,20,0
cherry,2026-07-26,21,0
cherry,2026-07-26,22,0
cherry,2026-07-26,23,0
cherry,2026-07-26,24,0
cherry,2026-07-26,25,0
cherry,2026-07-26,26,0
cherry,2026-07-26,27,0
cherry,2026-07-26,28,0
cherry,2026-07-26,29,0
cherry,2026-07-26,30,0
cherry,2026-07-26,31,1
cherry,2026-07-26,32,1
cherry,2026-07-26,33,2
cherry,2026-07-26,34,0
cherry,2026-07-26,35,0
cherry,2026-07-26,36,0
cherry,2026-07-26,37,0
cherry,2026-07-26,38,0
cherry,2026-07-26,39,1
cherry,2026-07-26,40,1
cherry,2026-07-26,41,0
cherry,2026-07-26,42,0
cherry,2026-07-26,43,0
cherry,2026-07-26,44,0
cherry,2026-07-26,45,0
cherry,2026-07-26,46,0
cherry,2026-07-26,47,0
cherry,2026-07-27,0,0
cherry,2026-07-27,1,0
cherry,2026-07-27,2,0
cherry,2026-07-27,3,0
cherry,2026-07-27,4,0
cherry,2026-07-27,5,0
cherry,2026-07-27,6,0
cherry,2026-07-27,7,1
cherry,2026-07-27,8,0
cherry,2026-07-27,9,0
cherry,2026-07-27,10,0
cherry,2026-07-27,11,0
cherry,2026-07-27,12,0
cherry,2026-07-27,13,0
cherry,2026-07-27,14,0
cherry,2026-07-27,15,0
cherry,2026-07-27,16,0
cherry,2026-07-27,17,0
cherry,2026-07-27,18,1
cherry,2026-07-27,19,0
cherry,2026-07-27,20,7
cherry,2026-07-27,21,1
cherry,2026-07-27,22,0
cherry,2026-07-27,23,0
cherry,2026-07-27,24,0
cherry,2026-07-27,25,0
cherry,2026-07-27,26,2
cherry,2026-07-27,27,0
cherry,2026-07-27,28,0
cherry,2026-07-27,29,0
cherry,2026-07-27,30,0
cherry,2026-07-27,31,0
cherry,2026-07-27,32,0
cherry,2026-07-27,33,1
cherry,2026-07-27,34,0
cherry,2026-07-27,35,0
cherry,2026-07-27,36,0
cherry,2026-07-27,37,0
cherry,2026-07-27,38,0
cherry,2026-07-27,39,0
cherry,2026-07-27,40,0
cherry,2026-07-27,41,60
cherry,2026-07-27,42,5
cherry,2026-07-27,43,3
cherry,2026-07-27,44,0
cherry,2026-07-27,45,0
cherry,2026-07-27,46,0
cherry,2026-07-27,47,0
cherry,2026-07-28,0,0
cherry,2026-07-28,1,0
cherry,2026-07-28,2,0
cherry,2026-07-28,3,0
cherry,2026-07-28,4,0
cherry,2026-07-28,5,0
cherry,2026-07-28,6,45
cherry,2026-07-28,7,8
cherry,2026-07-28,8,0
cherry,2026-07-28,9,0
cherry,2026-07-28,10,0
cherry,2026-07-28,11,0
cherry,2026-07-28,12,2
cherry,2026-07-28,13,0
cherry,2026-07-28,14,0
cherry,2026-07-28,15,0
cherry,2026-07-28,16,0
cherry,2026-07-28,17,0
cherry,2026-07-28,18,0
cherry,2026-07-28,19,1
cherry,2026-07-28,20,0
cherry,2026-07-28,21,0
cherry,2026-07-28,22,0
cherry,2026-07-28,23,0
cherry,2026-07-28,24,0
cherry,2026-07-28,25,1
cherry,2026-07-28,26,0
cherry,2026-07-28,27,0
cherry,2026-07-28,28,0
cherry,2026-07-28,29,0
cherry,2026-07-28,30,0
cherry,2026-07-28,31,0
cherry,2026-07-28,32,0
cherry,2026-07-28,33,0
cherry,2026-07-28,34,0
cherry,2026-07-28,35,0
cherry,2026-07-28,36,3
cherry,2026-07-28,37,41
cherry,2026-07-28,38,29
cherry,2026-07-28,39,2
cherry,2026-07-28,40,0
cherry,2026-07-28,41,1
cherry,2026-07-28,42,0
cherry,2026-07-28,43,0
cherry,2026-07-28,44,0
cherry,2026-07-28,45,0
cherry,2026-07-28,46,0
cherry,2026-07-28,47,0
cherry,2026-07-29,0,0
cherry,2026-07-29,1,0
cherry,2026-07-29,2,0
cherry,2026-07-29,3,0
cherry,2026-07-29,4,0
cherry,2026-07-29,5,0
cherry,2026-07-29,6,0
cherry,2026-07-29,7,0
cherry,2026-07-29,8,0
cherry,2026-07-29,9,0
cherry,2026-07-29,10,0
cherry,2026-07-29,11,1
cherry,2026-07-29,12,8
cherry,2026-07-29,13,0
cherry,2026-07-29,14,0
cherry,2026-07-29,15,0
cherry,2026-07-29,16,5
cherry,2026-07-29,17,0
cherry,2026-07-29,18,0
cherry,2026-07-29,19,2
cherry,2026-07-29,20,0
cherry,2026-07-29,21,0
cherry,2026-07-29,22,0
cherry,2026-07-29,23,0
cherry,2026-07-29,24,0
cherry,2026-07-29,25,0
cherry,2026-07-29,26,0
cherry,2026-07-29,27,0
cherry,2026-07-29,28,0
cherry,2026-07-29,29,0
cherry,2026-07-29,30,1
cherry,2026-07-29,31,0
cherry,2026-07-29,32,0
cherry,2026-07-29,33,0
cherry,2026-07-29,34,0
cherry,2026-07-29,35,0
cherry,2026-07-29,36,2
cherry,2026-07-29,37,0
cherry,2026-07-29,38,0
cherry,2026-07-29,39,0
cherry,2026-07-29,40,12
cherry,2026-07-29,41,0
cherry,2026-07-29,42,1
cherry,2026-07-29,43,0
cherry,2026-07-29,44,0
cherry,2026-07-29,45,0
cherry,2026-07-29,46,0
cherry,2026-07-29,47,0
cherry,2026-07-30,0,1
cherry,2026-07-30,1,0
cherry,2026-07-30,2,0
cherry,2026-07-30,3,1
cherry,2026-07-30,4,0
cherry,2026-07-30,5,0
cherry,2026-07-30,6,0
cherry,2026-07-30,7,0
cherry,2026-07-30,8,0
cherry,2026-07-30,9,0
cherry,2026-07-30,10,0
cherry,2026-07-30,11,0
cherry,2026-07-30,12,0
cherry,2026-07-30,13,1
cherry,2026-07-30,14,0
cherry,2026-07-30,15,0
cherry,2026-07-30,16,0
cherry,2026-07-30,17,0
cherry,2026-07-30,18,0
cherry,2026-07-30,19,0
cherry,2026-07-30,20,0
cherry,2026-07-30,21,0
cherry,2026-07-30,22,0
cherry,2026-07-30,23,0
cherry,2026-07-30,24,0
cherry,2026-07-30,25,0
cherry,2026-07-30,26,1
cherry,2026-07-30,27,0
cherry,2026-07-30,28,0
cherry,2026-07-30,29,0
cherry,2026-07-30,30,0
cherry,2026-07-30,31,0
cherry,2026-07-30,32,0
cherry,2026-07-30,33,0
cherry,2026-07-30,34,0
cherry,2026-07-30,35,4
cherry,2026-07-30,36,0
cherry,2026-07-30,37,0
cherry,2026-07-30,38,73
cherry,2026-07-30,39,9
cherry,2026-07-30,40,0
cherry,2026-07-30,41,4
cherry,2026-07-30,42,0
cherry,2026-07-30,43,6
cherry,2026-07-30,44,0
cherry,2026-07-30,45,1
cherry,2026-07-30,46,0
cherry,2026-07-30,47,0
cherry,2026-07-31,0,0
cherry,2026-07-31,1,0
cherry,2026-07-31,2,0
cherry,2026-07-31,3,0
cherry,2026-07-31,4,0
cherry,2026-07-31,5,0
cherry,2026-07-31,6,0
cherry,2026-07-31,7,0
cherry,2026-07-31,8,0
cherry,2026-07-31,9,0
cherry,2026-07-31,10,0
cherry,2026-07-31,11,0
cherry,2026-07-31,12,0
cherry,2026-07-31,13,0
cherry,2026-07-31,14,1
cherry,2026-07-31,15,0
cherry,2026-07-31,16,0
cherry,2026-07-31,17,0
cherry,2026-07-31,18,1
cherry,2026-07-31,19,0
cherry,2026-07-31,20,0
cherry,2026-07-31,21,0
cherry,2026-07-31,22,0
cherry,2026-07-31,23,0
cherry,2026-07-31,24,0
cherry,2026-07-31,25,0
cherry,2026-07-31,26,1
cherry,2026-07-31,27,0
cherry,2026-07-31,28,0
cherry,2026-07-31,29,1
cherry,2026-07-31,30,0
cherry,2026-07-31,31,0
cherry,2026-07-31,32,0
cherry,2026-07-31,33,0
cherry,2026-07-31,34,0
cherry,2026-07-31,35,0
cherry,2026-07-31,36,8
cherry,2026-07-31,37,0
cherry,2026-07-31,38,0
cherry,2026-07-31,39,55
cherry,2026-07-31,40,0
cherry,2026-07-31,41,0
cherry,2026-07-31,42,18
cherry,2026-07-31,43,2
cherry,2026-07-31,44,0
cherry,2026-07-31,45,0
cherry,2026-07-31,46,0
cherry,2026-07-31,47,0
cherry,2026-08-01,0,0
cherry,2026-08-01,1,0
cherry,2026-08-01,2,0
cherry,2026-08-01,3,0
cherry,2026-08-01,4,0
cherry,2026-08-01,5,0
cherry,2026-08-01,6,0
cherry,2026-08-01,7,0
cherry,2026-08-01,8,0
cherry,2026-08-01,9,0
cherry,2026-08-01,10,0
cherry,2026-08-01,11,0
cherry,2026-08-01,12,0
cherry,2026-08-01,13,6
cherry,2026-08-01,14,0
cherry,2026-08-01,15,0
cherry,2026-08-01,16,0
cherry,2026-08-01,17,0
cherry,2026-08-01,18,0
cherry,2026-08-01,19,0
cherry,2026-08-01,20,0
cherry,2026-08-01,21,0
cherry,2026-08-01,22,61
cherry,2026-08-01,23,0
cherry,2026-08-01,24,0
cherry,2026-08-01,25,0
cherry,2026-08-01,26,0
cherry,2026-08-01,27,0
cherry,2026-08-01,28,0
cherry,2026-08-01,29,0
cherry,2026-08-01,30,0
cherry,2026-08-01,31,0
cherry,2026-08-01,32,0
cherry,2026-08-01,33,0
cherry,2026-08-01,34,4
cherry,2026-08-01,35,0
cherry,2026-08-01,36,5
cherry,2026-08-01,37,0
cherry,2026-08-01,38,14
cherry,2026-08-01,39,0
cherry,2026-08-01,40,0
cherry,2026-08-01,41,0
cherry,2026-08-01,42,0
cherry,2026-08-01,43,8
cherry,2026-08-01,44,3
cherry,2026-08-01,45,0
cherry,2026-08-01,46,0
cherry,2026-08-01,47,0
cherry,2026-08-02,0,0
cherry,2026-08-02,1,0
cherry,2026-08-02,2,0
cherry,2026-08-02,3,0
cherry,2026-08-02,4,0
cherry,2026-08-02,5,0
cherry,2026-08-02,6,0
cherry,2026-08-02,7,0
cherry,2026-08-02,8,0
cherry,2026-08-02,9,0
cherry,2026-08-02,10,0
cherry,2026-08-02,11,64
cherry,2026-08-02,12,0
cherry,2026-08-02,13,0
cherry,2026-08-02,14,0
cherry,2026-08-02,15,0
cherry,2026-08-02,16,1
cherry,2026-08-02,17,1
cherry,2026-08-02,18,0
cherry,2026-08-02,19,0
cherry,2026-08-02,20,1
cherry,2026-08-02,21,4
cherry,2026-08-02,22,0
cherry,2026-08-02,23,0
cherry,2026-08-02,24,1
cherry,2026-08-02,25,1
cherry,2026-08-02,26,1
cherry,2026-08-02,27,0
cherry,2026-08-02,28,0
cherry,2026-08-02,29,0
cherry,2026-08-02,30,0
cherry,2026-08-02,31,0
cherry,2026-08-02,32,0
cherry,2026-08-02,33,0
cherry,2026-08-02,34,0
cherry,2026-08-02,35,1
cherry,2026-08-02,36,0
cherry,2026-08-02,37,1
cherry,2026-08-02,38,0
cherry,2026-08-02,39,1
cherry,2026-08-02,40,0
cherry,2026-08-02,41,1
cherry,2026-08-02,42,0
cherry,2026-08-02,43,152
cherry,2026-08-02,44,0
cherry,2026-08-02,45,0
cherry,2026-08-02,46,0
cherry,2026-08-02,47,0
cherry,2026-08-03,0,0
cherry,2026-08-03,1,0
cherry,2026-08-03,2,0
cherry,2026-08-03,3,0
cherry,2026-08-03,4,0
cherry,2026-08-03,5,0
cherry,2026-08-03,6,0
cherry,2026-08-03,7,0
cherry,2026-08-03,8,0
cherry,2026-08-03,9,0
cherry,2026-08-03,10,0
cherry,2026-08-03,11,0
cherry,2026-08-03,12,1
cherry,2026-08-03,13,0
cherry,2026-08-03,14,0
cherry,2026-08-03,15,0
cherry,2026-08-03,16,0
cherry,2026-08-03,17,0
cherry,2026-08-03,18,0
cherry,2026-08-03,19,0
cherry,2026-08-03,20,2
cherry,2026-08-03,21,0
cherry,2026-08-03,22,6
cherry,2026-08-03,23,0
cherry,2026-08-03,24,0
cherry,2026-08-03,25,0
cherry,2026-08-03,26,0
cherry,2026-08-03,27,2
cherry,2026-08-03,28,0
cherry,2026-08-03,29,0
cherry,2026-08-03,30,0
cherry,2026-08-03,31,0
cherry,2026-08-03,32,0
cherry,2026-08-03,33,0
cherry,2026-08-03,34,0
cherry,2026-08-03,35,0
cherry,2026-08-03,36,0
cherry,2026-08-03,37,0
cherry,2026-08-03,38,0
cherry,2026-08-03,39,0
cherry,2026-08-03,40,0
cherry,2026-08-03,41,0
cherry,2026-08-03,42,0
cherry,2026-08-03,43,0
cherry,2026-08-03,44,0
cherry,2026-08-03,45,1
cherry,2026-08-03,46,0
cherry,2026-08-03,47,0
cherry,2026-08-04,0,0
cherry,2026-08-04,1,0
cherry,2026-08-04,2,0
cherry,2026-08-04,3,0
cherry,2026-08-04,4,0
cherry,2026-08-04,5,0
cherry,2026-08-04,6,0
cherry,2026-08-04,7,0
cherry,2026-08-04,8,0
cherry,2026-08-04,9,0
cherry,2026-08-04,10,0
cherry,2026-08-04,11,0
cherry,2026-08-04,12,0
cherry,2026-08-04,13,0
cherry,2026-08-04,14,0
cherry,2026-08-04,15,0
cherry,2026-08-04,16,0
cherry,2026-08-04,17,0
cherry,2026-08-04,18,0
cherry,2026-08-04,19,0
cherry,2026-08-04,20,1
cherry,2026-08-04,21,0
cherry,2026-08-04,22,0
cherry,2026-08-04,23,0
cherry,2026-08-04,24,0
cherry,2026-08-04,25,0
cherry,2026-08-04,26,1
cherry,2026-08-04,27,0
cherry,2026-08-04,28,0
cherry,2026-08-04,29,0
cherry,2026-08-04,30,0
cherry,2026-08-04,31,0
cherry,2026-08-04,32,0
cherry,2026-08-04,33,0
cherry,2026-08-04,34,0
cherry,2026-08-04,35,0
cherry,2026-08-04,36,0
cherry,2026-08-04,37,0
cherry,2026-08-04,38,0
cherry,2026-08-04,39,0
cherry,2026-08-04,40,1
cherry,2026-08-04,41,0
cherry,2026-08-04,42,0
cherry,2026-08-04,43,0
cherry,2026-08-04,44,0
cherry,2026-08-04,45,0
cherry,2026-08-04,46,0
cherry,2026-08-04,47,0
cherry,2026-08-05,0,0
cherry,2026-08-05,1,1
cherry,2026-08-05,2,0
cherry,2026-08-05,3,0
cherry,2026-08-05,4,0
cherry,2026-08-05,5,0
cherry,2026-08-05,6,0
cherry,2026-08-05,7,0
cherry,2026-08-05,8,0
cherry,2026-08-05,9,0
cherry,2026-08-05,10,0
cherry,2026-08-05,11,0
cherry,2026-08-05,12,0
cherry,2026-08-05,13,0
cherry,2026-08-05,14,1
cherry,2026-08-05,15,1
cherry,2026-08-05,16,0
cherry,2026-08-05,17,1
cherry,2026-08-05,18,0
cherry,2026-08-05,19,4
cherry,2026-08-05,20,1
cherry,2026-08-05,21,13
cherry,2026-08-05,22,14
cherry,2026-08-05,23,0
cherry,2026-08-05,24,0
cherry,2026-08-05,25,0
cherry,2026-08-05,26,0
cherry,2026-08-05,27,0
cherry,2026-08-05,28,0
cherry,2026-08-05,29,0
cherry,2026-08-05,30,0
cherry,2026-08-05,31,1
cherry,2026-08-05,32,0
cherry,2026-08-05,33,0
cherry,2026-08-05,34,0
cherry,2026-08-05,35,0
cherry,2026-08-05,36,0
cherry,2026-08-05,37,0
cherry,2026-08-05,38,24
cherry,2026-08-05,39,6
cherry,2026-08-05,40,0
cherry,2026-08-05,41,0
cherry,2026-08-05,42,0
cherry,2026-08-05,43,0
cherry,2026-08-05,44,0
cherry,2026-08-05,45,0
cherry,2026-08-05,46,0
cherry,2026-08-05,47,0
cherry,2026-08-06,0,0
cherry,2026-08-06,1,0
cherry,2026-08-06,2,0
cherry,2026-08-06,3,0
cherry,2026-08-06,4,0
cherry,2026-08-06,5,0
cherry,2026-08-06,6,0
cherry,2026-08-06,7,0
cherry,2026-08-06,8,0
cherry,2026-08-06,9,0
cherry,2026-08-06,10,0
cherry,2026-08-06,11,0
cherry,2026-08-06,12,0
cherry,2026-08-06,13,7
cherry,2026-08-06,14,0
cherry,2026-08-06,15,0
cherry,2026-08-06,16,0
cherry,2026-08-06,17,0
cherry,2026-08-06,18,4
cherry,2026-08-06,19,0
cherry,2026-08-06,20,6
cherry,2026-08-06,21,1
cherry,2026-08-06,22,1
cherry,2026-08-06,23,0
cherry,2026-08-06,24,0
cherry,2026-08-06,25,0
cherry,2026-08-06,26,0
cherry,2026-08-06,27,0
cherry,2026-08-06,28,0
cherry,2026-08-06,29,0
cherry,2026-08-06,30,0
cherry,2026-08-06,31,0
cherry,2026-08-06,32,0
cherry,2026-08-06,33,0
cherry,2026-08-06,34,148
cherry,2026-08-06,35,0
cherry,2026-08-06,36,3
cherry,2026-08-06,37,8
cherry,2026-08-06,38,0
cherry,2026-08-06,39,1
cherry,2026-08-06,40,0
cherry,2026-08-06,41,2
cherry,2026-08-06,42,1
cherry,2026-08-06,43,10
cherry,2026-08-06,44,11
cherry,2026-08-06,45,1
cherry,2026-08-06,46,0
cherry,2026-08-06,47,0
cherry,2026-08-07,0,0
cherry,2026-08-07,1,1
cherry,2026-08-07,2,0
cherry,2026-08-07,3,0
cherry,2026-08-07,4,0
cherry,2026-08-07,5,0
cherry,2026-08-07,6,0
cherry,2026-08-07,7,0
cherry,2026-08-07,8,0
cherry,2026-08-07,9,0
cherry,2026-08-07,10,0
cherry,2026-08-07,11,0
cherry,2026-08-07,12,1
cherry,2026-08-07,13,0
cherry,2026-08-07,14,0
cherry,2026-08-07,15,0
cherry,2026-08-07,16,0
cherry,2026-08-07,17,1
cherry,2026-08-07,18,1
cherry,2026-08-07,19,0
cherry,2026-08-07,20,0
cherry,2026-08-07,21,0
cherry,2026-08-07,22,0
cherry,2026-08-07,23,0
cherry,2026-08-07,24,1
cherry,2026-08-07,25,0
cherry,2026-08-07,26,0
cherry,2026-08-07,27,0
cherry,2026-08-07,28,0
cherry,2026-08-07,29,0
cherry,2026-08-07,30,0
cherry,2026-08-07,31,169
cherry,2026-08-07,32,45
cherry,2026-08-07,33,21
cherry,2026-08-07,34,0
cherry,2026-08-07,35,0
cherry,2026-08-07,36,0
cherry,2026-08-07,37,0
cherry,2026-08-07,38,0
cherry,2026-08-07,39,16
cherry,2026-08-07,40,41
cherry,2026-08-07,41,0
cherry,2026-08-07,42,6
cherry,2026-08-07,43,0
cherry,2026-08-07,44,0
cherry,2026-08-07,45,0
cherry,2026-08-07,46,0
cherry,2026-08-07,47,1
cherry,2026-08-08,0,0
cherry,2026-08-08,1,0
cherry,2026-08-08,2,0
cherry,2026-08-08,3,0
cherry,2026-08-08,4,0
cherry,2026-08-08,5,0
cherry,2026-08-08,6,0
cherry,2026-08-08,7,0
cherry,2026-08-08,8,0
cherry,2026-08-08,9,0
cherry,2026-08-08,10,0
cherry,2026-08-08,11,0
cherry,2026-08-08,12,0
cherry,2026-08-08,13,2
cherry,2026-08-08,14,0
cherry,2026-08-08,15,0
cherry,2026-08-08,16,0
cherry,2026-08-08,17,0
cherry,2026-08-08,18,0
cherry,2026-08-08,19,0
cherry,2026-08-08,20,0
cherry,2026-08-08,21,1
cherry,2026-08-08,22,0
cherry,2026-08-08,23,0
cherry,2026-08-08,24,0
cherry,2026-08-08,25,0
cherry,2026-08-08,26,0
cherry,2026-08-08,27,1
cherry,2026-08-08,28,0
cherry,2026-08-08,29,0
cherry,2026-08-08,30,0
cherry,2026-08-08,31,0
cherry,2026-08-08,32,0
cherry,2026-08-08,33,0
cherry,2026-08-08,34,1
cherry,2026-08-08,35,0
cherry,2026-08-08,36,0
cherry,2026-08-08,37,0
cherry,2026-08-08,38,0
cherry,2026-08-08,39,0
cherry,2026-08-08,40,0
cherry,2026-08-08,41,0
cherry,2026-08-08,42,20
cherry,2026-08-08,43,0
cherry,2026-08-08,44,1
cherry,2026-08-08,45,0
cherry,2026-08-08,46,0
cherry,2026-08-08,47,0
cherry,2026-08-09,0,2
cherry,2026-08-09,1,0
cherry,2026-08-09,2,0
cherry,2026-08-09,3,0
cherry,2026-08-09,4,0
cherry,2026-08-09,5,0
cherry,2026-08-09,6,0
cherry,2026-08-09,7,0
cherry,2026-08-09,8,0
cherry,2026-08-09,9,0
cherry,2026-08-09,10,0
cherry,2026-08-09,11,3
cherry,2026-08-09,12,0
cherry,2026-08-09,13,0
cherry,2026-08-09,14,0
cherry,2026-08-09,15,0
cherry,2026-08-09,16,1
cherry,2026-08-09,17,0
cherry,2026-08-09,18,0
cherry,2026-08-09,19,0
cherry,2026-08-09,20,1
cherry,2026-08-09,21,0
cherry,2026-08-09,22,1
cherry,2026-08-09,23,0
cherry,2026-08-09,24,0
cherry,2026-08-09,25,8
cherry,2026-08-09,26,0
cherry,2026-08-09,27,1
cherry,2026-08-09,28,0
cherry,2026-08-09,29,0
cherry,2026-08-09,30,0
cherry,2026-08-09,31,0
cherry,2026-08-09,32,0
cherry,2026-08-09,33,0
cherry,2026-08-09,34,0
cherry,2026-08-09,35,0
cherry,2026-08-09,36,0
cherry,2026-08-09,37,0
cherry,2026-08-09,38,0
cherry,2026-08-09,39,97
cherry,2026-08-09,40,5
cherry,2026-08-09,41,0
cherry,2026-08-09,42,0
cherry,2026-08-09,43,0
cherry,2026-08-09,44,7
cherry,2026-08-09,45,0
cherry,2026-08-09,46,0
cherry,2026-08-09,47,0
cherry,2026-08-10,0,0
cherry,2026-08-10,1,0
cherry,2026-08-10,2,0
cherry,2026-08-10,3,0
cherry,2026-08-10,4,0
cherry,2026-08-10,5,0
cherry,2026-08-10,6,0
cherry,2026-08-10,7,0
cherry,2026-08-10,8,0
cherry,2026-08-10,9,0
cherry,2026-08-10,10,0
cherry,2026-08-10,11,0
cherry,2026-08-10,12,0
cherry,2026-08-10,13,0
cherry,2026-08-10,14,0
cherry,2026-08-10,15,2
cherry,2026-08-10,16,0
cherry,2026-08-10,17,0
cherry,2026-08-10,18,2
cherry,2026-08-10,19,0
cherry,2026-08-10,20,0
cherry,2026-08-10,21,0
cherry,2026-08-10,22,0
cherry,2026-08-10,23,0
cherry,2026-08-10,24,0
cherry,2026-08-10,25,0
cherry,2026-08-10,26,0
cherry,2026-08-10,27,0
cherry,2026-08-10,28,0
cherry,2026-08-10,29,0
cherry,2026-08-10,30,0
cherry,2026-08-10,31,0
cherry,2026-08-10,32,0
cherry,2026-08-10,33,0
cherry,2026-08-10,34,11
cherry,2026-08-10,35,0
cherry,2026-08-10,36,0
cherry,2026-08-10,37,0
cherry,2026-08-10,38,0
cherry,2026-08-10,39,0
cherry,2026-08-10,40,0
cherry,2026-08-10,41,0
cherry,2026-08-10,42,1
cherry,2026-08-10,43,3
cherry,2026-08-10,44,0
cherry,2026-08-10,45,0
cherry,2026-08-10,46,0
cherry,2026-08-10,47,0
cherry,2026-08-11,0,0
cherry,2026-08-11,1,0
cherry,2026-08-11,2,0
cherry,2026-08-11,3,0
cherry,2026-08-11,4,0
cherry,2026-08-11,5,0
cherry,2026-08-11,6,0
cherry,2026-08-11,7,0
cherry,2026-08-11,8,0
cherry,2026-08-11,9,0
cherry,2026-08-11,10,0
cherry,2026-08-11,11,1
cherry,2026-08-11,12,0
cherry,2026-08-11,13,0
cherry,2026-08-11,14,0
cherry,2026-08-11,15,0
cherry,2026-08-11,16,0
cherry,2026-08-11,17,0
cherry,2026-08-11,18,0
cherry,2026-08-11,19,3
cherry,2026-08-11,20,1
cherry,2026-08-11,21,38
cherry,2026-08-11,22,1
cherry,2026-08-11,23,6
cherry,2026-08-11,24,0
cherry,2026-08-11,25,0
cherry,2026-08-11,26,0
cherry,2026-08-11,27,0
cherry,2026-08-11,28,14
cherry,2026-08-11,29,0
cherry,2026-08-11,30,3
cherry,2026-08-11,31,19
cherry,2026-08-11,32,1
cherry,2026-08-11,33,0
cherry,2026-08-11,34,5
cherry,2026-08-11,35,2
cherry,2026-08-11,36,0
cherry,2026-08-11,37,0
cherry,2026-08-11,38,0
cherry,2026-08-11,39,2
cherry,2026-08-11,40,0
cherry,2026-08-11,41,0
cherry,2026-08-11,42,0
cherry,2026-08-11,43,0
cherry,2026-08-11,44,4
cherry,2026-08-11,45,0
cherry,2026-08-11,46,0
cherry,2026-08-11,47,0
cherry,2026-08-12,0,1
cherry,2026-08-12,1,0
cherry,2026-08-12,2,0
cherry,2026-08-12,3,0
cherry,2026-08-12,4,0
cherry,2026-08-12,5,0
cherry,2026-08-12,6,0
cherry,2026-08-12,7,0
cherry,2026-08-12,8,0
cherry,2026-08-12,9,0
cherry,2026-08-12,10,0
cherry,2026-08-12,11,0
cherry,2026-08-12,12,0
cherry,2026-08-12,13,0
cherry,2026-08-12,14,0
cherry,2026-08-12,15,0
cherry,2026-08-12,16,1
cherry,2026-08-12,17,0
cherry,2026-08-12,18,1
cherry,2026-08-12,19,1
cherry,2026-08-12,20,1
cherry,2026-08-12,21,8
cherry,2026-08-12,22,0
cherry,2026-08-12,23,0
cherry,2026-08-12,24,0
cherry,2026-08-12,25,0
cherry,2026-08-12,26,0
cherry,2026-08-12,27,0
cherry,2026-08-12,28,0
cherry,2026-08-12,29,0
cherry,2026-08-12,30,0
cherry,2026-08-12,31,1
cherry,2026-08-12,32,0
cherry,2026-08-12,33,0
cherry,2026-08-12,34,0
cherry,2026-08-12,35,0
cherry,2026-08-12,36,0
cherry,2026-08-12,37,0
cherry,2026-08-12,38,1
cherry,2026-08-12,39,78
cherry,2026-08-12,40,0
cherry,2026-08-12,41,18
cherry,2026-08-12,42,0
cherry,2026-08-12,43,0
cherry,2026-08-12,44,1
cherry,2026-08-12,45,0
cherry,2026-08-12,46,0
cherry,2026-08-12,47,0
cherry,2026-08-13,0,0
cherry,2026-08-13,1,0
cherry,2026-08-13,2,0
cherry,2026-08-13,3,0
cherry,2026-08-13,4,0
cherry,2026-08-13,5,0
cherry,2026-08-13,6,0
cherry,2026-08-13,7,0
cherry,2026-08-13,8,0
cherry,2026-08-13,9,0
cherry,2026-08-13,10,0
cherry,2026-08-13,11,0
cherry,2026-08-13,12,0
cherry,2026-08-13,13,0
cherry,2026-08-13,14,0
cherry,2026-08-13,15,1
cherry,2026-08-13,16,3
cherry,2026-08-13,17,0
cherry,2026-08-13,18,1
cherry,2026-08-13,19,0
cherry,2026-08-13,20,0
cherry,2026-08-13,21,0
cherry,2026-08-13,22,0
cherry,2026-08-13,23,1
cherry,2026-08-13,24,0
cherry,2026-08-13,25,0
cherry,2026-08-13,26,0
cherry,2026-08-13,27,0
cherry,2026-08-13,28,0
cherry,2026-08-13,29,0
cherry,2026-08-13,30,0
cherry,2026-08-13,31,0
cherry,2026-08-13,32,0
cherry,2026-08-13,33,0
cherry,2026-08-13,34,0
cherry,2026-08-13,35,1
cherry,2026-08-13,36,0
cherry,2026-08-13,37,0
cherry,2026-08-13,38,0
cherry,2026-08-13,39,0
cherry,2026-08-13,40,0
cherry,2026-08-13,41,0
cherry,2026-08-13,42,9
cherry,2026-08-13,43,0
cherry,2026-08-13,44,2
cherry,2026-08-13,45,0
cherry,2026-08-13,46,0
cherry,2026-08-13,47,0
cherry,2026-08-14,0,0
cherry,2026-08-14,1,0
cherry,2026-08-14,2,0
cherry,2026-08-14,3,0
cherry,2026-08-14,4,0
cherry,2026-08-14,5,0
cherry,2026-08-14,6,0
cherry,2026-08-14,7,0
cherry,2026-08-14,8,0
cherry,2026-08-14,9,0
cherry,2026-08-14,10,0
cherry,2026-08-14,11,0
cherry,2026-08-14,12,0
cherry,2026-08-14,13,0
cherry,2026-08-14,14,58
cherry,2026-08-14,15,0
cherry,2026-08-14,16,1
cherry,2026-08-14,17,6
cherry,2026-08-14,18,0
cherry,2026-08-14,19,4
cherry,2026-08-14,20,11
cherry,2026-08-14,21,0
cherry,2026-08-14,22,0
cherry,2026-08-14,23,0
cherry,2026-08-14,24,0
cherry,2026-08-14,25,0
cherry,2026-08-14,26,0
cherry,2026-08-14,27,0
cherry,2026-08-14,28,0
cherry,2026-08-14,29,0
cherry,2026-08-14,30,0
cherry,2026-08-14,31,0
cherry,2026-08-14,32,0
cherry,2026-08-14,33,0
cherry,2026-08-14,34,0
cherry,2026-08-14,35,0
cherry,2026-08-14,36,1
cherry,2026-08-14,37,0
cherry,2026-08-14,38,1
cherry,2026-08-14,39,0
cherry,2026-08-14,40,0
cherry,2026-08-14,41,0
cherry,2026-08-14,42,0
cherry,2026-08-14,43,0
cherry,2026-08-14,44,0
cherry,2026-08-14,45,19
cherry,2026-08-14,46,5
cherry,2026-08-14,47,1
cherry,2026-08-15,0,1
cherry,2026-08-15,1,0
cherry,2026-08-15,2,0
cherry,2026-08-15,3,0
cherry,2026-08-15,4,0
cherry,2026-08-15,5,0
cherry,2026-08-15,6,0
cherry,2026-08-15,7,2
cherry,2026-08-15,8,0
cherry,2026-08-15,9,0
cherry,2026-08-15,10,0
cherry,2026-08-15,11,0
cherry,2026-08-15,12,0
cherry,2026-08-15,13,0
cherry,2026-08-15,14,0
cherry,2026-08-15,15,0
cherry,2026-08-15,16,3
cherry,2026-08-15,17,0
cherry,2026-08-15,18,0
cherry,2026-08-15,19,0
cherry,2026-08-15,20,0
cherry,2026-08-15,21,0
cherry,2026-08-15,22,0
cherry,2026-08-15,23,0
cherry,2026-08-15,24,0
cherry,2026-08-15,25,0
cherry,2026-08-15,26,0
cherry,2026-08-15,27,2
cherry,2026-08-15,28,0
cherry,2026-08-15,29,0
cherry,2026-08-15,30,0
cherry,2026-08-15,31,0
cherry,2026-08-15,32,0
cherry,2026-08-15,33,0
cherry,2026-08-15,34,0
cherry,2026-08-15,35,0
cherry,2026-08-15,36,1
cherry,2026-08-15,37,0
cherry,2026-08-15,38,0
cherry,2026-08-15,39,1
cherry,2026-08-15,40,0
cherry,2026-08-15,41,0
cherry,2026-08-15,42,0
cherry,2026-08-15,43,0
cherry,2026-08-15,44,1
cherry,2026-08-15,45,16
cherry,2026-08-15,46,0
cherry,2026-08-15,47,1
cherry,2026-08-16,0,1
cherry,2026-08-16,1,0
cherry,2026-08-16,2,0
cherry,2026-08-16,3,1
cherry,2026-08-16,4,0
cherry,2026-08-16,5,0
cherry,2026-08-16,6,0
cherry,2026-08-16,7,0
cherry,2026-08-16,8,0
cherry,2026-08-16,9,0
cherry,2026-08-16,10,0
cherry,2026-08-16,11,0
cherry,2026-08-16,12,0
cherry,2026-08-16,13,0
cherry,2026-08-16,14,0
cherry,2026-08-16,15,0
cherry,2026-08-16,16,0
cherry,2026-08-16,17,0
cherry,2026-08-16,18,3
cherry,2026-08-16,19,0
cherry,2026-08-16,20,0
cherry,2026-08-16,21,0
cherry,2026-08-16,22,0
cherry,2026-08-16,23,0
cherry,2026-08-16,24,0
cherry,2026-08-16,25,0
cherry,2026-08-16,26,0
cherry,2026-08-16,27,0
cherry,2026-08-16,28,0
cherry,2026-08-16,29,0
cherry,2026-08-16,30,0
cherry,2026-08-16,31,0
cherry,2026-08-16,32,12
cherry,2026-08-16,33,12
cherry,2026-08-16,34,0
cherry,2026-08-16,35,6
cherry,2026-08-16,36,3
cherry,2026-08-16,37,0
cherry,2026-08-16,38,2
cherry,2026-08-16,39,0
cherry,2026-08-16,40,0
cherry,2026-08-16,41,2
cherry,2026-08-16,42,0
cherry,2026-08-16,43,0
cherry,2026-08-16,44,1
cherry,2026-08-16,45,0
cherry,2026-08-16,46,0
cherry,2026-08-16,47,0
cherry,2026-08-17,0,0
cherry,2026-08-17,1,0
cherry,2026-08-17,2,0
cherry,2026-08-17,3,0
cherry,2026-08-17,4,0
cherry,2026-08-17,5,0
cherry,2026-08-17,6,0
cherry,2026-08-17,7,0
cherry,2026-08-17,8,0
cherry,2026-08-17,9,0
cherry,2026-08-17,10,0
cherry,2026-08-17,11,0
cherry,2026-08-17,12,0
cherry,2026-08-17,13,0
cherry,2026-08-17,14,0
cherry,2026-08-17,15,0
cherry,2026-08-17,16,2
cherry,2026-08-17,17,0
cherry,2026-08-17,18,0
cherry,2026-08-17,19,0
cherry,2026-08-17,20,1
cherry,2026-08-17,21,23
cherry,2026-08-17,22,0
cherry,2026-08-17,23,0
cherry,2026-08-17,24,1
cherry,2026-08-17,25,1
cherry,2026-08-17,26,0
cherry,2026-08-17,27,0
cherry,2026-08-17,28,0
cherry,2026-08-17,29,0
cherry,2026-08-17,30,1
cherry,2026-08-17,31,0
cherry,2026-08-17,32,0
cherry,2026-08-17,33,0
cherry,2026-08-17,34,1
cherry,2026-08-17,35,0
cherry,2026-08-17,36,0
cherry,2026-08-17,37,0
cherry,2026-08-17,38,1
cherry,2026-08-17,39,0
cherry,2026-08-17,40,0
cherry,2026-08-17,41,0
cherry,2026-08-17,42,0
cherry,2026-08-17,43,0
cherry,2026-08-17,44,0
cherry,2026-08-17,45,0
cherry,2026-08-17,46,0
cherry,2026-08-17,47,0
cherry,2026-08-18,0,0
cherry,2026-08-18,1,0
cherry,2026-08-18,2,1
cherry,2026-08-18,3,0
cherry,2026-08-18,4,0
cherry,2026-08-18,5,1
cherry,2026-08-18,6,0
cherry,2026-08-18,7,0
cherry,2026-08-18,8,0
cherry,2026-08-18,9,0
cherry,2026-08-18,10,0
cherry,2026-08-18,11,0
cherry,2026-08-18,12,0
cherry,2026-08-18,13,0
cherry,2026-08-18,14,0
cherry,2026-08-18,15,0
cherry,2026-08-18,16,0
cherry,2026-08-18,17,0
cherry,2026-08-18,18,0
cherry,2026-08-18,19,0
cherry,2026-08-18,20,1
cherry,2026-08-18,21,0
cherry,2026-08-18,22,0
cherry,2026-08-18,23,0
cherry,2026-08-18,24,0
cherry,2026-08-18,25,0
cherry,2026-08-18,26,0
cherry,2026-08-18,27,0
cherry,2026-08-18,28,5
cherry,2026-08-18,29,0
cherry,2026-08-18,30,0
cherry,2026-08-18,31,0
cherry,2026-08-18,32,0
cherry,2026-08-18,33,0
cherry,2026-08-18,34,0
cherry,2026-08-18,35,0
cherry,2026-08-18,36,0
cherry,2026-08-18,37,0
cherry,2026-08-18,38,1
cherry,2026-08-18,39,1
cherry,2026-08-18,40,0
cherry,2026-08-18,41,0
cherry,2026-08-18,42,1
cherry,2026-08-18,43,0
cherry,2026-08-18,44,2
cherry,2026-08-18,45,0
cherry,2026-08-18,46,0
cherry,2026-08-18,47,0
cherry,2026-08-19,0,0
cherry,2026-08-19,1,1
cherry,2026-08-19,2,0
cherry,2026-08-19,3,0
cherry,2026-08-19,4,0
cherry,2026-08-19,5,0
cherry,2026-08-19,6,0
cherry,2026-08-19,7,0
cherry,2026-08-19,8,0
cherry,2026-08-19,9,0
cherry,2026-08-19,10,0
cherry,2026-08-19,11,0
cherry,2026-08-19,12,0
cherry,2026-08-19,13,0
cherry,2026-08-19,14,0
cherry,2026-08-19,15,0
cherry,2026-08-19,16,0
cherry,2026-08-19,17,0
cherry,2026-08-19,18,3
cherry,2026-08-19,19,0
cherry,2026-08-19,20,0
cherry,2026-08-19,21,0
cherry,2026-08-19,22,0
cherry,2026-08-19,23,0
cherry,2026-08-19,24,1
cherry,2026-08-19,25,0
cherry,2026-08-19,26,1
cherry,2026-08-19,27,0
cherry,2026-08-19,28,0
cherry,2026-08-19,29,0
cherry,2026-08-19,30,0
cherry,2026-08-19,31,0
cherry,2026-08-19,32,1
cherry,2026-08-19,33,0
cherry,2026-08-19,34,0
cherry,2026-08-19,35,0
cherry,2026-08-19,36,0
cherry,2026-08-19,37,2
cherry,2026-08-19,38,0
cherry,2026-08-19,39,0
cherry,2026-08-19,40,1
cherry,2026-08-19,41,9
cherry,2026-08-19,42,0
cherry,2026-08-19,43,0
cherry,2026-08-19,44,1
cherry,2026-08-19,45,0
cherry,2026-08-19,46,0
cherry,2026-08-19,47,0
cherry,2026-08-20,0,0
cherry,2026-08-20,1,0
cherry,2026-08-20,2,0
cherry,2026-08-20,3,0
cherry,2026-08-20,4,0
cherry,2026-08-20,5,0
cherry,2026-08-20,6,0
cherry,2026-08-20,7,0
cherry,2026-08-20,8,0
cherry,2026-08-20,9,0
cherry,2026-08-20,10,0
cherry,2026-08-20,11,0
cherry,2026-08-20,12,0
cherry,2026-08-20,13,0
cherry,2026-08-20,14,10
cherry,2026-08-20,15,0
cherry,2026-08-20,16,0
cherry,2026-08-20,17,0
cherry,2026-08-20,18,0
cherry,2026-08-20,19,0
cherry,2026-08-20,20,0
cherry,2026-08-20,21,1
cherry,2026-08-20,22,0
cherry,2026-08-20,23,0
cherry,2026-08-20,24,0
cherry,2026-08-20,25,0
cherry,2026-08-20,26,3
cherry,2026-08-20,27,1
cherry,2026-08-20,28,0
cherry,2026-08-20,29,0
cherry,2026-08-20,30,0
cherry,2026-08-20,31,0
cherry,2026-08-20,32,0
cherry,2026-08-20,33,0
cherry,2026-08-20,34,1
cherry,2026-08-20,35,0
cherry,2026-08-20,36,1
cherry,2026-08-20,37,0
cherry,2026-08-20,38,2
cherry,2026-08-20,39,0
cherry,2026-08-20,40,0
cherry,2026-08-20,41,0
cherry,2026-08-20,42,0
cherry,2026-08-20,43,0
cherry,2026-08-20,44,0
cherry,2026-08-20,45,0
cherry,2026-08-20,46,0
cherry,2026-08-20,47,0
cherry,2026-08-21,0,1
cherry,2026-08-21,1,1
cherry,2026-08-21,2,0
cherry,2026-08-21,3,0
cherry,2026-08-21,4,0
cherry,2026-08-21,5,0
cherry,2026-08-21,6,0
cherry,2026-08-21,7,0
cherry,2026-08-21,8,0
cherry,2026-08-21,9,0
cherry,2026-08-21,10,0
cherry,2026-08-21,11,0
cherry,2026-08-21,12,0
cherry,2026-08-21,13,0
cherry,2026-08-21,14,0
cherry,2026-08-21,15,1
cherry,2026-08-21,16,1
cherry,2026-08-21,17,0
cherry,2026-08-21,18,1
cherry,2026-08-21,19,0
cherry,2026-08-21,20,0
cherry,2026-08-21,21,0
cherry,2026-08-21,22,0
cherry,2026-08-21,23,0
cherry,2026-08-21,24,0
cherry,2026-08-21,25,0
cherry,2026-08-21,26,0
cherry,2026-08-21,27,0
cherry,2026-08-21,28,0
cherry,2026-08-21,29,0
cherry,2026-08-21,30,0
cherry,2026-08-21,31,0
cherry,2026-08-21,32,2
cherry,2026-08-21,33,0
cherry,2026-08-21,34,0
cherry,2026-08-21,35,1
cherry,2026-08-21,36,0
cherry,2026-08-21,37,0
cherry,2026-08-21,38,0
cherry,2026-08-21,39,0
cherry,2026-08-21,40,0
cherry,2026-08-21,41,0
cherry,2026-08-21,42,0
cherry,2026-08-21,43,0
cherry,2026-08-21,44,0
cherry,2026-08-21,45,0
cherry,2026-08-21,46,0
cherry,2026-08-21,47,0
cherry,2026-08-22,0,0
cherry,2026-08-22,1,1
cherry,2026-08-22,2,0
cherry,2026-08-22,3,0
cherry,2026-08-22,4,0
cherry,2026-08-22,5,0
cherry,2026-08-22,6,0
cherry,2026-08-22,7,0
cherry,2026-08-22,8,0
cherry,2026-08-22,9,0
cherry,2026-08-22,10,0
cherry,2026-08-22,11,1
cherry,2026-08-22,12,0
cherry,2026-08-22,13,3
cherry,2026-08-22,14,0
cherry,2026-08-22,15,0
cherry,2026-08-22,16,0
cherry,2026-08-22,17,0
cherry,2026-08-22,18,0
cherry,2026-08-22,19,0
cherry,2026-08-22,20,0
cherry,2026-08-22,21,0
cherry,2026-08-22,22,0
cherry,2026-08-22,23,0
cherry,2026-08-22,24,0
cherry,2026-08-22,25,0
cherry,2026-08-22,26,0
cherry,2026-08-22,27,1
cherry,2026-08-22,28,0
cherry,2026-08-22,29,0
cherry,2026-08-22,30,0
cherry,2026-08-22,31,1
cherry,2026-08-22,32,0
cherry,2026-08-22,33,0
cherry,2026-08-22,34,0
cherry,2026-08-22,35,0
cherry,2026-08-22,36,0
cherry,2026-08-22,37,15
cherry,2026-08-22,38,0
cherry,2026-08-22,39,1
cherry,2026-08-22,40,0
cherry,2026-08-22,41,0
cherry,2026-08-22,42,0
cherry,2026-08-22,43,4
cherry,2026-08-22,44,67
cherry,2026-08-22,45,6
cherry,2026-08-22,46,1
cherry,2026-08-22,47,0
cherry,2026-08-23,0,0
cherry,2026-08-23,1,0
cherry,2026-08-23,2,0
cherry,2026-08-23,3,0
cherry,2026-08-23,4,0
cherry,2026-08-23,5,0
cherry,2026-08-23,6,0
cherry,2026-08-23,7,0
cherry,2026-08-23,8,0
cherry,2026-08-23,9,0
cherry,2026-08-23,10,0
cherry,2026-08-23,11,0
cherry,2026-08-23,12,0
cherry,2026-08-23,13,0
cherry,2026-08-23,14,0
cherry,2026-08-23,15,0
cherry,2026-08-23,16,0
cherry,2026-08-23,17,7
cherry,2026-08-23,18,0
cherry,2026-08-23,19,0
cherry,2026-08-23,20,0
cherry,2026-08-23,21,2
cherry,2026-08-23,22,8
cherry,2026-08-23,23,0
cherry,2026-08-23,24,0
cherry,2026-08-23,25,0
cherry,2026-08-23,26,4
cherry,2026-08-23,27,0
cherry,2026-08-23,28,0
cherry,2026-08-23,29,0
cherry,2026-08-23,30,0
cherry,2026-08-23,31,0
cherry,2026-08-23,32,0
cherry,2026-08-23,33,1
cherry,2026-08-23,34,0
cherry,2026-08-23,35,0
cherry,2026-08-23,36,5
cherry,2026-08-23,37,0
cherry,2026-08-23,38,0
cherry,2026-08-23,39,0
cherry,2026-08-23,40,0
cherry,2026-08-23,41,0
cherry,2026-08-23,42,1
cherry,2026-08-23,43,0
cherry,2026-08-23,44,0
cherry,2026-08-23,45,0
cherry,2026-08-23,46,0
cherry,2026-08-23,47,0
cherry,2026-08-24,0,0
cherry,2026-08-24,1,0
cherry,2026-08-24,2,0
cherry,2026-08-24,3,0
cherry,2026-08-24,4,0
cherry,2026-08-24,5,0
cherry,2026-08-24,6,0
cherry,2026-08-24,7,0
cherry,2026-08-24,8,0
cherry,2026-08-24,9,0
cherry,2026-08-24,10,0
cherry,2026-08-24,11,0
cherry,2026-08-24,12,0
cherry,2026-08-24,13,0
cherry,2026-08-24,14,3
cherry,2026-08-24,15,0
cherry,2026-08-24,16,0
cherry,2026-08-24,17,0
cherry,2026-08-24,18,5
cherry,2026-08-24,19,2
cherry,2026-08-24,20,12
cherry,2026-08-24,21,0
cherry,2026-08-24,22,0
cherry,2026-08-24,23,0
cherry,2026-08-24,24,0
cherry,2026-08-24,25,0
cherry,2026-08-24,26,0
cherry,2026-08-24,27,0
cherry,2026-08-24,28,0
cherry,2026-08-24,29,0
cherry,2026-08-24,30,1
cherry,2026-08-24,31,0
cherry,2026-08-24,32,1
cherry,2026-08-24,33,1
cherry,2026-08-24,34,0
cherry,2026-08-24,35,0
cherry,2026-08-24,36,1
cherry,2026-08-24,37,0
cherry,2026-08-24,38,0
cherry,2026-08-24,39,0
cherry,2026-08-24,40,0
cherry,2026-08-24,41,1
cherry,2026-08-24,42,1
cherry,2026-08-24,43,0
cherry,2026-08-24,44,0
cherry,2026-08-24,45,0
cherry,2026-08-24,46,0
cherry,2026-08-24,47,0
cherry,2026-08-25,0,0
cherry,2026-08-25,1,0
cherry,2026-08-25,2,0
cherry,2026-08-25,3,0
cherry,2026-08-25,4,0
cherry,2026-08-25,5,0
cherry,2026-08-25,6,0
cherry,2026-08-25,7,0
cherry,2026-08-25,8,0
cherry,2026-08-25,9,0
cherry,2026-08-25,10,12
cherry,2026-08-25,11,0
cherry,2026-08-25,12,0
cherry,2026-08-25,13,0
cherry,2026-08-25,14,0
cherry,2026-08-25,15,1
cherry,2026-08-25,16,0
cherry,2026-08-25,17,0
cherry,2026-08-25,18,0
cherry,2026-08-25,19,1
cherry,2026-08-25,20,0
cherry,2026-08-25,21,1
cherry,2026-08-25,22,0
cherry,2026-08-25,23,0
cherry,2026-08-25,24,0
cherry,2026-08-25,25,0
cherry,2026-08-25,26,0
cherry,2026-08-25,27,0
cherry,2026-08-25,28,0
cherry,2026-08-25,29,0
cherry,2026-08-25,30,0
cherry,2026-08-25,31,0
cherry,2026-08-25,32,0
cherry,2026-08-25,33,0
cherry,2026-08-25,34,0
cherry,2026-08-25,35,0
cherry,2026-08-25,36,24
cherry,2026-08-25,37,0
cherry,2026-08-25,38,1
cherry,2026-08-25,39,0
cherry,2026-08-25,40,0
cherry,2026-08-25,41,0
cherry,2026-08-25,42,2
cherry,2026-08-25,43,1
cherry,2026-08-25,44,0
cherry,2026-08-25,45,0
cherry,2026-08-25,46,0
cherry,2026-08-25,47,0
cherry,2026-08-26,0,0
cherry,2026-08-26,1,0
cherry,2026-08-26,2,0
cherry,2026-08-26,3,0
cherry,2026-08-26,4,0
cherry,2026-08-26,5,0
cherry,2026-08-26,6,0
cherry,2026-08-26,7,0
cherry,2026-08-26,8,0
cherry,2026-08-26,9,0
cherry,2026-08-26,10,0
cherry,2026-08-26,11,0
cherry,2026-08-26,12,0
cherry,2026-08-26,13,0
cherry,2026-08-26,14,0
cherry,2026-08-26,15,11
cherry,2026-08-26,16,0
cherry,2026-08-26,17,0
cherry,2026-08-26,18,0
cherry,2026-08-26,19,0
cherry,2026-08-26,20,0
cherry,2026-08-26,21,0
cherry,2026-08-26,22,0
cherry,2026-08-26,23,0
cherry,2026-08-26,24,0
cherry,2026-08-26,25,0
cherry,2026-08-26,26,0
cherry,2026-08-26,27,0
cherry,2026-08-26,28,0
cherry,2026-08-26,29,0
cherry,2026-08-26,30,0
cherry,2026-08-26,31,0
cherry,2026-08-26,32,0
cherry,2026-08-26,33,1
cherry,2026-08-26,34,0
cherry,2026-08-26,35,0
cherry,2026-08-26,36,0
cherry,2026-08-26,37,5
cherry,2026-08-26,38,3
cherry,2026-08-26,39,6
cherry,2026-08-26,40,0
cherry,2026-08-26,41,0
cherry,2026-08-26,42,0
cherry,2026-08-26,43,3
cherry,2026-08-26,44,0
cherry,2026-08-26,45,0
cherry,2026-08-26,46,0
cherry,2026-08-26,47,0
cherry,2026-08-27,0,0
cherry,2026-08-27,1,1
cherry,2026-08-27,2,0
cherry,2026-08-27,3,0
cherry,2026-08-27,4,0
cherry,2026-08-27,5,0
cherry,2026-08-27,6,0
cherry,2026-08-27,7,0
cherry,2026-08-27,8,0
cherry,2026-08-27,9,0
cherry,2026-08-27,10,0
cherry,2026-08-27,11,0
cherry,2026-08-27,12,0
cherry,2026-08-27,13,0
cherry,2026-08-27,14,0
cherry,2026-08-27,15,0
cherry,2026-08-27,16,0
cherry,2026-08-27,17,0
cherry,2026-08-27,18,0
cherry,2026-08-27,19,0
cherry,2026-08-27,20,0
cherry,2026-08-27,21,0
cherry,2026-08-27,22,0
cherry,2026-08-27,23,8
cherry,2026-08-27,24,0
cherry,2026-08-27,25,0
cherry,2026-08-27,26,0
cherry,2026-08-27,27,0
cherry,2026-08-27,28,0
cherry,2026-08-27,29,0
cherry,2026-08-27,30,0
cherry,2026-08-27,31,0
cherry,2026-08-27,32,10
cherry,2026-08-27,33,0
cherry,2026-08-27,34,0
cherry,2026-08-27,35,0
cherry,2026-08-27,36,4
cherry,2026-08-27,37,0
cherry,2026-08-27,38,5
cherry,2026-08-27,39,3
cherry,2026-08-27,40,0
cherry,2026-08-27,41,0
cherry,2026-08-27,42,0
cherry,2026-08-27,43,0
cherry,2026-08-27,44,0
cherry,2026-08-27,45,0
cherry,2026-08-27,46,0
cherry,2026-08-27,47,0
cherry,2026-08-28,0,1
cherry,2026-08-28,1,0
cherry,2026-08-28,2,0
cherry,2026-08-28,3,0
cherry,2026-08-28,4,0
cherry,2026-08-28,5,1
cherry,2026-08-28,6,0
cherry,2026-08-28,7,0
cherry,2026-08-28,8,0
cherry,2026-08-28,9,1
cherry,2026-08-28,10,0
cherry,2026-08-28,11,0
cherry,2026-08-28,12,0
cherry,2026-08-28,13,1
cherry,2026-08-28,14,5
cherry,2026-08-28,15,0
cherry,2026-08-28,16,0
cherry,2026-08-28,17,0
cherry,2026-08-28,18,0
cherry,2026-08-28,19,0
cherry,2026-08-28,20,0
cherry,2026-08-28,21,0
cherry,2026-08-28,22,0
cherry,2026-08-28,23,1
cherry,2026-08-28,24,0
cherry,2026-08-28,25,0
cherry,2026-08-28,26,0
cherry,2026-08-28,27,1
cherry,2026-08-28,28,0
cherry,2026-08-28,29,0
cherry,2026-08-28,30,0
cherry,2026-08-28,31,0
cherry,2026-08-28,32,0
cherry,2026-08-28,33,0
cherry,2026-08-28,34,0
cherry,2026-08-28,35,7
cherry,2026-08-28,36,0
cherry,2026-08-28,37,18
cherry,2026-08-28,38,2
cherry,2026-08-28,39,2
cherry,2026-08-28,40,0
cherry,2026-08-28,41,0
cherry,2026-08-28,42,53
cherry,2026-08-28,43,52
cherry,2026-08-28,44,10
cherry,2026-08-28,45,1
cherry,2026-08-28,46,0
cherry,2026-08-28,47,0
cherry,2026-08-29,0,0
cherry,2026-08-29,1,0
cherry,2026-08-29,2,30
cherry,2026-08-29,3,0
cherry,2026-08-29,4,0
cherry,2026-08-29,5,0
cherry,2026-08-29,6,0
cherry,2026-08-29,7,0
cherry,2026-08-29,8,0
cherry,2026-08-29,9,0
cherry,2026-08-29,10,0
cherry,2026-08-29,11,0
cherry,2026-08-29,12,0
cherry,2026-08-29,13,0
cherry,2026-08-29,14,0
cherry,2026-08-29,15,8
cherry,2026-08-29,16,0
cherry,2026-08-29,17,0
cherry,2026-08-29,18,0
cherry,2026-08-29,19,0
cherry,2026-08-29,20,0
cherry,2026-08-29,21,0
cherry,2026-08-29,22,0
cherry,2026-08-29,23,0
cherry,2026-08-29,24,0
cherry,2026-08-29,25,2
cherry,2026-08-29,26,0
cherry,2026-08-29,27,0
cherry,2026-08-29,28,0
cherry,2026-08-29,29,0
cherry,2026-08-29,30,0
cherry,2026-08-29,31,0
cherry,2026-08-29,32,0
cherry,2026-08-29,33,1
cherry,2026-08-29,34,5
cherry,2026-08-29,35,1
cherry,2026-08-29,36,62
cherry,2026-08-29,37,14
cherry,2026-08-29,38,0
cherry,2026-08-29,39,1
cherry,2026-08-29,40,0
cherry,2026-08-29,41,4
cherry,2026-08-29,42,2
cherry,2026-08-29,43,1
cherry,2026-08-29,44,0
cherry,2026-08-29,45,19
cherry,2026-08-29,46,0
cherry,2026-08-29,47,18
cherry,2026-08-30,0,0
cherry,2026-08-30,1,0
cherry,2026-08-30,2,0
cherry,2026-08-30,3,0
cherry,2026-08-30,4,0
cherry,2026-08-30,5,0
cherry,2026-08-30,6,0
cherry,2026-08-30,7,0
cherry,2026-08-30,8,0
cherry,2026-08-30,9,0
cherry,2026-08-30,10,0
cherry,2026-08-30,11,0
cherry,2026-08-30,12,0
cherry,2026-08-30,13,0
cherry,2026-08-30,14,0
cherry,2026-08-30,15,0
cherry,2026-08-30,16,1
cherry,2026-08-30,17,0
cherry,2026-08-30,18,0
cherry,2026-08-30,19,0
cherry,2026-08-30,20,0
cherry,2026-08-30,21,0
cherry,2026-08-30,22,0
cherry,2026-08-30,23,1
cherry,2026-08-30,24,0
cherry,2026-08-30,25,0
cherry,2026-08-30,26,0
cherry,2026-08-30,27,2
cherry,2026-08-30,28,0
cherry,2026-08-30,29,0
cherry,2026-08-30,30,1
cherry,2026-08-30,31,0
cherry,2026-08-30,32,0
cherry,2026-08-30,33,0
cherry,2026-08-30,34,0
cherry,2026-08-30,35,0
cherry,2026-08-30,36,0
cherry,2026-08-30,37,0
cherry,2026-08-30,38,0
cherry,2026-08-30,39,0
cherry,2026-08-30,40,0
cherry,2026-08-30,41,39
cherry,2026-08-30,42,113
cherry,2026-08-30,43,4
cherry,2026-08-30,44,20
cherry,2026-08-30,45,0
cherry,2026-08-30,46,1
cherry,2026-08-30,47,0
cherry,2026-08-31,0,1
cherry,2026-08-31,1,21
cherry,2026-08-31,2,0
cherry,2026-08-31,3,0
cherry,2026-08-31,4,0
cherry,2026-08-31,5,0
cherry,2026-08-31,6,0
cherry,2026-08-31,7,0
cherry,2026-08-31,8,0
cherry,2026-08-31,9,0
cherry,2026-08-31,10,0
cherry,2026-08-31,11,0
cherry,2026-08-31,12,0
cherry,2026-08-31,13,0
cherry,2026-08-31,14,0
cherry,2026-08-31,15,2
cherry,2026-08-31,16,0
cherry,2026-08-31,17,0
cherry,2026-08-31,18,0
cherry,2026-08-31,19,0
cherry,2026-08-31,20,0
cherry,2026-08-31,21,0
cherry,2026-08-31,22,0
cherry,2026-08-31,23,3
cherry,2026-08-31,24,2
cherry,2026-08-31,25,0
cherry,2026-08-31,26,18
cherry,2026-08-31,27,0
cherry,2026-08-31,28,0
cherry,2026-08-31,29,0
cherry,2026-08-31,30,0
cherry,2026-08-31,31,1
cherry,2026-08-31,32,0
cherry,2026-08-31,33,1
cherry,2026-08-31,34,2
cherry,2026-08-31,35,1
cherry,2026-08-31,36,0
cherry,2026-08-31,37,0
cherry,2026-08-31,38,0
cherry,2026-08-31,39,18
cherry,2026-08-31,40,1
cherry,2026-08-31,41,0
cherry,2026-08-31,42,0
cherry,2026-08-31,43,0
cherry,2026-08-31,44,0
cherry,2026-08-31,45,0
cherry,2026-08-31,46,0
cherry,2026-08-31,47,0
cherry,2026-09-01,0,0
cherry,2026-09-01,1,0
cherry,2026-09-01,2,0
cherry,2026-09-01,3,0
cherry,2026-09-01,4,0
cherry,2026-09-01,5,0
cherry,2026-09-01,6,0
cherry,2026-09-01,7,0
cherry,2026-09-01,8,0
cherry,2026-09-01,9,0
cherry,2026-09-01,10,0
cherry,2026-09-01,11,0
cherry,2026-09-01,12,0
cherry,2026-09-01,13,0
cherry,2026-09-01,14,0
cherry,2026-09-01,15,1
cherry,2026-09-01,16,0
cherry,2026-09-01,17,0
cherry,2026-09-01,18,0
cherry,2026-09-01,19,0
cherry,2026-09-01,20,0
cherry,2026-09-01,21,0
cherry,2026-09-01,22,0
cherry,2026-09-01,23,0
cherry,2026-09-01,24,0
cherry,2026-09-01,25,0
cherry,2026-09-01,26,14
cherry,2026-09-01,27,0
cherry,2026-09-01,28,6
cherry,2026-09-01,29,0
cherry,2026-09-01,30,0
cherry,2026-09-01,31,2
cherry,2026-09-01,32,0
cherry,2026-09-01,33,0
cherry,2026-09-01,34,1
cherry,2026-09-01,35,0
cherry,2026-09-01,36,0
cherry,2026-09-01,37,11
cherry,2026-09-01,38,6
cherry,2026-09-01,39,0
cherry,2026-09-01,40,0
cherry,2026-09-01,41,0
cherry,2026-09-01,42,9
cherry,2026-09-01,43,1
cherry,2026-09-01,44,0
cherry,2026-09-01,45,3
cherry,2026-09-01,46,0
cherry,2026-09-01,47,0
cherry,2026-09-02,0,0
cherry,2026-09-02,1,0
cherry,2026-09-02,2,0
cherry,2026-09-02,3,0
cherry,2026-09-02,4,0
cherry,2026-09-02,5,0
cherry,2026-09-02,6,0
cherry,2026-09-02,7,0
cherry,2026-09-02,8,0
cherry,2026-09-02,9,0
cherry,2026-09-02,10,0
cherry,2026-09-02,11,0
cherry,2026-09-02,12,0
cherry,2026-09-02,13,0
cherry,2026-09-02,14,20
cherry,2026-09-02,15,0
cherry,2026-09-02,16,0
cherry,2026-09-02,17,0
cherry,2026-09-02,18,0
cherry,2026-09-02,19,0
cherry,2026-09-02,20,1
cherry,2026-09-02,21,0
cherry,2026-09-02,22,0
cherry,2026-09-02,23,0
cherry,2026-09-02,24,0
cherry,2026-09-02,25,0
cherry,2026-09-02,26,0
cherry,2026-09-02,27,0
cherry,2026-09-02,28,0
cherry,2026-09-02,29,0
cherry,2026-09-02,30,0
cherry,2026-09-02,31,0
cherry,2026-09-02,32,0
cherry,2026-09-02,33,0
cherry,2026-09-02,34,0
cherry,2026-09-02,35,0
cherry,2026-09-02,36,1
cherry,2026-09-02,37,0
cherry,2026-09-02,38,0
cherry,2026-09-02,39,0
cherry,2026-09-02,40,12
cherry,2026-09-02,41,43
cherry,2026-09-02,42,0
cherry,2026-09-02,43,0
cherry,2026-09-02,44,1
cherry,2026-09-02,45,0
cherry,2026-09-02,46,0
cherry,2026-09-02,47,0
cherry,2026-09-03,0,0
cherry,2026-09-03,1,0
cherry,2026-09-03,2,0
cherry,2026-09-03,3,0
cherry,2026-09-03,4,0
cherry,2026-09-03,5,0
cherry,2026-09-03,6,0
cherry,2026-09-03,7,0
cherry,2026-09-03,8,0
cherry,2026-09-03,9,0
cherry,2026-09-03,10,0
cherry,2026-09-03,11,0
cherry,2026-09-03,12,0
cherry,2026-09-03,13,0
cherry,2026-09-03,14,7
cherry,2026-09-03,15,1
cherry,2026-09-03,16,0
cherry,2026-09-03,17,0
cherry,2026-09-03,18,0
cherry,2026-09-03,19,0
cherry,2026-09-03,20,1
cherry,2026-09-03,21,0
cherry,2026-09-03,22,0
cherry,2026-09-03,23,0
cherry,2026-09-03,24,0
cherry,2026-09-03,25,0
cherry,2026-09-03,26,0
cherry,2026-09-03,27,0
cherry,2026-09-03,28,0
cherry,2026-09-03,29,0
cherry,2026-09-03,30,0
cherry,2026-09-03,31,0
cherry,2026-09-03,32,0
cherry,2026-09-03,33,0
cherry,2026-09-03,34,0
cherry,2026-09-03,35,0
cherry,2026-09-03,36,0
cherry,2026-09-03,37,0
cherry,2026-09-03,38,79
cherry,2026-09-03,39,1
cherry,2026-09-03,40,0
cherry,2026-09-03,41,0
cherry,2026-09-03,42,0
cherry,2026-09-03,43,1
cherry,2026-09-03,44,0
cherry,2026-09-03,45,1
cherry,2026-09-03,46,0
cherry,2026-09-03,47,0
cherry,2026-09-04,0,1
cherry,2026-09-04,1,0
cherry,2026-09-04,2,0
cherry,2026-09-04,3,0
cherry,2026-09-04,4,0
cherry,2026-09-04,5,0
cherry,2026-09-04,6,0
cherry,2026-09-04,7,0
cherry,2026-09-04,8,0
cherry,2026-09-04,9,0
cherry,2026-09-04,10,0
cherry,2026-09-04,11,0
cherry,2026-09-04,12,0
cherry,2026-09-04,13,3
cherry,2026-09-04,14,0
cherry,2026-09-04,15,0
cherry,2026-09-04,16,0
cherry,2026-09-04,17,0
cherry,2026-09-04,18,0
cherry,2026-09-04,19,0
cherry,2026-09-04,20,0
cherry,2026-09-04,21,0
cherry,2026-09-04,22,1
cherry,2026-09-04,23,7
cherry,2026-09-04,24,7
cherry,2026-09-04,25,0
cherry,2026-09-04,26,0
cherry,2026-09-04,27,0
cherry,2026-09-04,28,1
cherry,2026-09-04,29,0
cherry,2026-09-04,30,0
cherry,2026-09-04,31,0
cherry,2026-09-04,32,0
cherry,2026-09-04,33,0
cherry,2026-09-04,34,0
cherry,2026-09-04,35,0
cherry,2026-09-04,36,0
cherry,2026-09-04,37,0
cherry,2026-09-04,38,0
cherry,2026-09-04,39,0
cherry,2026-09-04,40,0
cherry,2026-09-04,41,68
cherry,2026-09-04,42,0
cherry,2026-09-04,43,0
cherry,2026-09-04,44,28
cherry,2026-09-04,45,16
cherry,2026-09-04,46,0
cherry,2026-09-04,47,9
cherry,2026-09-05,0,8
cherry,2026-09-05,1,0
cherry,2026-09-05,2,2
cherry,2026-09-05,3,0
cherry,2026-09-05,4,0
cherry,2026-09-05,5,0
cherry,2026-09-05,6,0
cherry,2026-09-05,7,0
cherry,2026-09-05,8,0
cherry,2026-09-05,9,0
cherry,2026-09-05,10,0
cherry,2026-09-05,11,0
cherry,2026-09-05,12,0
cherry,2026-09-05,13,0
cherry,2026-09-05,14,0
cherry,2026-09-05,15,0
cherry,2026-09-05,16,0
cherry,2026-09-05,17,0
cherry,2026-09-05,18,0
cherry,2026-09-05,19,0
cherry,2026-09-05,20,0
cherry,2026-09-05,21,0
cherry,2026-09-05,22,0
cherry,2026-09-05,23,0
cherry,2026-09-05,24,0
cherry,2026-09-05,25,0
cherry,2026-09-05,26,0
cherry,2026-09-05,27,0
cherry,2026-09-05,28,0
cherry,2026-09-05,29,1
cherry,2026-09-05,30,0
cherry,2026-09-05,31,0
cherry,2026-09-05,32,0
cherry,2026-09-05,33,0
cherry,2026-09-05,34,0
cherry,2026-09-05,35,0
cherry,2026-09-05,36,0
cherry,2026-09-05,37,0
cherry,2026-09-05,38,56
cherry,2026-09-05,39,48
cherry,2026-09-05,40,3
cherry,2026-09-05,41,34
cherry,2026-09-05,42,15
cherry,2026-09-05,43,0
cherry,2026-09-05,44,0
cherry,2026-09-05,45,28
cherry,2026-09-05,46,0
cherry,2026-09-05,47,2
cherry,2026-09-06,0,2
cherry,2026-09-06,1,2
cherry,2026-09-06,2,0
cherry,2026-09-06,3,1
cherry,2026-09-06,4,0
cherry,2026-09-06,5,0
cherry,2026-09-06,6,0
cherry,2026-09-06,7,0
cherry,2026-09-06,8,0
cherry,2026-09-06,9,0
cherry,2026-09-06,10,0
cherry,2026-09-06,11,0
cherry,2026-09-06,12,0
cherry,2026-09-06,13,0
cherry,2026-09-06,14,0
cherry,2026-09-06,15,4
cherry,2026-09-06,16,0
cherry,2026-09-06,17,0
cherry,2026-09-06,18,0
cherry,2026-09-06,19,0
cherry,2026-09-06,20,0
cherry,2026-09-06,21,0
cherry,2026-09-06,22,0
cherry,2026-09-06,23,0
cherry,2026-09-06,24,0
cherry,2026-09-06,25,0
cherry,2026-09-06,26,0
cherry,2026-09-06,27,0
cherry,2026-09-06,28,0
cherry,2026-09-06,29,1
cherry,2026-09-06,30,0
cherry,2026-09-06,31,0
cherry,2026-09-06,32,0
cherry,2026-09-06,33,0
cherry,2026-09-06,34,0
cherry,2026-09-06,35,0
cherry,2026-09-06,36,0
cherry,2026-09-06,37,0
cherry,2026-09-06,38,2
cherry,2026-09-06,39,8
cherry,2026-09-06,40,0
cherry,2026-09-06,41,0
cherry,2026-09-06,42,0
cherry,2026-09-06,43,0
cherry,2026-09-06,44,0
cherry,2026-09-06,45,0
cherry,2026-09-06,46,0
cherry,2026-09-06,47,1
cherry,2026-09-07,0,0
cherry,2026-09-07,1,0
cherry,2026-09-07,2,0
cherry,2026-09-07,3,0
cherry,2026-09-07,4,0
cherry,2026-09-07,5,0
cherry,2026-09-07,6,0
cherry,2026-09-07,7,0
cherry,2026-09-07,8,0
cherry,2026-09-07,9,0
cherry,2026-09-07,10,0
cherry,2026-09-07,11,0
cherry,2026-09-07,12,0
cherry,2026-09-07,13,0
cherry,2026-09-07,14,0
cherry,2026-09-07,15,0
cherry,2026-09-07,16,0
cherry,2026-09-07,17,1
cherry,2026-09-07,18,0
cherry,2026-09-07,19,0
cherry,2026-09-07,20,1
cherry,2026-09-07,21,0
cherry,2026-09-07,22,0
cherry,2026-09-07,23,1
cherry,2026-09-07,24,0
cherry,2026-09-07,25,2
cherry,2026-09-07,26,0
cherry,2026-09-07,27,0
cherry,2026-09-07,28,0
cherry,2026-09-07,29,0
cherry,2026-09-07,30,0
cherry,2026-09-07,31,0
cherry,2026-09-07,32,0
cherry,2026-09-07,33,0
cherry,2026-09-07,34,0
cherry,2026-09-07,35,0
cherry,2026-09-07,36,31
cherry,2026-09-07,37,34
cherry,2026-09-07,38,19
cherry,2026-09-07,39,36
cherry,2026-09-07,40,0
cherry,2026-09-07,41,0
cherry,2026-09-07,42,0
cherry,2026-09-07,43,0
cherry,2026-09-07,44,10
cherry,2026-09-07,45,0
cherry,2026-09-07,46,0
cherry,2026-09-07,47,1
cherry,2026-09-08,0,0
cherry,2026-09-08,1,0
cherry,2026-09-08,2,0
cherry,2026-09-08,3,0
cherry,2026-09-08,4,0
cherry,2026-09-08,5,0
cherry,2026-09-08,6,0
cherry,2026-09-08,7,0
cherry,2026-09-08,8,0
cherry,2026-09-08,9,0
cherry,2026-09-08,10,0
cherry,2026-09-08,11,0
cherry,2026-09-08,12,0
cherry,2026-09-08,13,0
cherry,2026-09-08,14,1
cherry,2026-09-08,15,0
cherry,2026-09-08,16,0
cherry,2026-09-08,17,0
cherry,2026-09-08,18,0
cherry,2026-09-08,19,0
cherry,2026-09-08,20,0
cherry,2026-09-08,21,0
cherry,2026-09-08,22,0
cherry,2026-09-08,23,0
cherry,2026-09-08,24,0
cherry,2026-09-08,25,1
cherry,2026-09-08,26,4
cherry,2026-09-08,27,0
cherry,2026-09-08,28,0
cherry,2026-09-08,29,1
cherry,2026-09-08,30,0
cherry,2026-09-08,31,0
cherry,2026-09-08,32,0
cherry,2026-09-08,33,0
cherry,2026-09-08,34,0
cherry,2026-09-08,35,0
cherry,2026-09-08,36,0
cherry,2026-09-08,37,0
cherry,2026-09-08,38,46
cherry,2026-09-08,39,0
cherry,2026-09-08,40,65
cherry,2026-09-08,41,0
cherry,2026-09-08,42,0
cherry,2026-09-08,43,0
cherry,2026-09-08,44,3
cherry,2026-09-08,45,0
cherry,2026-09-08,46,0
cherry,2026-09-08,47,0
cherry,2026-09-09,0,0
cherry,2026-09-09,1,0
cherry,2026-09-09,2,1
cherry,2026-09-09,3,0
cherry,2026-09-09,4,0
cherry,2026-09-09,5,0
cherry,2026-09-09,6,0
cherry,2026-09-09,7,0
cherry,2026-09-09,8,0
cherry,2026-09-09,9,0
cherry,2026-09-09,10,0
cherry,2026-09-09,11,0
cherry,2026-09-09,12,0
cherry,2026-09-09,13,0
cherry,2026-09-09,14,0
cherry,2026-09-09,15,0
cherry,2026-09-09,16,4
cherry,2026-09-09,17,0
cherry,2026-09-09,18,0
cherry,2026-09-09,19,0
cherry,2026-09-09,20,1
cherry,2026-09-09,21,0
cherry,2026-09-09,22,0
cherry,2026-09-09,23,0
cherry,2026-09-09,24,0
cherry,2026-09-09,25,1
cherry,2026-09-09,26,0
cherry,2026-09-09,27,0
cherry,2026-09-09,28,0
cherry,2026-09-09,29,0
cherry,2026-09-09,30,0
cherry,2026-09-09,31,0
cherry,2026-09-09,32,0
cherry,2026-09-09,33,65
cherry,2026-09-09,34,0
cherry,2026-09-09,35,6
cherry,2026-09-09,36,9
cherry,2026-09-09,37,1
cherry,2026-09-09,38,1
cherry,2026-09-09,39,0
cherry,2026-09-09,40,0
cherry,2026-09-09,41,0
cherry,2026-09-09,42,0
cherry,2026-09-09,43,0
cherry,2026-09-09,44,0
cherry,2026-09-09,45,0
cherry,2026-09-09,46,0
cherry,2026-09-09,47,0
coco,2026-03-26,0,0
coco,2026-03-26,1,0
coco,2026-03-26,2,0
coco,2026-03-26,3,0
coco,2026-03-26,4,0
coco,2026-03-26,5,0
coco,2026-03-26,6,0
coco,2026-03-26,7,0
coco,2026-03-26,8,0
coco,2026-03-26,9,0
coco,2026-03-26,10,0
coco,2026-03-26,11,0
coco,2026-03-26,12,0
coco,2026-03-26,13,0
coco,2026-03-26,14,0
coco,2026-03-26,15,0
coco,2026-03-26,16,0
coco,2026-03-26,17,0
coco,2026-03-26,18,0
coco,2026-03-26,19,0
coco,2026-03-26,20,0
coco,2026-03-26,21,0
coco,2026-03-26,22,0
coco,2026-03-26,23,0
coco,2026-03-26,24,0
coco,2026-03-26,25,0
coco,2026-03-26,26,0
coco,2026-03-26,27,0
coco,2026-03-26,28,0
coco,2026-03-26,29,0
coco,2026-03-26,30,0
coco,2026-03-26,31,0
coco,2026-03-26,32,0
coco,2026-03-26,33,0
coco,2026-03-26,34,0
coco,2026-03-26,35,0
coco,2026-03-26,36,5
coco,2026-03-26,37,20
coco,2026-03-26,38,65
coco,2026-03-26,39,0
coco,2026-03-26,40,0
coco,2026-03-26,41,0
coco,2026-03-26,42,0
coco,2026-03-26,43,0
coco,2026-03-26,44,0
coco,2026-03-26,45,0
coco,2026-03-26,46,0
coco,2026-03-26,47,0
coco,2026-03-27,0,0
coco,2026-03-27,1,0
coco,2026-03-27,2,0
coco,2026-03-27,3,0
coco,2026-03-27,4,0
coco,2026-03-27,5,0
coco,2026-03-27,6,0
coco,2026-03-27,7,0
coco,2026-03-27,8,0
coco,2026-03-27,9,0
coco,2026-03-27,10,0
coco,2026-03-27,11,0
coco,2026-03-27,12,0
coco,2026-03-27,13,0
coco,2026-03-27,14,0
coco,2026-03-27,15,0
coco,2026-03-27,16,0
coco,2026-03-27,17,0
coco,2026-03-27,18,0
coco,2026-03-27,19,2
coco,2026-03-27,20,2
coco,2026-03-27,21,9
coco,2026-03-27,22,4
coco,2026-03-27,23,0
coco,2026-03-27,24,1
coco,2026-03-27,25,0
coco,2026-03-27,26,3
coco,2026-03-27,27,0
coco,2026-03-27,28,0
coco,2026-03-27,29,0
coco,2026-03-27,30,0
coco,2026-03-27,31,0
coco,2026-03-27,32,0
coco,2026-03-27,33,0
coco,2026-03-27,34,1
coco,2026-03-27,35,0
coco,2026-03-27,36,0
coco,2026-03-27,37,6
coco,2026-03-27,38,0
coco,2026-03-27,39,0
coco,2026-03-27,40,0
coco,2026-03-27,41,0
coco,2026-03-27,42,0
coco,2026-03-27,43,0
coco,2026-03-27,44,0
coco,2026-03-27,45,0
coco,2026-03-27,46,1
coco,2026-03-27,47,4
coco,2026-03-28,0,1
coco,2026-03-28,1,0
coco,2026-03-28,2,0
coco,2026-03-28,3,0
coco,2026-03-28,4,0
coco,2026-03-28,5,0
coco,2026-03-28,6,0
coco,2026-03-28,7,0
coco,2026-03-28,8,0
coco,2026-03-28,9,0
coco,2026-03-28,10,0
coco,2026-03-28,11,0
coco,2026-03-28,12,0
coco,2026-03-28,13,0
coco,2026-03-28,14,0
coco,2026-03-28,15,0
coco,2026-03-28,16,0
coco,2026-03-28,17,0
coco,2026-03-28,18,0
coco,2026-03-28,19,0
coco,2026-03-28,20,0
coco,2026-03-28,21,0
coco,2026-03-28,22,51
coco,2026-03-28,23,87
coco,2026-03-28,24,0
coco,2026-03-28,25,0
coco,2026-03-28,26,0
coco,2026-03-28,27,0
coco,2026-03-28,28,0
coco,2026-03-28,29,5
coco,2026-03-28,30,0
coco,2026-03-28,31,0
coco,2026-03-28,32,0
coco,2026-03-28,33,5
coco,2026-03-28,34,3
coco,2026-03-28,35,2
coco,2026-03-28,36,0
coco,2026-03-28,37,65
coco,2026-03-28,38,130
coco,2026-03-28,39,0
coco,2026-03-28,40,0
coco,2026-03-28,41,0
coco,2026-03-28,42,0
coco,2026-03-28,43,0
coco,2026-03-28,44,0
coco,2026-03-28,45,0
coco,2026-03-28,46,0
coco,2026-03-28,47,0
coco,2026-03-29,0,0
coco,2026-03-29,1,0
coco,2026-03-29,2,34
coco,2026-03-29,3,0
coco,2026-03-29,4,0
coco,2026-03-29,5,0
coco,2026-03-29,6,0
coco,2026-03-29,7,0
coco,2026-03-29,8,0
coco,2026-03-29,9,0
coco,2026-03-29,10,0
coco,2026-03-29,11,0
coco,2026-03-29,12,0
coco,2026-03-29,13,0
coco,2026-03-29,14,0
coco,2026-03-29,15,0
coco,2026-03-29,16,0
coco,2026-03-29,17,5
coco,2026-03-29,18,0
coco,2026-03-29,19,0
coco,2026-03-29,20,0
coco,2026-03-29,21,0
coco,2026-03-29,22,0
coco,2026-03-29,23,0
coco,2026-03-29,24,0
coco,2026-03-29,25,0
coco,2026-03-29,26,2
coco,2026-03-29,27,96
coco,2026-03-29,28,2
coco,2026-03-29,29,2
coco,2026-03-29,30,1
coco,2026-03-29,31,4
coco,2026-03-29,32,0
coco,2026-03-29,33,1
coco,2026-03-29,34,57
coco,2026-03-29,35,0
coco,2026-03-29,36,0
coco,2026-03-29,37,2
coco,2026-03-29,38,33
coco,2026-03-29,39,20
coco,2026-03-29,40,59
coco,2026-03-29,41,1
coco,2026-03-29,42,0
coco,2026-03-29,43,0
coco,2026-03-29,44,0
coco,2026-03-29,45,0
coco,2026-03-29,46,0
coco,2026-03-29,47,0
coco,2026-03-30,0,0
coco,2026-03-30,1,0
coco,2026-03-30,2,0
coco,2026-03-30,3,0
coco,2026-03-30,4,0
coco,2026-03-30,5,0
coco,2026-03-30,6,0
coco,2026-03-30,7,0
coco,2026-03-30,8,0
coco,2026-03-30,9,0
coco,2026-03-30,10,0
coco,2026-03-30,11,0
coco,2026-03-30,12,0
coco,2026-03-30,13,0
coco,2026-03-30,14,0
coco,2026-03-30,15,0
coco,2026-03-30,16,0
coco,2026-03-30,17,0
coco,2026-03-30,18,0
coco,2026-03-30,19,0
coco,2026-03-30,20,0
coco,2026-03-30,21,0
coco,2026-03-30,22,1
coco,2026-03-30,23,0
coco,2026-03-30,24,0
coco,2026-03-30,25,0
coco,2026-03-30,26,59
coco,2026-03-30,27,0
coco,2026-03-30,28,64
coco,2026-03-30,29,0
coco,2026-03-30,30,0
coco,2026-03-30,31,0
coco,2026-03-30,32,17
coco,2026-03-30,33,0
coco,2026-03-30,34,0
coco,2026-03-30,35,4
coco,2026-03-30,36,0
coco,2026-03-30,37,64
coco,2026-03-30,38,19
coco,2026-03-30,39,77
coco,2026-03-30,40,9
coco,2026-03-30,41,0
coco,2026-03-30,42,0
coco,2026-03-30,43,0
coco,2026-03-30,44,0
coco,2026-03-30,45,2
coco,2026-03-30,46,0
coco,2026-03-30,47,0
coco,2026-03-31,0,0
coco,2026-03-31,1,0
coco,2026-03-31,2,0
coco,2026-03-31,3,0
coco,2026-03-31,4,0
coco,2026-03-31,5,0
coco,2026-03-31,6,0
coco,2026-03-31,7,0
coco,2026-03-31,8,0
coco,2026-03-31,9,0
coco,2026-03-31,10,0
coco,2026-03-31,11,0
coco,2026-03-31,12,0
coco,2026-03-31,13,0
coco,2026-03-31,14,0
coco,2026-03-31,15,0
coco,2026-03-31,16,3
coco,2026-03-31,17,0
coco,2026-03-31,18,0
coco,2026-03-31,19,2
coco,2026-03-31,20,8
coco,2026-03-31,21,0
coco,2026-03-31,22,1
coco,2026-03-31,23,0
coco,2026-03-31,24,0
coco,2026-03-31,25,0
coco,2026-03-31,26,1
coco,2026-03-31,27,2
coco,2026-03-31,28,1
coco,2026-03-31,29,13
coco,2026-03-31,30,0
coco,2026-03-31,31,0
coco,2026-03-31,32,0
coco,2026-03-31,33,0
coco,2026-03-31,34,21
coco,2026-03-31,35,1
coco,2026-03-31,36,2
coco,2026-03-31,37,10
coco,2026-03-31,38,18
coco,2026-03-31,39,148
coco,2026-03-31,40,6
coco,2026-03-31,41,3
coco,2026-03-31,42,0
coco,2026-03-31,43,0
coco,2026-03-31,44,0
coco,2026-03-31,45,0
coco,2026-03-31,46,2
coco,2026-03-31,47,0
coco,2026-04-01,0,0
coco,2026-04-01,1,0
coco,2026-04-01,2,0
coco,2026-04-01,3,0
coco,2026-04-01,4,0
coco,2026-04-01,5,0
coco,2026-04-01,6,0
coco,2026-04-01,7,0
coco,2026-04-01,8,0
coco,2026-04-01,9,0
coco,2026-04-01,10,0
coco,2026-04-01,11,0
coco,2026-04-01,12,0
coco,2026-04-01,13,0
coco,2026-04-01,14,0
coco,2026-04-01,15,0
coco,2026-04-01,16,0
coco,2026-04-01,17,0
coco,2026-04-01,18,0
coco,2026-04-01,19,0
coco,2026-04-01,20,0
coco,2026-04-01,21,1
coco,2026-04-01,22,24
coco,2026-04-01,23,2
coco,2026-04-01,24,0
coco,2026-04-01,25,0
coco,2026-04-01,26,0
coco,2026-04-01,27,0
coco,2026-04-01,28,0
coco,2026-04-01,29,0
coco,2026-04-01,30,1
coco,2026-04-01,31,0
coco,2026-04-01,32,28
coco,2026-04-01,33,1
coco,2026-04-01,34,114
coco,2026-04-01,35,12
coco,2026-04-01,36,9
coco,2026-04-01,37,4
coco,2026-04-01,38,1
coco,2026-04-01,39,15
coco,2026-04-01,40,17
coco,2026-04-01,41,0
coco,2026-04-01,42,0
coco,2026-04-01,43,0
coco,2026-04-01,44,12
coco,2026-04-01,45,0
coco,2026-04-01,46,0
coco,2026-04-01,47,0
coco,2026-04-02,0,0
coco,2026-04-02,1,0
coco,2026-04-02,2,0
coco,2026-04-02,3,0
coco,2026-04-02,4,0
coco,2026-04-02,5,0
coco,2026-04-02,6,0
coco,2026-04-02,7,0
coco,2026-04-02,8,0
coco,2026-04-02,9,0
coco,2026-04-02,10,0
coco,2026-04-02,11,0
coco,2026-04-02,12,0
coco,2026-04-02,13,0
coco,2026-04-02,14,0
coco,2026-04-02,15,0
coco,2026-04-02,16,0
coco,2026-04-02,17,0
coco,2026-04-02,18,0
coco,2026-04-02,19,56
coco,2026-04-02,20,22
coco,2026-04-02,21,4
coco,2026-04-02,22,16
coco,2026-04-02,23,58
coco,2026-04-02,24,0
coco,2026-04-02,25,0
coco,2026-04-02,26,0
coco,2026-04-02,27,0
coco,2026-04-02,28,11
coco,2026-04-02,29,7
coco,2026-04-02,30,9
coco,2026-04-02,31,0
coco,2026-04-02,32,1
coco,2026-04-02,33,4
coco,2026-04-02,34,0
coco,2026-04-02,35,44
coco,2026-04-02,36,4
coco,2026-04-02,37,131
coco,2026-04-02,38,15
coco,2026-04-02,39,224
coco,2026-04-02,40,175
coco,2026-04-02,41,0
coco,2026-04-02,42,0
coco,2026-04-02,43,0
coco,2026-04-02,44,0
coco,2026-04-02,45,0
coco,2026-04-02,46,0
coco,2026-04-02,47,0
coco,2026-04-03,0,4
coco,2026-04-03,1,0
coco,2026-04-03,2,0
coco,2026-04-03,3,0
coco,2026-04-03,4,0
coco,2026-04-03,5,0
coco,2026-04-03,6,0
coco,2026-04-03,7,0
coco,2026-04-03,8,0
coco,2026-04-03,9,0
coco,2026-04-03,10,0
coco,2026-04-03,11,0
coco,2026-04-03,12,0
coco,2026-04-03,13,0
coco,2026-04-03,14,0
coco,2026-04-03,15,0
coco,2026-04-03,16,9
coco,2026-04-03,17,0
coco,2026-04-03,18,0
coco,2026-04-03,19,0
coco,2026-04-03,20,0
coco,2026-04-03,21,0
coco,2026-04-03,22,1
coco,2026-04-03,23,0
coco,2026-04-03,24,50
coco,2026-04-03,25,0
coco,2026-04-03,26,0
coco,2026-04-03,27,0
coco,2026-04-03,28,0
coco,2026-04-03,29,0
coco,2026-04-03,30,1
coco,2026-04-03,31,0
coco,2026-04-03,32,0
coco,2026-04-03,33,1
coco,2026-04-03,34,3
coco,2026-04-03,35,0
coco,2026-04-03,36,0
coco,2026-04-03,37,24
coco,2026-04-03,38,57
coco,2026-04-03,39,20
coco,2026-04-03,40,146
coco,2026-04-03,41,35
coco,2026-04-03,42,0
coco,2026-04-03,43,0
coco,2026-04-03,44,0
coco,2026-04-03,45,0
coco,2026-04-03,46,0
coco,2026-04-03,47,0
coco,2026-04-04,0,39
coco,2026-04-04,1,0
coco,2026-04-04,2,0
coco,2026-04-04,3,0
coco,2026-04-04,4,0
coco,2026-04-04,5,0
coco,2026-04-04,6,0
coco,2026-04-04,7,0
coco,2026-04-04,8,0
coco,2026-04-04,9,0
coco,2026-04-04,10,0
coco,2026-04-04,11,0
coco,2026-04-04,12,0
coco,2026-04-04,13,0
coco,2026-04-04,14,0
coco,2026-04-04,15,0
coco,2026-04-04,16,0
coco,2026-04-04,17,0
coco,2026-04-04,18,0
coco,2026-04-04,19,0
coco,2026-04-04,20,0
coco,2026-04-04,21,3
coco,2026-04-04,22,61
coco,2026-04-04,23,0
coco,2026-04-04,24,0
coco,2026-04-04,25,7
coco,2026-04-04,26,0
coco,2026-04-04,27,50
coco,2026-04-04,28,1
coco,2026-04-04,29,0
coco,2026-04-04,30,0
coco,2026-04-04,31,3
coco,2026-04-04,32,0
coco,2026-04-04,33,0
coco,2026-04-04,34,0
coco,2026-04-04,35,1
coco,2026-04-04,36,0
coco,2026-04-04,37,6
coco,2026-04-04,38,72
coco,2026-04-04,39,7
coco,2026-04-04,40,0
coco,2026-04-04,41,15
coco,2026-04-04,42,60
coco,2026-04-04,43,0
coco,2026-04-04,44,0
coco,2026-04-04,45,0
coco,2026-04-04,46,0
coco,2026-04-04,47,0
coco,2026-04-05,0,0
coco,2026-04-05,1,0
coco,2026-04-05,2,13
coco,2026-04-05,3,1
coco,2026-04-05,4,0
coco,2026-04-05,5,0
coco,2026-04-05,6,0
coco,2026-04-05,7,0
coco,2026-04-05,8,0
coco,2026-04-05,9,0
coco,2026-04-05,10,0
coco,2026-04-05,11,0
coco,2026-04-05,12,0
coco,2026-04-05,13,0
coco,2026-04-05,14,0
coco,2026-04-05,15,0
coco,2026-04-05,16,3
coco,2026-04-05,17,0
coco,2026-04-05,18,0
coco,2026-04-05,19,0
coco,2026-04-05,20,0
coco,2026-04-05,21,0
coco,2026-04-05,22,0
coco,2026-04-05,23,0
coco,2026-04-05,24,5
coco,2026-04-05,25,0
coco,2026-04-05,26,0
coco,2026-04-05,27,0
coco,2026-04-05,28,0
coco,2026-04-05,29,0
coco,2026-04-05,30,2
coco,2026-04-05,31,0
coco,2026-04-05,32,0
coco,2026-04-05,33,0
coco,2026-04-05,34,0
coco,2026-04-05,35,46
coco,2026-04-05,36,1
coco,2026-04-05,37,0
coco,2026-04-05,38,0
coco,2026-04-05,39,34
coco,2026-04-05,40,0
coco,2026-04-05,41,0
coco,2026-04-05,42,0
coco,2026-04-05,43,0
coco,2026-04-05,44,0
coco,2026-04-05,45,0
coco,2026-04-05,46,14
coco,2026-04-05,47,0
coco,2026-04-06,0,0
coco,2026-04-06,1,0
coco,2026-04-06,2,0
coco,2026-04-06,3,0
coco,2026-04-06,4,0
coco,2026-04-06,5,0
coco,2026-04-06,6,0
coco,2026-04-06,7,0
coco,2026-04-06,8,0
coco,2026-04-06,9,0
coco,2026-04-06,10,0
coco,2026-04-06,11,0
coco,2026-04-06,12,0
coco,2026-04-06,13,0
coco,2026-04-06,14,0
coco,2026-04-06,15,0
coco,2026-04-06,16,0
coco,2026-04-06,17,3
coco,2026-04-06,18,0
coco,2026-04-06,19,0
coco,2026-04-06,20,9
coco,2026-04-06,21,0
coco,2026-04-06,22,0
coco,2026-04-06,23,78
coco,2026-04-06,24,0
coco,2026-04-06,25,6
coco,2026-04-06,26,0
coco,2026-04-06,27,0
coco,2026-04-06,28,0
coco,2026-04-06,29,0
coco,2026-04-06,30,0
coco,2026-04-06,31,5
coco,2026-04-06,32,0
coco,2026-04-06,33,0
coco,2026-04-06,34,0
coco,2026-04-06,35,21
coco,2026-04-06,36,11
coco,2026-04-06,37,2
coco,2026-04-06,38,1
coco,2026-04-06,39,5
coco,2026-04-06,40,91
coco,2026-04-06,41,0
coco,2026-04-06,42,0
coco,2026-04-06,43,0
coco,2026-04-06,44,0
coco,2026-04-06,45,0
coco,2026-04-06,46,7
coco,2026-04-06,47,2
coco,2026-04-07,0,0
coco,2026-04-07,1,0
coco,2026-04-07,2,0
coco,2026-04-07,3,0
coco,2026-04-07,4,0
coco,2026-04-07,5,0
coco,2026-04-07,6,0
coco,2026-04-07,7,0
coco,2026-04-07,8,0
coco,2026-04-07,9,0
coco,2026-04-07,10,0
coco,2026-04-07,11,0
coco,2026-04-07,12,0
coco,2026-04-07,13,0
coco,2026-04-07,14,0
coco,2026-04-07,15,0
coco,2026-04-07,16,0
coco,2026-04-07,17,21
coco,2026-04-07,18,6
coco,2026-04-07,19,0
coco,2026-04-07,20,39
coco,2026-04-07,21,13
coco,2026-04-07,22,2
coco,2026-04-07,23,0
coco,2026-04-07,24,4
coco,2026-04-07,25,0
coco,2026-04-07,26,1
coco,2026-04-07,27,3
coco,2026-04-07,28,0
coco,2026-04-07,29,0
coco,2026-04-07,30,1
coco,2026-04-07,31,0
coco,2026-04-07,32,0
coco,2026-04-07,33,2
coco,2026-04-07,34,13
coco,2026-04-07,35,0
coco,2026-04-07,36,18
coco,2026-04-07,37,1
coco,2026-04-07,38,0
coco,2026-04-07,39,14
coco,2026-04-07,40,216
coco,2026-04-07,41,0
coco,2026-04-07,42,0
coco,2026-04-07,43,0
coco,2026-04-07,44,0
coco,2026-04-07,45,0
coco,2026-04-07,46,0
coco,2026-04-07,47,0
coco,2026-04-08,0,0
coco,2026-04-08,1,0
coco,2026-04-08,2,0
coco,2026-04-08,3,0
coco,2026-04-08,4,0
coco,2026-04-08,5,0
coco,2026-04-08,6,0
coco,2026-04-08,7,0
coco,2026-04-08,8,0
coco,2026-04-08,9,0
coco,2026-04-08,10,0
coco,2026-04-08,11,0
coco,2026-04-08,12,0
coco,2026-04-08,13,0
coco,2026-04-08,14,0
coco,2026-04-08,15,0
coco,2026-04-08,16,0
coco,2026-04-08,17,0
coco,2026-04-08,18,3
coco,2026-04-08,19,0
coco,2026-04-08,20,0
coco,2026-04-08,21,1
coco,2026-04-08,22,1
coco,2026-04-08,23,0
coco,2026-04-08,24,46
coco,2026-04-08,25,0
coco,2026-04-08,26,0
coco,2026-04-08,27,0
coco,2026-04-08,28,0
coco,2026-04-08,29,0
coco,2026-04-08,30,0
coco,2026-04-08,31,0
coco,2026-04-08,32,1
coco,2026-04-08,33,1
coco,2026-04-08,34,0
coco,2026-04-08,35,7
coco,2026-04-08,36,0
coco,2026-04-08,37,17
coco,2026-04-08,38,0
coco,2026-04-08,39,4
coco,2026-04-08,40,0
coco,2026-04-08,41,1
coco,2026-04-08,42,34
coco,2026-04-08,43,0
coco,2026-04-08,44,0
coco,2026-04-08,45,0
coco,2026-04-08,46,0
coco,2026-04-08,47,0
coco,2026-04-09,0,0
coco,2026-04-09,1,0
coco,2026-04-09,2,0
coco,2026-04-09,3,0
coco,2026-04-09,4,0
coco,2026-04-09,5,0
coco,2026-04-09,6,0
coco,2026-04-09,7,0
coco,2026-04-09,8,0
coco,2026-04-09,9,0
coco,2026-04-09,10,0
coco,2026-04-09,11,0
coco,2026-04-09,12,0
coco,2026-04-09,13,0
coco,2026-04-09,14,0
coco,2026-04-09,15,0
coco,2026-04-09,16,0
coco,2026-04-09,17,36
coco,2026-04-09,18,2
coco,2026-04-09,19,11
coco,2026-04-09,20,12
coco,2026-04-09,21,1
coco,2026-04-09,22,0
coco,2026-04-09,23,36
coco,2026-04-09,24,0
coco,2026-04-09,25,0
coco,2026-04-09,26,0
coco,2026-04-09,27,73
coco,2026-04-09,28,0
coco,2026-04-09,29,0
coco,2026-04-09,30,0
coco,2026-04-09,31,0
coco,2026-04-09,32,0
coco,2026-04-09,33,0
coco,2026-04-09,34,0
coco,2026-04-09,35,0
coco,2026-04-09,36,0
coco,2026-04-09,37,2
coco,2026-04-09,38,1
coco,2026-04-09,39,10
coco,2026-04-09,40,0
coco,2026-04-09,41,82
coco,2026-04-09,42,0
coco,2026-04-09,43,0
coco,2026-04-09,44,0
coco,2026-04-09,45,0
coco,2026-04-09,46,0
coco,2026-04-09,47,14
coco,2026-04-10,0,0
coco,2026-04-10,1,0
coco,2026-04-10,2,0
coco,2026-04-10,3,0
coco,2026-04-10,4,0
coco,2026-04-10,5,0
coco,2026-04-10,6,0
coco,2026-04-10,7,0
coco,2026-04-10,8,0
coco,2026-04-10,9,0
coco,2026-04-10,10,0
coco,2026-04-10,11,0
coco,2026-04-10,12,0
coco,2026-04-10,13,0
coco,2026-04-10,14,0
coco,2026-04-10,15,0
coco,2026-04-10,16,0
coco,2026-04-10,17,0
coco,2026-04-10,18,1
coco,2026-04-10,19,0
coco,2026-04-10,20,2
coco,2026-04-10,21,5
coco,2026-04-10,22,44
coco,2026-04-10,23,3
coco,2026-04-10,24,0
coco,2026-04-10,25,0
coco,2026-04-10,26,0
coco,2026-04-10,27,9
coco,2026-04-10,28,0
coco,2026-04-10,29,0
coco,2026-04-10,30,0
coco,2026-04-10,31,0
coco,2026-04-10,32,0
coco,2026-04-10,33,0
coco,2026-04-10,34,0
coco,2026-04-10,35,0
coco,2026-04-10,36,6
coco,2026-04-10,37,23
coco,2026-04-10,38,0
coco,2026-04-10,39,0
coco,2026-04-10,40,0
coco,2026-04-10,41,0
coco,2026-04-10,42,0
coco,2026-04-10,43,0
coco,2026-04-10,44,0
coco,2026-04-10,45,0
coco,2026-04-10,46,0
coco,2026-04-10,47,0
coco,2026-04-11,0,0
coco,2026-04-11,1,3
coco,2026-04-11,2,7
coco,2026-04-11,3,0
coco,2026-04-11,4,0
coco,2026-04-11,5,0
coco,2026-04-11,6,0
coco,2026-04-11,7,0
coco,2026-04-11,8,0
coco,2026-04-11,9,0
coco,2026-04-11,10,0
coco,2026-04-11,11,0
coco,2026-04-11,12,0
coco,2026-04-11,13,0
coco,2026-04-11,14,0
coco,2026-04-11,15,0
coco,2026-04-11,16,0
coco,2026-04-11,17,0
coco,2026-04-11,18,0
coco,2026-04-11,19,0
coco,2026-04-11,20,0
coco,2026-04-11,21,0
coco,2026-04-11,22,0
coco,2026-04-11,23,0
coco,2026-04-11,24,0
coco,2026-04-11,25,0
coco,2026-04-11,26,5
coco,2026-04-11,27,0
coco,2026-04-11,28,0
coco,2026-04-11,29,41
coco,2026-04-11,30,1
coco,2026-04-11,31,0
coco,2026-04-11,32,1
coco,2026-04-11,33,2
coco,2026-04-11,34,10
coco,2026-04-11,35,0
coco,2026-04-11,36,25
coco,2026-04-11,37,7
coco,2026-04-11,38,129
coco,2026-04-11,39,17
coco,2026-04-11,40,1
coco,2026-04-11,41,29
coco,2026-04-11,42,2
coco,2026-04-11,43,0
coco,2026-04-11,44,0
coco,2026-04-11,45,0
coco,2026-04-11,46,2
coco,2026-04-11,47,0
coco,2026-04-12,0,0
coco,2026-04-12,1,0
coco,2026-04-12,2,0
coco,2026-04-12,3,0
coco,2026-04-12,4,0
coco,2026-04-12,5,0
coco,2026-04-12,6,0
coco,2026-04-12,7,0
coco,2026-04-12,8,0
coco,2026-04-12,9,0
coco,2026-04-12,10,0
coco,2026-04-12,11,15
coco,2026-04-12,12,14
coco,2026-04-12,13,0
coco,2026-04-12,14,0
coco,2026-04-12,15,0
coco,2026-04-12,16,0
coco,2026-04-12,17,0
coco,2026-04-12,18,0
coco,2026-04-12,19,0
coco,2026-04-12,20,0
coco,2026-04-12,21,0
coco,2026-04-12,22,0
coco,2026-04-12,23,0
coco,2026-04-12,24,0
coco,2026-04-12,25,43
coco,2026-04-12,26,27
coco,2026-04-12,27,2
coco,2026-04-12,28,3
coco,2026-04-12,29,0
coco,2026-04-12,30,3
coco,2026-04-12,31,0
coco,2026-04-12,32,2
coco,2026-04-12,33,1
coco,2026-04-12,34,2
coco,2026-04-12,35,22
coco,2026-04-12,36,0
coco,2026-04-12,37,0
coco,2026-04-12,38,0
coco,2026-04-12,39,0
coco,2026-04-12,40,0
coco,2026-04-12,41,0
coco,2026-04-12,42,0
coco,2026-04-12,43,6
coco,2026-04-12,44,0
coco,2026-04-12,45,0
coco,2026-04-12,46,0
coco,2026-04-12,47,12
coco,2026-04-13,0,1
coco,2026-04-13,1,0
coco,2026-04-13,2,0
coco,2026-04-13,3,0
coco,2026-04-13,4,0
coco,2026-04-13,5,0
coco,2026-04-13,6,0
coco,2026-04-13,7,0
coco,2026-04-13,8,0
coco,2026-04-13,9,0
coco,2026-04-13,10,0
coco,2026-04-13,11,0
coco,2026-04-13,12,0
coco,2026-04-13,13,0
coco,2026-04-13,14,1
coco,2026-04-13,15,0
coco,2026-04-13,16,1
coco,2026-04-13,17,0
coco,2026-04-13,18,0
coco,2026-04-13,19,0
coco,2026-04-13,20,0
coco,2026-04-13,21,6
coco,2026-04-13,22,57
coco,2026-04-13,23,1
coco,2026-04-13,24,0
coco,2026-04-13,25,40
coco,2026-04-13,26,0
coco,2026-04-13,27,0
coco,2026-04-13,28,0
coco,2026-04-13,29,2
coco,2026-04-13,30,0
coco,2026-04-13,31,0
coco,2026-04-13,32,1
coco,2026-04-13,33,2
coco,2026-04-13,34,6
coco,2026-04-13,35,5
coco,2026-04-13,36,51
coco,2026-04-13,37,119
coco,2026-04-13,38,1
coco,2026-04-13,39,0
coco,2026-04-13,40,3
coco,2026-04-13,41,0
coco,2026-04-13,42,0
coco,2026-04-13,43,0
coco,2026-04-13,44,0
coco,2026-04-13,45,0
coco,2026-04-13,46,0
coco,2026-04-13,47,0
coco,2026-04-14,0,0
coco,2026-04-14,1,0
coco,2026-04-14,2,0
coco,2026-04-14,3,0
coco,2026-04-14,4,0
coco,2026-04-14,5,0
coco,2026-04-14,6,0
coco,2026-04-14,7,0
coco,2026-04-14,8,0
coco,2026-04-14,9,0
coco,2026-04-14,10,0
coco,2026-04-14,11,0
coco,2026-04-14,12,0
coco,2026-04-14,13,0
coco,2026-04-14,14,0
coco,2026-04-14,15,0
coco,2026-04-14,16,6
coco,2026-04-14,17,26
coco,2026-04-14,18,0
coco,2026-04-14,19,0
coco,2026-04-14,20,0
coco,2026-04-14,21,0
coco,2026-04-14,22,28
coco,2026-04-14,23,1
coco,2026-04-14,24,0
coco,2026-04-14,25,0
coco,2026-04-14,26,1
coco,2026-04-14,27,1
coco,2026-04-14,28,0
coco,2026-04-14,29,0
coco,2026-04-14,30,0
coco,2026-04-14,31,0
coco,2026-04-14,32,0
coco,2026-04-14,33,0
coco,2026-04-14,34,0
coco,2026-04-14,35,4
coco,2026-04-14,36,0
coco,2026-04-14,37,2
coco,2026-04-14,38,0
coco,2026-04-14,39,0
coco,2026-04-14,40,0
coco,2026-04-14,41,7
coco,2026-04-14,42,51
coco,2026-04-14,43,0
coco,2026-04-14,44,0
coco,2026-04-14,45,0
coco,2026-04-14,46,0
coco,2026-04-14,47,0
coco,2026-04-15,0,0
coco,2026-04-15,1,10
coco,2026-04-15,2,0
coco,2026-04-15,3,0
coco,2026-04-15,4,0
coco,2026-04-15,5,0
coco,2026-04-15,6,0
coco,2026-04-15,7,0
coco,2026-04-15,8,0
coco,2026-04-15,9,0
coco,2026-04-15,10,0
coco,2026-04-15,11,0
coco,2026-04-15,12,0
coco,2026-04-15,13,0
coco,2026-04-15,14,0
coco,2026-04-15,15,0
coco,2026-04-15,16,0
coco,2026-04-15,17,0
coco,2026-04-15,18,0
coco,2026-04-15,19,0
coco,2026-04-15,20,0
coco,2026-04-15,21,0
coco,2026-04-15,22,0
coco,2026-04-15,23,31
coco,2026-04-15,24,0
coco,2026-04-15,25,0
coco,2026-04-15,26,0
coco,2026-04-15,27,0
coco,2026-04-15,28,0
coco,2026-04-15,29,0
coco,2026-04-15,30,0
coco,2026-04-15,31,0
coco,2026-04-15,32,0
coco,2026-04-15,33,1
coco,2026-04-15,34,0
coco,2026-04-15,35,0
coco,2026-04-15,36,0
coco,2026-04-15,37,4
coco,2026-04-15,38,31
coco,2026-04-15,39,0
coco,2026-04-15,40,1
coco,2026-04-15,41,66
coco,2026-04-15,42,0
coco,2026-04-15,43,0
coco,2026-04-15,44,0
coco,2026-04-15,45,0
coco,2026-04-15,46,0
coco,2026-04-15,47,0
coco,2026-04-16,0,0
coco,2026-04-16,1,0
coco,2026-04-16,2,0
coco,2026-04-16,3,0
coco,2026-04-16,4,0
coco,2026-04-16,5,0
coco,2026-04-16,6,0
coco,2026-04-16,7,0
coco,2026-04-16,8,0
coco,2026-04-16,9,0
coco,2026-04-16,10,0
coco,2026-04-16,11,0
coco,2026-04-16,12,0
coco,2026-04-16,13,0
coco,2026-04-16,14,0
coco,2026-04-16,15,0
coco,2026-04-16,16,0
coco,2026-04-16,17,1
coco,2026-04-16,18,105
coco,2026-04-16,19,46
coco,2026-04-16,20,0
coco,2026-04-16,21,0
coco,2026-04-16,22,13
coco,2026-04-16,23,26
coco,2026-04-16,24,12
coco,2026-04-16,25,3
coco,2026-04-16,26,0
coco,2026-04-16,27,0
coco,2026-04-16,28,0
coco,2026-04-16,29,0
coco,2026-04-16,30,0
coco,2026-04-16,31,0
coco,2026-04-16,32,0
coco,2026-04-16,33,2
coco,2026-04-16,34,187
coco,2026-04-16,35,4
coco,2026-04-16,36,0
coco,2026-04-16,37,0
coco,2026-04-16,38,0
coco,2026-04-16,39,1
coco,2026-04-16,40,6
coco,2026-04-16,41,86
coco,2026-04-16,42,17
coco,2026-04-16,43,0
coco,2026-04-16,44,0
coco,2026-04-16,45,0
coco,2026-04-16,46,0
coco,2026-04-16,47,0
coco,2026-04-17,0,0
coco,2026-04-17,1,0
coco,2026-04-17,2,0
coco,2026-04-17,3,0
coco,2026-04-17,4,0
coco,2026-04-17,5,0
coco,2026-04-17,6,0
coco,2026-04-17,7,0
coco,2026-04-17,8,0
coco,2026-04-17,9,0
coco,2026-04-17,10,0
coco,2026-04-17,11,0
coco,2026-04-17,12,0
coco,2026-04-17,13,0
coco,2026-04-17,14,0
coco,2026-04-17,15,0
coco,2026-04-17,16,0
coco,2026-04-17,17,3
coco,2026-04-17,18,5
coco,2026-04-17,19,0
coco,2026-04-17,20,0
coco,2026-04-17,21,0
coco,2026-04-17,22,0
coco,2026-04-17,23,0
coco,2026-04-17,24,0
coco,2026-04-17,25,9
coco,2026-04-17,26,0
coco,2026-04-17,27,0
coco,2026-04-17,28,0
coco,2026-04-17,29,0
coco,2026-04-17,30,2
coco,2026-04-17,31,0
coco,2026-04-17,32,0
coco,2026-04-17,33,0
coco,2026-04-17,34,0
coco,2026-04-17,35,0
coco,2026-04-17,36,1
coco,2026-04-17,37,35
coco,2026-04-17,38,0
coco,2026-04-17,39,0
coco,2026-04-17,40,0
coco,2026-04-17,41,14
coco,2026-04-17,42,0
coco,2026-04-17,43,0
coco,2026-04-17,44,0
coco,2026-04-17,45,0
coco,2026-04-17,46,0
coco,2026-04-17,47,0
coco,2026-04-18,0,0
coco,2026-04-18,1,0
coco,2026-04-18,2,0
coco,2026-04-18,3,0
coco,2026-04-18,4,0
coco,2026-04-18,5,0
coco,2026-04-18,6,2
coco,2026-04-18,7,0
coco,2026-04-18,8,0
coco,2026-04-18,9,0
coco,2026-04-18,10,0
coco,2026-04-18,11,0
coco,2026-04-18,12,0
coco,2026-04-18,13,0
coco,2026-04-18,14,0
coco,2026-04-18,15,0
coco,2026-04-18,16,0
coco,2026-04-18,17,0
coco,2026-04-18,18,0
coco,2026-04-18,19,0
coco,2026-04-18,20,0
coco,2026-04-18,21,0
coco,2026-04-18,22,1
coco,2026-04-18,23,0
coco,2026-04-18,24,0
coco,2026-04-18,25,0
coco,2026-04-18,26,0
coco,2026-04-18,27,0
coco,2026-04-18,28,0
coco,2026-04-18,29,0
coco,2026-04-18,30,0
coco,2026-04-18,31,1
coco,2026-04-18,32,0
coco,2026-04-18,33,0
coco,2026-04-18,34,1
coco,2026-04-18,35,0
coco,2026-04-18,36,0
coco,2026-04-18,37,0
coco,2026-04-18,38,0
coco,2026-04-18,39,1
coco,2026-04-18,40,46
coco,2026-04-18,41,91
coco,2026-04-18,42,63
coco,2026-04-18,43,0
coco,2026-04-18,44,0
coco,2026-04-18,45,0
coco,2026-04-18,46,0
coco,2026-04-18,47,0
coco,2026-04-19,0,0
coco,2026-04-19,1,0
coco,2026-04-19,2,0
coco,2026-04-19,3,0
coco,2026-04-19,4,0
coco,2026-04-19,5,0
coco,2026-04-19,6,0
coco,2026-04-19,7,0
coco,2026-04-19,8,0
coco,2026-04-19,9,0
coco,2026-04-19,10,0
coco,2026-04-19,11,0
coco,2026-04-19,12,0
coco,2026-04-19,13,0
coco,2026-04-19,14,0
coco,2026-04-19,15,0
coco,2026-04-19,16,0
coco,2026-04-19,17,0
coco,2026-04-19,18,0
coco,2026-04-19,19,2
coco,2026-04-19,20,174
coco,2026-04-19,21,23
coco,2026-04-19,22,38
coco,2026-04-19,23,4
coco,2026-04-19,24,0
coco,2026-04-19,25,0
coco,2026-04-19,26,0
coco,2026-04-19,27,0
coco,2026-04-19,28,0
coco,2026-04-19,29,0
coco,2026-04-19,30,0
coco,2026-04-19,31,0
coco,2026-04-19,32,0
coco,2026-04-19,33,0
coco,2026-04-19,34,0
coco,2026-04-19,35,8
coco,2026-04-19,36,31
coco,2026-04-19,37,0
coco,2026-04-19,38,1
coco,2026-04-19,39,0
coco,2026-04-19,40,11
coco,2026-04-19,41,3
coco,2026-04-19,42,3
coco,2026-04-19,43,0
coco,2026-04-19,44,0
coco,2026-04-19,45,8
coco,2026-04-19,46,0
coco,2026-04-19,47,0
coco,2026-04-20,0,0
coco,2026-04-20,1,0
coco,2026-04-20,2,0
coco,2026-04-20,3,0
coco,2026-04-20,4,0
coco,2026-04-20,5,0
coco,2026-04-20,6,0
coco,2026-04-20,7,0
coco,2026-04-20,8,0
coco,2026-04-20,9,0
coco,2026-04-20,10,0
coco,2026-04-20,11,0
coco,2026-04-20,12,0
coco,2026-04-20,13,0
coco,2026-04-20,14,0
coco,2026-04-20,15,0
coco,2026-04-20,16,24
coco,2026-04-20,17,0
coco,2026-04-20,18,0
coco,2026-04-20,19,0
coco,2026-04-20,20,0
coco,2026-04-20,21,0
coco,2026-04-20,22,0
coco,2026-04-20,23,0
coco,2026-04-20,24,0
coco,2026-04-20,25,0
coco,2026-04-20,26,0
coco,2026-04-20,27,0
coco,2026-04-20,28,5
coco,2026-04-20,29,0
coco,2026-04-20,30,0
coco,2026-04-20,31,113
coco,2026-04-20,32,1
coco,2026-04-20,33,0
coco,2026-04-20,34,48
coco,2026-04-20,35,0
coco,2026-04-20,36,0
coco,2026-04-20,37,11
coco,2026-04-20,38,0
coco,2026-04-20,39,13
coco,2026-04-20,40,0
coco,2026-04-20,41,255
coco,2026-04-20,42,61
coco,2026-04-20,43,0
coco,2026-04-20,44,0
coco,2026-04-20,45,9
coco,2026-04-20,46,2
coco,2026-04-20,47,4
coco,2026-04-21,0,0
coco,2026-04-21,1,0
coco,2026-04-21,2,0
coco,2026-04-21,3,0
coco,2026-04-21,4,0
coco,2026-04-21,5,0
coco,2026-04-21,6,0
coco,2026-04-21,7,0
coco,2026-04-21,8,0
coco,2026-04-21,9,0
coco,2026-04-21,10,0
coco,2026-04-21,11,0
coco,2026-04-21,12,0
coco,2026-04-21,13,0
coco,2026-04-21,14,0
coco,2026-04-21,15,0
coco,2026-04-21,16,0
coco,2026-04-21,17,0
coco,2026-04-21,18,0
coco,2026-04-21,19,0
coco,2026-04-21,20,23
coco,2026-04-21,21,3
coco,2026-04-21,22,0
coco,2026-04-21,23,1
coco,2026-04-21,24,0
coco,2026-04-21,25,0
coco,2026-04-21,26,0
coco,2026-04-21,27,0
coco,2026-04-21,28,0
coco,2026-04-21,29,0
coco,2026-04-21,30,0
coco,2026-04-21,31,0
coco,2026-04-21,32,0
coco,2026-04-21,33,0
coco,2026-04-21,34,1
coco,2026-04-21,35,1
coco,2026-04-21,36,27
coco,2026-04-21,37,57
coco,2026-04-21,38,0
coco,2026-04-21,39,3
coco,2026-04-21,40,56
coco,2026-04-21,41,5
coco,2026-04-21,42,0
coco,2026-04-21,43,0
coco,2026-04-21,44,0
coco,2026-04-21,45,0
coco,2026-04-21,46,0
coco,2026-04-21,47,0
coco,2026-04-22,0,0
coco,2026-04-22,1,0
coco,2026-04-22,2,0
coco,2026-04-22,3,0
coco,2026-04-22,4,0
coco,2026-04-22,5,0
coco,2026-04-22,6,0
coco,2026-04-22,7,0
coco,2026-04-22,8,0
coco,2026-04-22,9,0
coco,2026-04-22,10,0
coco,2026-04-22,11,0
coco,2026-04-22,12,0
coco,2026-04-22,13,0
coco,2026-04-22,14,0
coco,2026-04-22,15,0
coco,2026-04-22,16,0
coco,2026-04-22,17,0
coco,2026-04-22,18,0
coco,2026-04-22,19,0
coco,2026-04-22,20,17
coco,2026-04-22,21,0
coco,2026-04-22,22,0
coco,2026-04-22,23,0
coco,2026-04-22,24,0
coco,2026-04-22,25,0
coco,2026-04-22,26,0
coco,2026-04-22,27,0
coco,2026-04-22,28,0
coco,2026-04-22,29,72
coco,2026-04-22,30,0
coco,2026-04-22,31,0
coco,2026-04-22,32,0
coco,2026-04-22,33,0
coco,2026-04-22,34,0
coco,2026-04-22,35,0
coco,2026-04-22,36,0
coco,2026-04-22,37,0
coco,2026-04-22,38,1
coco,2026-04-22,39,0
coco,2026-04-22,40,1
coco,2026-04-22,41,28
coco,2026-04-22,42,145
coco,2026-04-22,43,0
coco,2026-04-22,44,0
coco,2026-04-22,45,0
coco,2026-04-22,46,1
coco,2026-04-22,47,0
coco,2026-04-23,0,0
coco,2026-04-23,1,0
coco,2026-04-23,2,0
coco,2026-04-23,3,0
coco,2026-04-23,4,0
coco,2026-04-23,5,0
coco,2026-04-23,6,0
coco,2026-04-23,7,0
coco,2026-04-23,8,0
coco,2026-04-23,9,0
coco,2026-04-23,10,0
coco,2026-04-23,11,0
coco,2026-04-23,12,0
coco,2026-04-23,13,0
coco,2026-04-23,14,0
coco,2026-04-23,15,0
coco,2026-04-23,16,0
coco,2026-04-23,17,0
coco,2026-04-23,18,0
coco,2026-04-23,19,0
coco,2026-04-23,20,0
coco,2026-04-23,21,0
coco,2026-04-23,22,5
coco,2026-04-23,23,0
coco,2026-04-23,24,0
coco,2026-04-23,25,0
coco,2026-04-23,26,0
coco,2026-04-23,27,0
coco,2026-04-23,28,0
coco,2026-04-23,29,13
coco,2026-04-23,30,0
coco,2026-04-23,31,0
coco,2026-04-23,32,0
coco,2026-04-23,33,3
coco,2026-04-23,34,21
coco,2026-04-23,35,0
coco,2026-04-23,36,0
coco,2026-04-23,37,0
coco,2026-04-23,38,0
coco,2026-04-23,39,1
coco,2026-04-23,40,116
coco,2026-04-23,41,0
coco,2026-04-23,42,2
coco,2026-04-23,43,0
coco,2026-04-23,44,0
coco,2026-04-23,45,0
coco,2026-04-23,46,0
coco,2026-04-23,47,4
coco,2026-04-24,0,0
coco,2026-04-24,1,0
coco,2026-04-24,2,0
coco,2026-04-24,3,0
coco,2026-04-24,4,0
coco,2026-04-24,5,0
coco,2026-04-24,6,0
coco,2026-04-24,7,0
coco,2026-04-24,8,0
coco,2026-04-24,9,0
coco,2026-04-24,10,0
coco,2026-04-24,11,0
coco,2026-04-24,12,0
coco,2026-04-24,13,0
coco,2026-04-24,14,0
coco,2026-04-24,15,0
coco,2026-04-24,16,0
coco,2026-04-24,17,0
coco,2026-04-24,18,0
coco,2026-04-24,19,0
coco,2026-04-24,20,0
coco,2026-04-24,21,1
coco,2026-04-24,22,0
coco,2026-04-24,23,4
coco,2026-04-24,24,1
coco,2026-04-24,25,0
coco,2026-04-24,26,0
coco,2026-04-24,27,0
coco,2026-04-24,28,0
coco,2026-04-24,29,0
coco,2026-04-24,30,1
coco,2026-04-24,31,0
coco,2026-04-24,32,2
coco,2026-04-24,33,0
coco,2026-04-24,34,2
coco,2026-04-24,35,0
coco,2026-04-24,36,0
coco,2026-04-24,37,8
coco,2026-04-24,38,13
coco,2026-04-24,39,32
coco,2026-04-24,40,3
coco,2026-04-24,41,0
coco,2026-04-24,42,0
coco,2026-04-24,43,0
coco,2026-04-24,44,0
coco,2026-04-24,45,3
coco,2026-04-24,46,0
coco,2026-04-24,47,0
coco,2026-04-25,0,0
coco,2026-04-25,1,0
coco,2026-04-25,2,0
coco,2026-04-25,3,0
coco,2026-04-25,4,0
coco,2026-04-25,5,0
coco,2026-04-25,6,0
coco,2026-04-25,7,0
coco,2026-04-25,8,0
coco,2026-04-25,9,0
coco,2026-04-25,10,0
coco,2026-04-25,11,0
coco,2026-04-25,12,0
coco,2026-04-25,13,0
coco,2026-04-25,14,4
coco,2026-04-25,15,0
coco,2026-04-25,16,0
coco,2026-04-25,17,0
coco,2026-04-25,18,0
coco,2026-04-25,19,0
coco,2026-04-25,20,0
coco,2026-04-25,21,0
coco,2026-04-25,22,0
coco,2026-04-25,23,9
coco,2026-04-25,24,0
coco,2026-04-25,25,0
coco,2026-04-25,26,0
coco,2026-04-25,27,0
coco,2026-04-25,28,0
coco,2026-04-25,29,0
coco,2026-04-25,30,1
coco,2026-04-25,31,0
coco,2026-04-25,32,0
coco,2026-04-25,33,0
coco,2026-04-25,34,0
coco,2026-04-25,35,0
coco,2026-04-25,36,22
coco,2026-04-25,37,0
coco,2026-04-25,38,3
coco,2026-04-25,39,7
coco,2026-04-25,40,0
coco,2026-04-25,41,0
coco,2026-04-25,42,0
coco,2026-04-25,43,0
coco,2026-04-25,44,0
coco,2026-04-25,45,0
coco,2026-04-25,46,0
coco,2026-04-25,47,0
coco,2026-04-26,0,0
coco,2026-04-26,1,0
coco,2026-04-26,2,4
coco,2026-04-26,3,10
coco,2026-04-26,4,0
coco,2026-04-26,5,0
coco,2026-04-26,6,0
coco,2026-04-26,7,0
coco,2026-04-26,8,0
coco,2026-04-26,9,0
coco,2026-04-26,10,0
coco,2026-04-26,11,0
coco,2026-04-26,12,0
coco,2026-04-26,13,0
coco,2026-04-26,14,0
coco,2026-04-26,15,0
coco,2026-04-26,16,0
coco,2026-04-26,17,0
coco,2026-04-26,18,0
coco,2026-04-26,19,0
coco,2026-04-26,20,0
coco,2026-04-26,21,0
coco,2026-04-26,22,0
coco,2026-04-26,23,0
coco,2026-04-26,24,0
coco,2026-04-26,25,0
coco,2026-04-26,26,0
coco,2026-04-26,27,1
coco,2026-04-26,28,1
coco,2026-04-26,29,5
coco,2026-04-26,30,0
coco,2026-04-26,31,0
coco,2026-04-26,32,0
coco,2026-04-26,33,0
coco,2026-04-26,34,0
coco,2026-04-26,35,0
coco,2026-04-26,36,0
coco,2026-04-26,37,0
coco,2026-04-26,38,0
coco,2026-04-26,39,0
coco,2026-04-26,40,0
coco,2026-04-26,41,2
coco,2026-04-26,42,0
coco,2026-04-26,43,0
coco,2026-04-26,44,0
coco,2026-04-26,45,0
coco,2026-04-26,46,0
coco,2026-04-26,47,0
coco,2026-04-27,0,0
coco,2026-04-27,1,1
coco,2026-04-27,2,1
coco,2026-04-27,3,0
coco,2026-04-27,4,0
coco,2026-04-27,5,0
coco,2026-04-27,6,0
coco,2026-04-27,7,0
coco,2026-04-27,8,0
coco,2026-04-27,9,0
coco,2026-04-27,10,0
coco,2026-04-27,11,0
coco,2026-04-27,12,0
coco,2026-04-27,13,0
coco,2026-04-27,14,0
coco,2026-04-27,15,0
coco,2026-04-27,16,0
coco,2026-04-27,17,0
coco,2026-04-27,18,0
coco,2026-04-27,19,3
coco,2026-04-27,20,0
coco,2026-04-27,21,7
coco,2026-04-27,22,0
coco,2026-04-27,23,0
coco,2026-04-27,24,0
coco,2026-04-27,25,2
coco,2026-04-27,26,0
coco,2026-04-27,27,0
coco,2026-04-27,28,0
coco,2026-04-27,29,0
coco,2026-04-27,30,3
coco,2026-04-27,31,0
coco,2026-04-27,32,0
coco,2026-04-27,33,2
coco,2026-04-27,34,154
coco,2026-04-27,35,0
coco,2026-04-27,36,0
coco,2026-04-27,37,0
coco,2026-04-27,38,0
coco,2026-04-27,39,0
coco,2026-04-27,40,1
coco,2026-04-27,41,4
coco,2026-04-27,42,0
coco,2026-04-27,43,0
coco,2026-04-27,44,0
coco,2026-04-27,45,0
coco,2026-04-27,46,1
coco,2026-04-27,47,0
coco,2026-04-28,0,0
coco,2026-04-28,1,0
coco,2026-04-28,2,0
coco,2026-04-28,3,0
coco,2026-04-28,4,0
coco,2026-04-28,5,0
coco,2026-04-28,6,0
coco,2026-04-28,7,0
coco,2026-04-28,8,0
coco,2026-04-28,9,0
coco,2026-04-28,10,0
coco,2026-04-28,11,0
coco,2026-04-28,12,0
coco,2026-04-28,13,0
coco,2026-04-28,14,0
coco,2026-04-28,15,18
coco,2026-04-28,16,6
coco,2026-04-28,17,0
coco,2026-04-28,18,0
coco,2026-04-28,19,0
coco,2026-04-28,20,0
coco,2026-04-28,21,13
coco,2026-04-28,22,0
coco,2026-04-28,23,5
coco,2026-04-28,24,0
coco,2026-04-28,25,0
coco,2026-04-28,26,0
coco,2026-04-28,27,0
coco,2026-04-28,28,0
coco,2026-04-28,29,0
coco,2026-04-28,30,0
coco,2026-04-28,31,0
coco,2026-04-28,32,0
coco,2026-04-28,33,0
coco,2026-04-28,34,0
coco,2026-04-28,35,21
coco,2026-04-28,36,0
coco,2026-04-28,37,0
coco,2026-04-28,38,0
coco,2026-04-28,39,84
coco,2026-04-28,40,24
coco,2026-04-28,41,4
coco,2026-04-28,42,0
coco,2026-04-28,43,0
coco,2026-04-28,44,0
coco,2026-04-28,45,0
coco,2026-04-28,46,0
coco,2026-04-28,47,1
coco,2026-04-29,0,0
coco,2026-04-29,1,0
coco,2026-04-29,2,0
coco,2026-04-29,3,0
coco,2026-04-29,4,0
coco,2026-04-29,5,0
coco,2026-04-29,6,0
coco,2026-04-29,7,0
coco,2026-04-29,8,0
coco,2026-04-29,9,0
coco,2026-04-29,10,0
coco,2026-04-29,11,0
coco,2026-04-29,12,0
coco,2026-04-29,13,0
coco,2026-04-29,14,0
coco,2026-04-29,15,0
coco,2026-04-29,16,0
coco,2026-04-29,17,0
coco,2026-04-29,18,0
coco,2026-04-29,19,8
coco,2026-04-29,20,0
coco,2026-04-29,21,0
coco,2026-04-29,22,0
coco,2026-04-29,23,1
coco,2026-04-29,24,0
coco,2026-04-29,25,0
coco,2026-04-29,26,0
coco,2026-04-29,27,0
coco,2026-04-29,28,0
coco,2026-04-29,29,0
coco,2026-04-29,30,0
coco,2026-04-29,31,0
coco,2026-04-29,32,0
coco,2026-04-29,33,0
coco,2026-04-29,34,2
coco,2026-04-29,35,0
coco,2026-04-29,36,27
coco,2026-04-29,37,0
coco,2026-04-29,38,0
coco,2026-04-29,39,8
coco,2026-04-29,40,0
coco,2026-04-29,41,38
coco,2026-04-29,42,0
coco,2026-04-29,43,0
coco,2026-04-29,44,0
coco,2026-04-29,45,0
coco,2026-04-29,46,0
coco,2026-04-29,47,0
coco,2026-04-30,0,0
coco,2026-04-30,1,2
coco,2026-04-30,2,0
coco,2026-04-30,3,0
coco,2026-04-30,4,0
coco,2026-04-30,5,0
coco,2026-04-30,6,0
coco,2026-04-30,7,0
coco,2026-04-30,8,0
coco,2026-04-30,9,0
coco,2026-04-30,10,0
coco,2026-04-30,11,0
coco,2026-04-30,12,0
coco,2026-04-30,13,0
coco,2026-04-30,14,0
coco,2026-04-30,15,0
coco,2026-04-30,16,0
coco,2026-04-30,17,0
coco,2026-04-30,18,0
coco,2026-04-30,19,0
coco,2026-04-30,20,2
coco,2026-04-30,21,1
coco,2026-04-30,22,3
coco,2026-04-30,23,0
coco,2026-04-30,24,4
coco,2026-04-30,25,7
coco,2026-04-30,26,0
coco,2026-04-30,27,130
coco,2026-04-30,28,0
coco,2026-04-30,29,0
coco,2026-04-30,30,0
coco,2026-04-30,31,0
coco,2026-04-30,32,0
coco,2026-04-30,33,0
coco,2026-04-30,34,0
coco,2026-04-30,35,0
coco,2026-04-30,36,0
coco,2026-04-30,37,0
coco,2026-04-30,38,62
coco,2026-04-30,39,0
coco,2026-04-30,40,0
coco,2026-04-30,41,0
coco,2026-04-30,42,0
coco,2026-04-30,43,0
coco,2026-04-30,44,0
coco,2026-04-30,45,0
coco,2026-04-30,46,0
coco,2026-04-30,47,0
coco,2026-05-01,0,0
coco,2026-05-01,1,2
coco,2026-05-01,2,0
coco,2026-05-01,3,0
coco,2026-05-01,4,0
coco,2026-05-01,5,0
coco,2026-05-01,6,0
coco,2026-05-01,7,0
coco,2026-05-01,8,0
coco,2026-05-01,9,0
coco,2026-05-01,10,0
coco,2026-05-01,11,0
coco,2026-05-01,12,0
coco,2026-05-01,13,0
coco,2026-05-01,14,0
coco,2026-05-01,15,0
coco,2026-05-01,16,0
coco,2026-05-01,17,91
coco,2026-05-01,18,0
coco,2026-05-01,19,0
coco,2026-05-01,20,0
coco,2026-05-01,21,18
coco,2026-05-01,22,20
coco,2026-05-01,23,0
coco,2026-05-01,24,0
coco,2026-05-01,25,0
coco,2026-05-01,26,0
coco,2026-05-01,27,49
coco,2026-05-01,28,0
coco,2026-05-01,29,0
coco,2026-05-01,30,1
coco,2026-05-01,31,0
coco,2026-05-01,32,0
coco,2026-05-01,33,2
coco,2026-05-01,34,5
coco,2026-05-01,35,0
coco,2026-05-01,36,20
coco,2026-05-01,37,0
coco,2026-05-01,38,1
coco,2026-05-01,39,0
coco,2026-05-01,40,40
coco,2026-05-01,41,3
coco,2026-05-01,42,65
coco,2026-05-01,43,1
coco,2026-05-01,44,0
coco,2026-05-01,45,0
coco,2026-05-01,46,0
coco,2026-05-01,47,0
coco,2026-05-02,0,0
coco,2026-05-02,1,0
coco,2026-05-02,2,0
coco,2026-05-02,3,0
coco,2026-05-02,4,0
coco,2026-05-02,5,0
coco,2026-05-02,6,0
coco,2026-05-02,7,0
coco,2026-05-02,8,0
coco,2026-05-02,9,0
coco,2026-05-02,10,0
coco,2026-05-02,11,0
coco,2026-05-02,12,0
coco,2026-05-02,13,0
coco,2026-05-02,14,0
coco,2026-05-02,15,0
coco,2026-05-02,16,0
coco,2026-05-02,17,0
coco,2026-05-02,18,0
coco,2026-05-02,19,0
coco,2026-05-02,20,0
coco,2026-05-02,21,0
coco,2026-05-02,22,0
coco,2026-05-02,23,0
coco,2026-05-02,24,0
coco,2026-05-02,25,6
coco,2026-05-02,26,0
coco,2026-05-02,27,0
coco,2026-05-02,28,1
coco,2026-05-02,29,0
coco,2026-05-02,30,0
coco,2026-05-02,31,2
coco,2026-05-02,32,0
coco,2026-05-02,33,0
coco,2026-05-02,34,20
coco,2026-05-02,35,6
coco,2026-05-02,36,37
coco,2026-05-02,37,0
coco,2026-05-02,38,0
coco,2026-05-02,39,0
coco,2026-05-02,40,0
coco,2026-05-02,41,0
coco,2026-05-02,42,0
coco,2026-05-02,43,16
coco,2026-05-02,44,0
coco,2026-05-02,45,1
coco,2026-05-02,46,0
coco,2026-05-02,47,0
coco,2026-05-03,0,0
coco,2026-05-03,1,0
coco,2026-05-03,2,0
coco,2026-05-03,3,0
coco,2026-05-03,4,0
coco,2026-05-03,5,0
coco,2026-05-03,6,0
coco,2026-05-03,7,0
coco,2026-05-03,8,0
coco,2026-05-03,9,0
coco,2026-05-03,10,0
coco,2026-05-03,11,0
coco,2026-05-03,12,0
coco,2026-05-03,13,0
coco,2026-05-03,14,0
coco,2026-05-03,15,0
coco,2026-05-03,16,0
coco,2026-05-03,17,0
coco,2026-05-03,18,0
coco,2026-05-03,19,0
coco,2026-05-03,20,0
coco,2026-05-03,21,0
coco,2026-05-03,22,0
coco,2026-05-03,23,0
coco,2026-05-03,24,3
coco,2026-05-03,25,0
coco,2026-05-03,26,0
coco,2026-05-03,27,0
coco,2026-05-03,28,0
coco,2026-05-03,29,0
coco,2026-05-03,30,0
coco,2026-05-03,31,0
coco,2026-05-03,32,0
coco,2026-05-03,33,0
coco,2026-05-03,34,0
coco,2026-05-03,35,0
coco,2026-05-03,36,0
coco,2026-05-03,37,0
coco,2026-05-03,38,0
coco,2026-05-03,39,0
coco,2026-05-03,40,64
coco,2026-05-03,41,0
coco,2026-05-03,42,0
coco,2026-05-03,43,0
coco,2026-05-03,44,0
coco,2026-05-03,45,2
coco,2026-05-03,46,3
coco,2026-05-03,47,0
coco,2026-05-04,0,0
coco,2026-05-04,1,0
coco,2026-05-04,2,0
coco,2026-05-04,3,0
coco,2026-05-04,4,0
coco,2026-05-04,5,0
coco,2026-05-04,6,0
coco,2026-05-04,7,0
coco,2026-05-04,8,0
coco,2026-05-04,9,0
coco,2026-05-04,10,0
coco,2026-05-04,11,0
coco,2026-05-04,12,0
coco,2026-05-04,13,0
coco,2026-05-04,14,0
coco,2026-05-04,15,0
coco,2026-05-04,16,0
coco,2026-05-04,17,5
coco,2026-05-04,18,0
coco,2026-05-04,19,0
coco,2026-05-04,20,0
coco,2026-05-04,21,0
coco,2026-05-04,22,26
coco,2026-05-04,23,0
coco,2026-05-04,24,1
coco,2026-05-04,25,5
coco,2026-05-04,26,12
coco,2026-05-04,27,3
coco,2026-05-04,28,0
coco,2026-05-04,29,0
coco,2026-05-04,30,27
coco,2026-05-04,31,60
coco,2026-05-04,32,0
coco,2026-05-04,33,0
coco,2026-05-04,34,0
coco,2026-05-04,35,39
coco,2026-05-04,36,0
coco,2026-05-04,37,0
coco,2026-05-04,38,21
coco,2026-05-04,39,0
coco,2026-05-04,40,8
coco,2026-05-04,41,7
coco,2026-05-04,42,5
coco,2026-05-04,43,0
coco,2026-05-04,44,0
coco,2026-05-04,45,1
coco,2026-05-04,46,0
coco,2026-05-04,47,0
coco,2026-05-05,0,0
coco,2026-05-05,1,0
coco,2026-05-05,2,0
coco,2026-05-05,3,0
coco,2026-05-05,4,0
coco,2026-05-05,5,0
coco,2026-05-05,6,0
coco,2026-05-05,7,0
coco,2026-05-05,8,0
coco,2026-05-05,9,0
coco,2026-05-05,10,0
coco,2026-05-05,11,0
coco,2026-05-05,12,0
coco,2026-05-05,13,0
coco,2026-05-05,14,0
coco,2026-05-05,15,0
coco,2026-05-05,16,0
coco,2026-05-05,17,0
coco,2026-05-05,18,0
coco,2026-05-05,19,3
coco,2026-05-05,20,0
coco,2026-05-05,21,2
coco,2026-05-05,22,48
coco,2026-05-05,23,0
coco,2026-05-05,24,0
coco,2026-05-05,25,0
coco,2026-05-05,26,0
coco,2026-05-05,27,6
coco,2026-05-05,28,0
coco,2026-05-05,29,0
coco,2026-05-05,30,0
coco,2026-05-05,31,0
coco,2026-05-05,32,1
coco,2026-05-05,33,0
coco,2026-05-05,34,0
coco,2026-05-05,35,0
coco,2026-05-05,36,0
coco,2026-05-05,37,0
coco,2026-05-05,38,0
coco,2026-05-05,39,18
coco,2026-05-05,40,3
coco,2026-05-05,41,45
coco,2026-05-05,42,2
coco,2026-05-05,43,0
coco,2026-05-05,44,0
coco,2026-05-05,45,0
coco,2026-05-05,46,0
coco,2026-05-05,47,0
coco,2026-05-06,0,1
coco,2026-05-06,1,3
coco,2026-05-06,2,0
coco,2026-05-06,3,0
coco,2026-05-06,4,0
coco,2026-05-06,5,0
coco,2026-05-06,6,0
coco,2026-05-06,7,0
coco,2026-05-06,8,0
coco,2026-05-06,9,0
coco,2026-05-06,10,0
coco,2026-05-06,11,0
coco,2026-05-06,12,0
coco,2026-05-06,13,0
coco,2026-05-06,14,0
coco,2026-05-06,15,0
coco,2026-05-06,16,0
coco,2026-05-06,17,0
coco,2026-05-06,18,0
coco,2026-05-06,19,6
coco,2026-05-06,20,47
coco,2026-05-06,21,0
coco,2026-05-06,22,1
coco,2026-05-06,23,0
coco,2026-05-06,24,0
coco,2026-05-06,25,0
coco,2026-05-06,26,3
coco,2026-05-06,27,0
coco,2026-05-06,28,0
coco,2026-05-06,29,0
coco,2026-05-06,30,2
coco,2026-05-06,31,0
coco,2026-05-06,32,0
coco,2026-05-06,33,0
coco,2026-05-06,34,6
coco,2026-05-06,35,5
coco,2026-05-06,36,4
coco,2026-05-06,37,3
coco,2026-05-06,38,3
coco,2026-05-06,39,13
coco,2026-05-06,40,52
coco,2026-05-06,41,186
coco,2026-05-06,42,69
coco,2026-05-06,43,0
coco,2026-05-06,44,0
coco,2026-05-06,45,0
coco,2026-05-06,46,2
coco,2026-05-06,47,0
coco,2026-05-07,0,0
coco,2026-05-07,1,0
coco,2026-05-07,2,0
coco,2026-05-07,3,0
coco,2026-05-07,4,0
coco,2026-05-07,5,0
coco,2026-05-07,6,0
coco,2026-05-07,7,0
coco,2026-05-07,8,0
coco,2026-05-07,9,0
coco,2026-05-07,10,0
coco,2026-05-07,11,0
coco,2026-05-07,12,0
coco,2026-05-07,13,0
coco,2026-05-07,14,0
coco,2026-05-07,15,0
coco,2026-05-07,16,0
coco,2026-05-07,17,0
coco,2026-05-07,18,137
coco,2026-05-07,19,25
coco,2026-05-07,20,0
coco,2026-05-07,21,0
coco,2026-05-07,22,51
coco,2026-05-07,23,0
coco,2026-05-07,24,0
coco,2026-05-07,25,0
coco,2026-05-07,26,0
coco,2026-05-07,27,2
coco,2026-05-07,28,0
coco,2026-05-07,29,0
coco,2026-05-07,30,0
coco,2026-05-07,31,3
coco,2026-05-07,32,3
coco,2026-05-07,33,0
coco,2026-05-07,34,0
coco,2026-05-07,35,0
coco,2026-05-07,36,0
coco,2026-05-07,37,51
coco,2026-05-07,38,0
coco,2026-05-07,39,5
coco,2026-05-07,40,0
coco,2026-05-07,41,0
coco,2026-05-07,42,0
coco,2026-05-07,43,0
coco,2026-05-07,44,0
coco,2026-05-07,45,1
coco,2026-05-07,46,5
coco,2026-05-07,47,0
coco,2026-05-08,0,0
coco,2026-05-08,1,0
coco,2026-05-08,2,0
coco,2026-05-08,3,0
coco,2026-05-08,4,0
coco,2026-05-08,5,0
coco,2026-05-08,6,0
coco,2026-05-08,7,0
coco,2026-05-08,8,0
coco,2026-05-08,9,0
coco,2026-05-08,10,0
coco,2026-05-08,11,0
coco,2026-05-08,12,0
coco,2026-05-08,13,0
coco,2026-05-08,14,0
coco,2026-05-08,15,0
coco,2026-05-08,16,0
coco,2026-05-08,17,1
coco,2026-05-08,18,43
coco,2026-05-08,19,127
coco,2026-05-08,20,0
coco,2026-05-08,21,32
coco,2026-05-08,22,0
coco,2026-05-08,23,0
coco,2026-05-08,24,0
coco,2026-05-08,25,0
coco,2026-05-08,26,0
coco,2026-05-08,27,0
coco,2026-05-08,28,27
coco,2026-05-08,29,0
coco,2026-05-08,30,1
coco,2026-05-08,31,0
coco,2026-05-08,32,50
coco,2026-05-08,33,0
coco,2026-05-08,34,8
coco,2026-05-08,35,1
coco,2026-05-08,36,0
coco,2026-05-08,37,1
coco,2026-05-08,38,5
coco,2026-05-08,39,9
coco,2026-05-08,40,0
coco,2026-05-08,41,0
coco,2026-05-08,42,0
coco,2026-05-08,43,0
coco,2026-05-08,44,0
coco,2026-05-08,45,0
coco,2026-05-08,46,0
coco,2026-05-08,47,0
coco,2026-05-09,0,0
coco,2026-05-09,1,2
coco,2026-05-09,2,0
coco,2026-05-09,3,0
coco,2026-05-09,4,0
coco,2026-05-09,5,0
coco,2026-05-09,6,0
coco,2026-05-09,7,0
coco,2026-05-09,8,0
coco,2026-05-09,9,0
coco,2026-05-09,10,0
coco,2026-05-09,11,0
coco,2026-05-09,12,0
coco,2026-05-09,13,0
coco,2026-05-09,14,0
coco,2026-05-09,15,0
coco,2026-05-09,16,0
coco,2026-05-09,17,0
coco,2026-05-09,18,0
coco,2026-05-09,19,0
coco,2026-05-09,20,0
coco,2026-05-09,21,3
coco,2026-05-09,22,0
coco,2026-05-09,23,0
coco,2026-05-09,24,6
coco,2026-05-09,25,0
coco,2026-05-09,26,0
coco,2026-05-09,27,0
coco,2026-05-09,28,0
coco,2026-05-09,29,0
coco,2026-05-09,30,0
coco,2026-05-09,31,0
coco,2026-05-09,32,0
coco,2026-05-09,33,1
coco,2026-05-09,34,0
coco,2026-05-09,35,0
coco,2026-05-09,36,0
coco,2026-05-09,37,12
coco,2026-05-09,38,19
coco,2026-05-09,39,0
coco,2026-05-09,40,0
coco,2026-05-09,41,0
coco,2026-05-09,42,0
coco,2026-05-09,43,0
coco,2026-05-09,44,0
coco,2026-05-09,45,0
coco,2026-05-09,46,0
coco,2026-05-09,47,0
coco,2026-05-10,0,0
coco,2026-05-10,1,0
coco,2026-05-10,2,0
coco,2026-05-10,3,0
coco,2026-05-10,4,0
coco,2026-05-10,5,0
coco,2026-05-10,6,0
coco,2026-05-10,7,0
coco,2026-05-10,8,0
coco,2026-05-10,9,0
coco,2026-05-10,10,0
coco,2026-05-10,11,0
coco,2026-05-10,12,0
coco,2026-05-10,13,0
coco,2026-05-10,14,0
coco,2026-05-10,15,0
coco,2026-05-10,16,0
coco,2026-05-10,17,0
coco,2026-05-10,18,0
coco,2026-05-10,19,0
coco,2026-05-10,20,0
coco,2026-05-10,21,0
coco,2026-05-10,22,0
coco,2026-05-10,23,0
coco,2026-05-10,24,0
coco,2026-05-10,25,0
coco,2026-05-10,26,0
coco,2026-05-10,27,0
coco,2026-05-10,28,0
coco,2026-05-10,29,0
coco,2026-05-10,30,0
coco,2026-05-10,31,0
coco,2026-05-10,32,1
coco,2026-05-10,33,2
coco,2026-05-10,34,5
coco,2026-05-10,35,2
coco,2026-05-10,36,225
coco,2026-05-10,37,50
coco,2026-05-10,38,2
coco,2026-05-10,39,10
coco,2026-05-10,40,80
coco,2026-05-10,41,58
coco,2026-05-10,42,0
coco,2026-05-10,43,0
coco,2026-05-10,44,0
coco,2026-05-10,45,0
coco,2026-05-10,46,0
coco,2026-05-10,47,0
coco,2026-05-11,0,0
coco,2026-05-11,1,0
coco,2026-05-11,2,0
coco,2026-05-11,3,0
coco,2026-05-11,4,0
coco,2026-05-11,5,0
coco,2026-05-11,6,0
coco,2026-05-11,7,0
coco,2026-05-11,8,0
coco,2026-05-11,9,0
coco,2026-05-11,10,0
coco,2026-05-11,11,0
coco,2026-05-11,12,0
coco,2026-05-11,13,0
coco,2026-05-11,14,0
coco,2026-05-11,15,0
coco,2026-05-11,16,0
coco,2026-05-11,17,0
coco,2026-05-11,18,0
coco,2026-05-11,19,0
coco,2026-05-11,20,7
coco,2026-05-11,21,6
coco,2026-05-11,22,1
coco,2026-05-11,23,1
coco,2026-05-11,24,77
coco,2026-05-11,25,3
coco,2026-05-11,26,67
coco,2026-05-11,27,0
coco,2026-05-11,28,0
coco,2026-05-11,29,0
coco,2026-05-11,30,0
coco,2026-05-11,31,1
coco,2026-05-11,32,1
coco,2026-05-11,33,2
coco,2026-05-11,34,3
coco,2026-05-11,35,0
coco,2026-05-11,36,250
coco,2026-05-11,37,3
coco,2026-05-11,38,2
coco,2026-05-11,39,24
coco,2026-05-11,40,7
coco,2026-05-11,41,169
coco,2026-05-11,42,0
coco,2026-05-11,43,0
coco,2026-05-11,44,0
coco,2026-05-11,45,0
coco,2026-05-11,46,0
coco,2026-05-11,47,0
coco,2026-05-12,0,0
coco,2026-05-12,1,0
coco,2026-05-12,2,0
coco,2026-05-12,3,0
coco,2026-05-12,4,0
coco,2026-05-12,5,0
coco,2026-05-12,6,0
coco,2026-05-12,7,0
coco,2026-05-12,8,0
coco,2026-05-12,9,0
coco,2026-05-12,10,0
coco,2026-05-12,11,0
coco,2026-05-12,12,0
coco,2026-05-12,13,0
coco,2026-05-12,14,0
coco,2026-05-12,15,0
coco,2026-05-12,16,62
coco,2026-05-12,17,0
coco,2026-05-12,18,0
coco,2026-05-12,19,0
coco,2026-05-12,20,0
coco,2026-05-12,21,0
coco,2026-05-12,22,0
coco,2026-05-12,23,0
coco,2026-05-12,24,0
coco,2026-05-12,25,1
coco,2026-05-12,26,9
coco,2026-05-12,27,1
coco,2026-05-12,28,0
coco,2026-05-12,29,0
coco,2026-05-12,30,0
coco,2026-05-12,31,0
coco,2026-05-12,32,1
coco,2026-05-12,33,1
coco,2026-05-12,34,1
coco,2026-05-12,35,0
coco,2026-05-12,36,0
coco,2026-05-12,37,0
coco,2026-05-12,38,0
coco,2026-05-12,39,3
coco,2026-05-12,40,0
coco,2026-05-12,41,2
coco,2026-05-12,42,0
coco,2026-05-12,43,0
coco,2026-05-12,44,0
coco,2026-05-12,45,0
coco,2026-05-12,46,0
coco,2026-05-12,47,0
coco,2026-05-13,0,0
coco,2026-05-13,1,0
coco,2026-05-13,2,0
coco,2026-05-13,3,0
coco,2026-05-13,4,0
coco,2026-05-13,5,0
coco,2026-05-13,6,0
coco,2026-05-13,7,0
coco,2026-05-13,8,0
coco,2026-05-13,9,0
coco,2026-05-13,10,0
coco,2026-05-13,11,0
coco,2026-05-13,12,0
coco,2026-05-13,13,0
coco,2026-05-13,14,0
coco,2026-05-13,15,0
coco,2026-05-13,16,0
coco,2026-05-13,17,0
coco,2026-05-13,18,0
coco,2026-05-13,19,25
coco,2026-05-13,20,0
coco,2026-05-13,21,0
coco,2026-05-13,22,0
coco,2026-05-13,23,0
coco,2026-05-13,24,0
coco,2026-05-13,25,125
coco,2026-05-13,26,55
coco,2026-05-13,27,0
coco,2026-05-13,28,2
coco,2026-05-13,29,0
coco,2026-05-13,30,0
coco,2026-05-13,31,0
coco,2026-05-13,32,0
coco,2026-05-13,33,0
coco,2026-05-13,34,1
coco,2026-05-13,35,0
coco,2026-05-13,36,3
coco,2026-05-13,37,1
coco,2026-05-13,38,0
coco,2026-05-13,39,4
coco,2026-05-13,40,1
coco,2026-05-13,41,58
coco,2026-05-13,42,0
coco,2026-05-13,43,0
coco,2026-05-13,44,0
coco,2026-05-13,45,0
coco,2026-05-13,46,0
coco,2026-05-13,47,1
coco,2026-05-14,0,0
coco,2026-05-14,1,0
coco,2026-05-14,2,0
coco,2026-05-14,3,0
coco,2026-05-14,4,0
coco,2026-05-14,5,0
coco,2026-05-14,6,0
coco,2026-05-14,7,0
coco,2026-05-14,8,0
coco,2026-05-14,9,0
coco,2026-05-14,10,0
coco,2026-05-14,11,0
coco,2026-05-14,12,0
coco,2026-05-14,13,0
coco,2026-05-14,14,0
coco,2026-05-14,15,0
coco,2026-05-14,16,0
coco,2026-05-14,17,0
coco,2026-05-14,18,0
coco,2026-05-14,19,0
coco,2026-05-14,20,1
coco,2026-05-14,21,0
coco,2026-05-14,22,0
coco,2026-05-14,23,0
coco,2026-05-14,24,45
coco,2026-05-14,25,1
coco,2026-05-14,26,120
coco,2026-05-14,27,31
coco,2026-05-14,28,0
coco,2026-05-14,29,45
coco,2026-05-14,30,0
coco,2026-05-14,31,1
coco,2026-05-14,32,5
coco,2026-05-14,33,0
coco,2026-05-14,34,0
coco,2026-05-14,35,0
coco,2026-05-14,36,0
coco,2026-05-14,37,42
coco,2026-05-14,38,0
coco,2026-05-14,39,0
coco,2026-05-14,40,22
coco,2026-05-14,41,0
coco,2026-05-14,42,0
coco,2026-05-14,43,14
coco,2026-05-14,44,0
coco,2026-05-14,45,0
coco,2026-05-14,46,0
coco,2026-05-14,47,0
coco,2026-05-15,0,0
coco,2026-05-15,1,0
coco,2026-05-15,2,0
coco,2026-05-15,3,62
coco,2026-05-15,4,0
coco,2026-05-15,5,0
coco,2026-05-15,6,0
coco,2026-05-15,7,0
coco,2026-05-15,8,0
coco,2026-05-15,9,0
coco,2026-05-15,10,0
coco,2026-05-15,11,0
coco,2026-05-15,12,0
coco,2026-05-15,13,0
coco,2026-05-15,14,0
coco,2026-05-15,15,0
coco,2026-05-15,16,0
coco,2026-05-15,17,0
coco,2026-05-15,18,6
coco,2026-05-15,19,2
coco,2026-05-15,20,0
coco,2026-05-15,21,0
coco,2026-05-15,22,0
coco,2026-05-15,23,3
coco,2026-05-15,24,0
coco,2026-05-15,25,163
coco,2026-05-15,26,100
coco,2026-05-15,27,2
coco,2026-05-15,28,1
coco,2026-05-15,29,0
coco,2026-05-15,30,0
coco,2026-05-15,31,0
coco,2026-05-15,32,0
coco,2026-05-15,33,3
coco,2026-05-15,34,0
coco,2026-05-15,35,0
coco,2026-05-15,36,0
coco,2026-05-15,37,41
coco,2026-05-15,38,2
coco,2026-05-15,39,0
coco,2026-05-15,40,0
coco,2026-05-15,41,0
coco,2026-05-15,42,17
coco,2026-05-15,43,1
coco,2026-05-15,44,1
coco,2026-05-15,45,2
coco,2026-05-15,46,5
coco,2026-05-15,47,0
coco,2026-05-16,0,0
coco,2026-05-16,1,0
coco,2026-05-16,2,0
coco,2026-05-16,3,0
coco,2026-05-16,4,2
coco,2026-05-16,5,0
coco,2026-05-16,6,0
coco,2026-05-16,7,0
coco,2026-05-16,8,0
coco,2026-05-16,9,0
coco,2026-05-16,10,0
coco,2026-05-16,11,0
coco,2026-05-16,12,0
coco,2026-05-16,13,0
coco,2026-05-16,14,0
coco,2026-05-16,15,0
coco,2026-05-16,16,0
coco,2026-05-16,17,0
coco,2026-05-16,18,0
coco,2026-05-16,19,152
coco,2026-05-16,20,18
coco,2026-05-16,21,1
coco,2026-05-16,22,0
coco,2026-05-16,23,0
coco,2026-05-16,24,0
coco,2026-05-16,25,1
coco,2026-05-16,26,127
coco,2026-05-16,27,0
coco,2026-05-16,28,0
coco,2026-05-16,29,2
coco,2026-05-16,30,1
coco,2026-05-16,31,0
coco,2026-05-16,32,0
coco,2026-05-16,33,12
coco,2026-05-16,34,0
coco,2026-05-16,35,10
coco,2026-05-16,36,2
coco,2026-05-16,37,7
coco,2026-05-16,38,0
coco,2026-05-16,39,0
coco,2026-05-16,40,50
coco,2026-05-16,41,98
coco,2026-05-16,42,0
coco,2026-05-16,43,0
coco,2026-05-16,44,0
coco,2026-05-16,45,0
coco,2026-05-16,46,0
coco,2026-05-16,47,0
coco,2026-05-17,0,1
coco,2026-05-17,1,0
coco,2026-05-17,2,0
coco,2026-05-17,3,0
coco,2026-05-17,4,0
coco,2026-05-17,5,0
coco,2026-05-17,6,0
coco,2026-05-17,7,0
coco,2026-05-17,8,0
coco,2026-05-17,9,0
coco,2026-05-17,10,0
coco,2026-05-17,11,0
coco,2026-05-17,12,0
coco,2026-05-17,13,0
coco,2026-05-17,14,0
coco,2026-05-17,15,0
coco,2026-05-17,16,0
coco,2026-05-17,17,15
coco,2026-05-17,18,0
coco,2026-05-17,19,0
coco,2026-05-17,20,0
coco,2026-05-17,21,0
coco,2026-05-17,22,0
coco,2026-05-17,23,0
coco,2026-05-17,24,32
coco,2026-05-17,25,0
coco,2026-05-17,26,12
coco,2026-05-17,27,22
coco,2026-05-17,28,0
coco,2026-05-17,29,0
coco,2026-05-17,30,0
coco,2026-05-17,31,1
coco,2026-05-17,32,0
coco,2026-05-17,33,21
coco,2026-05-17,34,0
coco,2026-05-17,35,11
coco,2026-05-17,36,0
coco,2026-05-17,37,0
coco,2026-05-17,38,0
coco,2026-05-17,39,0
coco,2026-05-17,40,0
coco,2026-05-17,41,0
coco,2026-05-17,42,0
coco,2026-05-17,43,0
coco,2026-05-17,44,0
coco,2026-05-17,45,3
coco,2026-05-17,46,0
coco,2026-05-17,47,0
coco,2026-05-18,0,21
coco,2026-05-18,1,11
coco,2026-05-18,2,0
coco,2026-05-18,3,0
coco,2026-05-18,4,0
coco,2026-05-18,5,0
coco,2026-05-18,6,0
coco,2026-05-18,7,0
coco,2026-05-18,8,0
coco,2026-05-18,9,0
coco,2026-05-18,10,0
coco,2026-05-18,11,0
coco,2026-05-18,12,0
coco,2026-05-18,13,0
coco,2026-05-18,14,0
coco,2026-05-18,15,0
coco,2026-05-18,16,0
coco,2026-05-18,17,0
coco,2026-05-18,18,1
coco,2026-05-18,19,0
coco,2026-05-18,20,60
coco,2026-05-18,21,0
coco,2026-05-18,22,0
coco,2026-05-18,23,1
coco,2026-05-18,24,0
coco,2026-05-18,25,0
coco,2026-05-18,26,4
coco,2026-05-18,27,0
coco,2026-05-18,28,0
coco,2026-05-18,29,1
coco,2026-05-18,30,2
coco,2026-05-18,31,0
coco,2026-05-18,32,0
coco,2026-05-18,33,0
coco,2026-05-18,34,0
coco,2026-05-18,35,4
coco,2026-05-18,36,6
coco,2026-05-18,37,0
coco,2026-05-18,38,0
coco,2026-05-18,39,6
coco,2026-05-18,40,26
coco,2026-05-18,41,33
coco,2026-05-18,42,19
coco,2026-05-18,43,0
coco,2026-05-18,44,0
coco,2026-05-18,45,0
coco,2026-05-18,46,0
coco,2026-05-18,47,0
coco,2026-05-19,0,0
coco,2026-05-19,1,0
coco,2026-05-19,2,0
coco,2026-05-19,3,0
coco,2026-05-19,4,0
coco,2026-05-19,5,0
coco,2026-05-19,6,0
coco,2026-05-19,7,0
coco,2026-05-19,8,0
coco,2026-05-19,9,0
coco,2026-05-19,10,0
coco,2026-05-19,11,0
coco,2026-05-19,12,0
coco,2026-05-19,13,0
coco,2026-05-19,14,0
coco,2026-05-19,15,0
coco,2026-05-19,16,0
coco,2026-05-19,17,0
coco,2026-05-19,18,0
coco,2026-05-19,19,0
coco,2026-05-19,20,0
coco,2026-05-19,21,9
coco,2026-05-19,22,0
coco,2026-05-19,23,0
coco,2026-05-19,24,1
coco,2026-05-19,25,1
coco,2026-05-19,26,1
coco,2026-05-19,27,0
coco,2026-05-19,28,0
coco,2026-05-19,29,0
coco,2026-05-19,30,0
coco,2026-05-19,31,0
coco,2026-05-19,32,0
coco,2026-05-19,33,1
coco,2026-05-19,34,1
coco,2026-05-19,35,0
coco,2026-05-19,36,0
coco,2026-05-19,37,1
coco,2026-05-19,38,6
coco,2026-05-19,39,223
coco,2026-05-19,40,27
coco,2026-05-19,41,51
coco,2026-05-19,42,0
coco,2026-05-19,43,1
coco,2026-05-19,44,0
coco,2026-05-19,45,0
coco,2026-05-19,46,0
coco,2026-05-19,47,22
coco,2026-05-20,0,0
coco,2026-05-20,1,0
coco,2026-05-20,2,0
coco,2026-05-20,3,0
coco,2026-05-20,4,0
coco,2026-05-20,5,0
coco,2026-05-20,6,0
coco,2026-05-20,7,0
coco,2026-05-20,8,0
coco,2026-05-20,9,0
coco,2026-05-20,10,0
coco,2026-05-20,11,0
coco,2026-05-20,12,0
coco,2026-05-20,13,0
coco,2026-05-20,14,0
coco,2026-05-20,15,0
coco,2026-05-20,16,36
coco,2026-05-20,17,0
coco,2026-05-20,18,0
coco,2026-05-20,19,0
coco,2026-05-20,20,0
coco,2026-05-20,21,0
coco,2026-05-20,22,2
coco,2026-05-20,23,1
coco,2026-05-20,24,20
coco,2026-05-20,25,0
coco,2026-05-20,26,2
coco,2026-05-20,27,0
coco,2026-05-20,28,0
coco,2026-05-20,29,0
coco,2026-05-20,30,0
coco,2026-05-20,31,0
coco,2026-05-20,32,0
coco,2026-05-20,33,0
coco,2026-05-20,34,0
coco,2026-05-20,35,0
coco,2026-05-20,36,0
coco,2026-05-20,37,26
coco,2026-05-20,38,5
coco,2026-05-20,39,0
coco,2026-05-20,40,0
coco,2026-05-20,41,8
coco,2026-05-20,42,74
coco,2026-05-20,43,1
coco,2026-05-20,44,0
coco,2026-05-20,45,0
coco,2026-05-20,46,0
coco,2026-05-20,47,0
coco,2026-05-21,0,0
coco,2026-05-21,1,0
coco,2026-05-21,2,0
coco,2026-05-21,3,5
coco,2026-05-21,4,0
coco,2026-05-21,5,0
coco,2026-05-21,6,0
coco,2026-05-21,7,0
coco,2026-05-21,8,0
coco,2026-05-21,9,0
coco,2026-05-21,10,0
coco,2026-05-21,11,0
coco,2026-05-21,12,0
coco,2026-05-21,13,0
coco,2026-05-21,14,0
coco,2026-05-21,15,0
coco,2026-05-21,16,0
coco,2026-05-21,17,0
coco,2026-05-21,18,0
coco,2026-05-21,19,0
coco,2026-05-21,20,0
coco,2026-05-21,21,7
coco,2026-05-21,22,31
coco,2026-05-21,23,1
coco,2026-05-21,24,0
coco,2026-05-21,25,0
coco,2026-05-21,26,0
coco,2026-05-21,27,0
coco,2026-05-21,28,0
coco,2026-05-21,29,3
coco,2026-05-21,30,0
coco,2026-05-21,31,0
coco,2026-05-21,32,0
coco,2026-05-21,33,0
coco,2026-05-21,34,0
coco,2026-05-21,35,0
coco,2026-05-21,36,0
coco,2026-05-21,37,0
coco,2026-05-21,38,0
coco,2026-05-21,39,58
coco,2026-05-21,40,17
coco,2026-05-21,41,0
coco,2026-05-21,42,7
coco,2026-05-21,43,53
coco,2026-05-21,44,3
coco,2026-05-21,45,0
coco,2026-05-21,46,0
coco,2026-05-21,47,2
coco,2026-05-22,0,0
coco,2026-05-22,1,0
coco,2026-05-22,2,0
coco,2026-05-22,3,0
coco,2026-05-22,4,0
coco,2026-05-22,5,0
coco,2026-05-22,6,0
coco,2026-05-22,7,0
coco,2026-05-22,8,0
coco,2026-05-22,9,0
coco,2026-05-22,10,0
coco,2026-05-22,11,0
coco,2026-05-22,12,0
coco,2026-05-22,13,0
coco,2026-05-22,14,0
coco,2026-05-22,15,0
coco,2026-05-22,16,0
coco,2026-05-22,17,0
coco,2026-05-22,18,0
coco,2026-05-22,19,0
coco,2026-05-22,20,0
coco,2026-05-22,21,0
coco,2026-05-22,22,0
coco,2026-05-22,23,0
coco,2026-05-22,24,0
coco,2026-05-22,25,0
coco,2026-05-22,26,0
coco,2026-05-22,27,56
coco,2026-05-22,28,10
coco,2026-05-22,29,0
coco,2026-05-22,30,0
coco,2026-05-22,31,0
coco,2026-05-22,32,0
coco,2026-05-22,33,0
coco,2026-05-22,34,0
coco,2026-05-22,35,0
coco,2026-05-22,36,0
coco,2026-05-22,37,0
coco,2026-05-22,38,0
coco,2026-05-22,39,2
coco,2026-05-22,40,0
coco,2026-05-22,41,0
coco,2026-05-22,42,0
coco,2026-05-22,43,0
coco,2026-05-22,44,0
coco,2026-05-22,45,0
coco,2026-05-22,46,0
coco,2026-05-22,47,0
coco,2026-05-23,0,0
coco,2026-05-23,1,0
coco,2026-05-23,2,0
coco,2026-05-23,3,3
coco,2026-05-23,4,0
coco,2026-05-23,5,0
coco,2026-05-23,6,0
coco,2026-05-23,7,0
coco,2026-05-23,8,0
coco,2026-05-23,9,0
coco,2026-05-23,10,0
coco,2026-05-23,11,0
coco,2026-05-23,12,0
coco,2026-05-23,13,0
coco,2026-05-23,14,0
coco,2026-05-23,15,0
coco,2026-05-23,16,20
coco,2026-05-23,17,0
coco,2026-05-23,18,0
coco,2026-05-23,19,0
coco,2026-05-23,20,0
coco,2026-05-23,21,0
coco,2026-05-23,22,0
coco,2026-05-23,23,0
coco,2026-05-23,24,1
coco,2026-05-23,25,16
coco,2026-05-23,26,0
coco,2026-05-23,27,0
coco,2026-05-23,28,0
coco,2026-05-23,29,0
coco,2026-05-23,30,0
coco,2026-05-23,31,0
coco,2026-05-23,32,0
coco,2026-05-23,33,0
coco,2026-05-23,34,0
coco,2026-05-23,35,1
coco,2026-05-23,36,71
coco,2026-05-23,37,0
coco,2026-05-23,38,0
coco,2026-05-23,39,0
coco,2026-05-23,40,0
coco,2026-05-23,41,4
coco,2026-05-23,42,1
coco,2026-05-23,43,59
coco,2026-05-23,44,0
coco,2026-05-23,45,0
coco,2026-05-23,46,0
coco,2026-05-23,47,0
coco,2026-05-24,0,0
coco,2026-05-24,1,0
coco,2026-05-24,2,0
coco,2026-05-24,3,0
coco,2026-05-24,4,0
coco,2026-05-24,5,0
coco,2026-05-24,6,0
coco,2026-05-24,7,0
coco,2026-05-24,8,0
coco,2026-05-24,9,0
coco,2026-05-24,10,0
coco,2026-05-24,11,0
coco,2026-05-24,12,0
coco,2026-05-24,13,0
coco,2026-05-24,14,0
coco,2026-05-24,15,0
coco,2026-05-24,16,0
coco,2026-05-24,17,0
coco,2026-05-24,18,0
coco,2026-05-24,19,0
coco,2026-05-24,20,0
coco,2026-05-24,21,0
coco,2026-05-24,22,0
coco,2026-05-24,23,0
coco,2026-05-24,24,0
coco,2026-05-24,25,0
coco,2026-05-24,26,75
coco,2026-05-24,27,56
coco,2026-05-24,28,95
coco,2026-05-24,29,0
coco,2026-05-24,30,0
coco,2026-05-24,31,0
coco,2026-05-24,32,0
coco,2026-05-24,33,0
coco,2026-05-24,34,8
coco,2026-05-24,35,0
coco,2026-05-24,36,0
coco,2026-05-24,37,0
coco,2026-05-24,38,0
coco,2026-05-24,39,0
coco,2026-05-24,40,73
coco,2026-05-24,41,0
coco,2026-05-24,42,8
coco,2026-05-24,43,45
coco,2026-05-24,44,16
coco,2026-05-24,45,0
coco,2026-05-24,46,0
coco,2026-05-24,47,0
coco,2026-05-25,0,0
coco,2026-05-25,1,0
coco,2026-05-25,2,0
coco,2026-05-25,3,0
coco,2026-05-25,4,0
coco,2026-05-25,5,0
coco,2026-05-25,6,0
coco,2026-05-25,7,0
coco,2026-05-25,8,0
coco,2026-05-25,9,0
coco,2026-05-25,10,0
coco,2026-05-25,11,0
coco,2026-05-25,12,0
coco,2026-05-25,13,1
coco,2026-05-25,14,0
coco,2026-05-25,15,0
coco,2026-05-25,16,0
coco,2026-05-25,17,0
coco,2026-05-25,18,0
coco,2026-05-25,19,0
coco,2026-05-25,20,0
coco,2026-05-25,21,3
coco,2026-05-25,22,0
coco,2026-05-25,23,0
coco,2026-05-25,24,0
coco,2026-05-25,25,0
coco,2026-05-25,26,12
coco,2026-05-25,27,63
coco,2026-05-25,28,0
coco,2026-05-25,29,0
coco,2026-05-25,30,0
coco,2026-05-25,31,0
coco,2026-05-25,32,0
coco,2026-05-25,33,0
coco,2026-05-25,34,0
coco,2026-05-25,35,3
coco,2026-05-25,36,26
coco,2026-05-25,37,0
coco,2026-05-25,38,99
coco,2026-05-25,39,13
coco,2026-05-25,40,0
coco,2026-05-25,41,2
coco,2026-05-25,42,1
coco,2026-05-25,43,1
coco,2026-05-25,44,5
coco,2026-05-25,45,0
coco,2026-05-25,46,0
coco,2026-05-25,47,0
coco,2026-05-26,0,0
coco,2026-05-26,1,0
coco,2026-05-26,2,2
coco,2026-05-26,3,0
coco,2026-05-26,4,0
coco,2026-05-26,5,0
coco,2026-05-26,6,0
coco,2026-05-26,7,0
coco,2026-05-26,8,0
coco,2026-05-26,9,0
coco,2026-05-26,10,0
coco,2026-05-26,11,0
coco,2026-05-26,12,0
coco,2026-05-26,13,0
coco,2026-05-26,14,0
coco,2026-05-26,15,0
coco,2026-05-26,16,0
coco,2026-05-26,17,0
coco,2026-05-26,18,0
coco,2026-05-26,19,0
coco,2026-05-26,20,0
coco,2026-05-26,21,42
coco,2026-05-26,22,0
coco,2026-05-26,23,0
coco,2026-05-26,24,3
coco,2026-05-26,25,1
coco,2026-05-26,26,0
coco,2026-05-26,27,0
coco,2026-05-26,28,0
coco,2026-05-26,29,0
coco,2026-05-26,30,1
coco,2026-05-26,31,0
coco,2026-05-26,32,1
coco,2026-05-26,33,1
coco,2026-05-26,34,96
coco,2026-05-26,35,0
coco,2026-05-26,36,0
coco,2026-05-26,37,0
coco,2026-05-26,38,0
coco,2026-05-26,39,4
coco,2026-05-26,40,84
coco,2026-05-26,41,148
coco,2026-05-26,42,11
coco,2026-05-26,43,14
coco,2026-05-26,44,2
coco,2026-05-26,45,0
coco,2026-05-26,46,0
coco,2026-05-26,47,0
coco,2026-05-27,0,0
coco,2026-05-27,1,0
coco,2026-05-27,2,0
coco,2026-05-27,3,0
coco,2026-05-27,4,0
coco,2026-05-27,5,0
coco,2026-05-27,6,0
coco,2026-05-27,7,0
coco,2026-05-27,8,0
coco,2026-05-27,9,0
coco,2026-05-27,10,0
coco,2026-05-27,11,0
coco,2026-05-27,12,0
coco,2026-05-27,13,0
coco,2026-05-27,14,0
coco,2026-05-27,15,0
coco,2026-05-27,16,0
coco,2026-05-27,17,0
coco,2026-05-27,18,0
coco,2026-05-27,19,29
coco,2026-05-27,20,0
coco,2026-05-27,21,3
coco,2026-05-27,22,3
coco,2026-05-27,23,0
coco,2026-05-27,24,1
coco,2026-05-27,25,0
coco,2026-05-27,26,0
coco,2026-05-27,27,0
coco,2026-05-27,28,2
coco,2026-05-27,29,8
coco,2026-05-27,30,0
coco,2026-05-27,31,15
coco,2026-05-27,32,0
coco,2026-05-27,33,0
coco,2026-05-27,34,0
coco,2026-05-27,35,0
coco,2026-05-27,36,0
coco,2026-05-27,37,0
coco,2026-05-27,38,4
coco,2026-05-27,39,5
coco,2026-05-27,40,12
coco,2026-05-27,41,0
coco,2026-05-27,42,0
coco,2026-05-27,43,0
coco,2026-05-27,44,0
coco,2026-05-27,45,0
coco,2026-05-27,46,1
coco,2026-05-27,47,0
coco,2026-05-28,0,0
coco,2026-05-28,1,0
coco,2026-05-28,2,0
coco,2026-05-28,3,0
coco,2026-05-28,4,0
coco,2026-05-28,5,0
coco,2026-05-28,6,0
coco,2026-05-28,7,0
coco,2026-05-28,8,0
coco,2026-05-28,9,0
coco,2026-05-28,10,0
coco,2026-05-28,11,0
coco,2026-05-28,12,0
coco,2026-05-28,13,0
coco,2026-05-28,14,0
coco,2026-05-28,15,0
coco,2026-05-28,16,0
coco,2026-05-28,17,0
coco,2026-05-28,18,0
coco,2026-05-28,19,0
coco,2026-05-28,20,2
coco,2026-05-28,21,0
coco,2026-05-28,22,0
coco,2026-05-28,23,0
coco,2026-05-28,24,0
coco,2026-05-28,25,1
coco,2026-05-28,26,52
coco,2026-05-28,27,0
coco,2026-05-28,28,0
coco,2026-05-28,29,2
coco,2026-05-28,30,0
coco,2026-05-28,31,0
coco,2026-05-28,32,0
coco,2026-05-28,33,0
coco,2026-05-28,34,0
coco,2026-05-28,35,0
coco,2026-05-28,36,0
coco,2026-05-28,37,0
coco,2026-05-28,38,11
coco,2026-05-28,39,8
coco,2026-05-28,40,1
coco,2026-05-28,41,71
coco,2026-05-28,42,39
coco,2026-05-28,43,28
coco,2026-05-28,44,0
coco,2026-05-28,45,0
coco,2026-05-28,46,0
coco,2026-05-28,47,0
coco,2026-05-29,0,0
coco,2026-05-29,1,0
coco,2026-05-29,2,0
coco,2026-05-29,3,0
coco,2026-05-29,4,0
coco,2026-05-29,5,0
coco,2026-05-29,6,0
coco,2026-05-29,7,0
coco,2026-05-29,8,0
coco,2026-05-29,9,0
coco,2026-05-29,10,0
coco,2026-05-29,11,0
coco,2026-05-29,12,0
coco,2026-05-29,13,0
coco,2026-05-29,14,0
coco,2026-05-29,15,0
coco,2026-05-29,16,0
coco,2026-05-29,17,1
coco,2026-05-29,18,0
coco,2026-05-29,19,111
coco,2026-05-29,20,1
coco,2026-05-29,21,0
coco,2026-05-29,22,2
coco,2026-05-29,23,0
coco,2026-05-29,24,0
coco,2026-05-29,25,0
coco,2026-05-29,26,0
coco,2026-05-29,27,0
coco,2026-05-29,28,0
coco,2026-05-29,29,0
coco,2026-05-29,30,0
coco,2026-05-29,31,0
coco,2026-05-29,32,0
coco,2026-05-29,33,0
coco,2026-05-29,34,71
coco,2026-05-29,35,0
coco,2026-05-29,36,7
coco,2026-05-29,37,0
coco,2026-05-29,38,0
coco,2026-05-29,39,0
coco,2026-05-29,40,0
coco,2026-05-29,41,0
coco,2026-05-29,42,0
coco,2026-05-29,43,0
coco,2026-05-29,44,0
coco,2026-05-29,45,0
coco,2026-05-29,46,0
coco,2026-05-29,47,0
coco,2026-05-30,0,0
coco,2026-05-30,1,0
coco,2026-05-30,2,0
coco,2026-05-30,3,0
coco,2026-05-30,4,0
coco,2026-05-30,5,0
coco,2026-05-30,6,0
coco,2026-05-30,7,0
coco,2026-05-30,8,0
coco,2026-05-30,9,0
coco,2026-05-30,10,0
coco,2026-05-30,11,0
coco,2026-05-30,12,0
coco,2026-05-30,13,0
coco,2026-05-30,14,0
coco,2026-05-30,15,0
coco,2026-05-30,16,0
coco,2026-05-30,17,0
coco,2026-05-30,18,0
coco,2026-05-30,19,0
coco,2026-05-30,20,0
coco,2026-05-30,21,0
coco,2026-05-30,22,1
coco,2026-05-30,23,1
coco,2026-05-30,24,0
coco,2026-05-30,25,0
coco,2026-05-30,26,0
coco,2026-05-30,27,0
coco,2026-05-30,28,0
coco,2026-05-30,29,0
coco,2026-05-30,30,0
coco,2026-05-30,31,0
coco,2026-05-30,32,0
coco,2026-05-30,33,0
coco,2026-05-30,34,0
coco,2026-05-30,35,0
coco,2026-05-30,36,0
coco,2026-05-30,37,0
coco,2026-05-30,38,0
coco,2026-05-30,39,29
coco,2026-05-30,40,9
coco,2026-05-30,41,0
coco,2026-05-30,42,0
coco,2026-05-30,43,0
coco,2026-05-30,44,0
coco,2026-05-30,45,0
coco,2026-05-30,46,0
coco,2026-05-30,47,0
coco,2026-05-31,0,0
coco,2026-05-31,1,0
coco,2026-05-31,2,0
coco,2026-05-31,3,0
coco,2026-05-31,4,0
coco,2026-05-31,5,0
coco,2026-05-31,6,0
coco,2026-05-31,7,0
coco,2026-05-31,8,0
coco,2026-05-31,9,0
coco,2026-05-31,10,0
coco,2026-05-31,11,0
coco,2026-05-31,12,0
coco,2026-05-31,13,0
coco,2026-05-31,14,0
coco,2026-05-31,15,0
coco,2026-05-31,16,0
coco,2026-05-31,17,0
coco,2026-05-31,18,0
coco,2026-05-31,19,0
coco,2026-05-31,20,0
coco,2026-05-31,21,0
coco,2026-05-31,22,0
coco,2026-05-31,23,0
coco,2026-05-31,24,0
coco,2026-05-31,25,16
coco,2026-05-31,26,0
coco,2026-05-31,27,0
coco,2026-05-31,28,0
coco,2026-05-31,29,0
coco,2026-05-31,30,0
coco,2026-05-31,31,0
coco,2026-05-31,32,0
coco,2026-05-31,33,0
coco,2026-05-31,34,0
coco,2026-05-31,35,0
coco,2026-05-31,36,0
coco,2026-05-31,37,36
coco,2026-05-31,38,0
coco,2026-05-31,39,5
coco,2026-05-31,40,16
coco,2026-05-31,41,112
coco,2026-05-31,42,0
coco,2026-05-31,43,0
coco,2026-05-31,44,0
coco,2026-05-31,45,0
coco,2026-05-31,46,0
coco,2026-05-31,47,0
coco,2026-06-01,0,1
coco,2026-06-01,1,0
coco,2026-06-01,2,0
coco,2026-06-01,3,0
coco,2026-06-01,4,0
coco,2026-06-01,5,0
coco,2026-06-01,6,0
coco,2026-06-01,7,0
coco,2026-06-01,8,0
coco,2026-06-01,9,0
coco,2026-06-01,10,0
coco,2026-06-01,11,0
coco,2026-06-01,12,0
coco,2026-06-01,13,0
coco,2026-06-01,14,0
coco,2026-06-01,15,0
coco,2026-06-01,16,0
coco,2026-06-01,17,0
coco,2026-06-01,18,4
coco,2026-06-01,19,0
coco,2026-06-01,20,1
coco,2026-06-01,21,5
coco,2026-06-01,22,43
coco,2026-06-01,23,0
coco,2026-06-01,24,0
coco,2026-06-01,25,0
coco,2026-06-01,26,35
coco,2026-06-01,27,0
coco,2026-06-01,28,1
coco,2026-06-01,29,0
coco,2026-06-01,30,17
coco,2026-06-01,31,0
coco,2026-06-01,32,0
coco,2026-06-01,33,0
coco,2026-06-01,34,1
coco,2026-06-01,35,1
coco,2026-06-01,36,0
coco,2026-06-01,37,1
coco,2026-06-01,38,0
coco,2026-06-01,39,7
coco,2026-06-01,40,10
coco,2026-06-01,41,33
coco,2026-06-01,42,2
coco,2026-06-01,43,3
coco,2026-06-01,44,88
coco,2026-06-01,45,0
coco,2026-06-01,46,0
coco,2026-06-01,47,0
coco,2026-06-02,0,0
coco,2026-06-02,1,0
coco,2026-06-02,2,0
coco,2026-06-02,3,0
coco,2026-06-02,4,0
coco,2026-06-02,5,0
coco,2026-06-02,6,0
coco,2026-06-02,7,0
coco,2026-06-02,8,0
coco,2026-06-02,9,0
coco,2026-06-02,10,0
coco,2026-06-02,11,0
coco,2026-06-02,12,0
coco,2026-06-02,13,0
coco,2026-06-02,14,0
coco,2026-06-02,15,0
coco,2026-06-02,16,0
coco,2026-06-02,17,0
coco,2026-06-02,18,0
coco,2026-06-02,19,0
coco,2026-06-02,20,0
coco,2026-06-02,21,0
coco,2026-06-02,22,0
coco,2026-06-02,23,0
coco,2026-06-02,24,0
coco,2026-06-02,25,0
coco,2026-06-02,26,0
coco,2026-06-02,27,169
coco,2026-06-02,28,0
coco,2026-06-02,29,0
coco,2026-06-02,30,0
coco,2026-06-02,31,0
coco,2026-06-02,32,0
coco,2026-06-02,33,1
coco,2026-06-02,34,2
coco,2026-06-02,35,5
coco,2026-06-02,36,1
coco,2026-06-02,37,1
coco,2026-06-02,38,3
coco,2026-06-02,39,64
coco,2026-06-02,40,169
coco,2026-06-02,41,107
coco,2026-06-02,42,0
coco,2026-06-02,43,17
coco,2026-06-02,44,0
coco,2026-06-02,45,4
coco,2026-06-02,46,0
coco,2026-06-02,47,0
coco,2026-06-03,0,0
coco,2026-06-03,1,0
coco,2026-06-03,2,0
coco,2026-06-03,3,0
coco,2026-06-03,4,0
coco,2026-06-03,5,0
coco,2026-06-03,6,0
coco,2026-06-03,7,0
coco,2026-06-03,8,0
coco,2026-06-03,9,0
coco,2026-06-03,10,0
coco,2026-06-03,11,0
coco,2026-06-03,12,0
coco,2026-06-03,13,0
coco,2026-06-03,14,0
coco,2026-06-03,15,0
coco,2026-06-03,16,0
coco,2026-06-03,17,0
coco,2026-06-03,18,15
coco,2026-06-03,19,0
coco,2026-06-03,20,0
coco,2026-06-03,21,0
coco,2026-06-03,22,0
coco,2026-06-03,23,4
coco,2026-06-03,24,1
coco,2026-06-03,25,0
coco,2026-06-03,26,0
coco,2026-06-03,27,0
coco,2026-06-03,28,0
coco,2026-06-03,29,0
coco,2026-06-03,30,0
coco,2026-06-03,31,0
coco,2026-06-03,32,1
coco,2026-06-03,33,0
coco,2026-06-03,34,0
coco,2026-06-03,35,0
coco,2026-06-03,36,0
coco,2026-06-03,37,70
coco,2026-06-03,38,1
coco,2026-06-03,39,0
coco,2026-06-03,40,99
coco,2026-06-03,41,8
coco,2026-06-03,42,0
coco,2026-06-03,43,0
coco,2026-06-03,44,0
coco,2026-06-03,45,0
coco,2026-06-03,46,0
coco,2026-06-03,47,0
coco,2026-06-04,0,0
coco,2026-06-04,1,0
coco,2026-06-04,2,0
coco,2026-06-04,3,0
coco,2026-06-04,4,0
coco,2026-06-04,5,0
coco,2026-06-04,6,0
coco,2026-06-04,7,0
coco,2026-06-04,8,0
coco,2026-06-04,9,0
coco,2026-06-04,10,0
coco,2026-06-04,11,0
coco,2026-06-04,12,0
coco,2026-06-04,13,0
coco,2026-06-04,14,0
coco,2026-06-04,15,0
coco,2026-06-04,16,0
coco,2026-06-04,17,0
coco,2026-06-04,18,1
coco,2026-06-04,19,44
coco,2026-06-04,20,0
coco,2026-06-04,21,0
coco,2026-06-04,22,0
coco,2026-06-04,23,18
coco,2026-06-04,24,3
coco,2026-06-04,25,13
coco,2026-06-04,26,2
coco,2026-06-04,27,0
coco,2026-06-04,28,0
coco,2026-06-04,29,0
coco,2026-06-04,30,4
coco,2026-06-04,31,2
coco,2026-06-04,32,0
coco,2026-06-04,33,0
coco,2026-06-04,34,0
coco,2026-06-04,35,0
coco,2026-06-04,36,0
coco,2026-06-04,37,0
coco,2026-06-04,38,6
coco,2026-06-04,39,1
coco,2026-06-04,40,0
coco,2026-06-04,41,3
coco,2026-06-04,42,8
coco,2026-06-04,43,102
coco,2026-06-04,44,0
coco,2026-06-04,45,0
coco,2026-06-04,46,0
coco,2026-06-04,47,0
coco,2026-06-05,0,0
coco,2026-06-05,1,0
coco,2026-06-05,2,0
coco,2026-06-05,3,0
coco,2026-06-05,4,0
coco,2026-06-05,5,0
coco,2026-06-05,6,0
coco,2026-06-05,7,0
coco,2026-06-05,8,0
coco,2026-06-05,9,0
coco,2026-06-05,10,0
coco,2026-06-05,11,0
coco,2026-06-05,12,0
coco,2026-06-05,13,0
coco,2026-06-05,14,0
coco,2026-06-05,15,0
coco,2026-06-05,16,2
coco,2026-06-05,17,8
coco,2026-06-05,18,0
coco,2026-06-05,19,0
coco,2026-06-05,20,0
coco,2026-06-05,21,0
coco,2026-06-05,22,42
coco,2026-06-05,23,0
coco,2026-06-05,24,0
coco,2026-06-05,25,0
coco,2026-06-05,26,0
coco,2026-06-05,27,1
coco,2026-06-05,28,0
coco,2026-06-05,29,0
coco,2026-06-05,30,8
coco,2026-06-05,31,0
coco,2026-06-05,32,0
coco,2026-06-05,33,0
coco,2026-06-05,34,0
coco,2026-06-05,35,0
coco,2026-06-05,36,1
coco,2026-06-05,37,0
coco,2026-06-05,38,0
coco,2026-06-05,39,9
coco,2026-06-05,40,18
coco,2026-06-05,41,19
coco,2026-06-05,42,0
coco,2026-06-05,43,0
coco,2026-06-05,44,0
coco,2026-06-05,45,0
coco,2026-06-05,46,0
coco,2026-06-05,47,0
coco,2026-06-06,0,0
coco,2026-06-06,1,0
coco,2026-06-06,2,0
coco,2026-06-06,3,0
coco,2026-06-06,4,0
coco,2026-06-06,5,0
coco,2026-06-06,6,0
coco,2026-06-06,7,0
coco,2026-06-06,8,0
coco,2026-06-06,9,0
coco,2026-06-06,10,0
coco,2026-06-06,11,0
coco,2026-06-06,12,0
coco,2026-06-06,13,0
coco,2026-06-06,14,0
coco,2026-06-06,15,0
coco,2026-06-06,16,0
coco,2026-06-06,17,0
coco,2026-06-06,18,0
coco,2026-06-06,19,0
coco,2026-06-06,20,0
coco,2026-06-06,21,0
coco,2026-06-06,22,0
coco,2026-06-06,23,0
coco,2026-06-06,24,103
coco,2026-06-06,25,68
coco,2026-06-06,26,8
coco,2026-06-06,27,4
coco,2026-06-06,28,23
coco,2026-06-06,29,44
coco,2026-06-06,30,0
coco,2026-06-06,31,0
coco,2026-06-06,32,0
coco,2026-06-06,33,1
coco,2026-06-06,34,0
coco,2026-06-06,35,0
coco,2026-06-06,36,0
coco,2026-06-06,37,0
coco,2026-06-06,38,2
coco,2026-06-06,39,42
coco,2026-06-06,40,6
coco,2026-06-06,41,14
coco,2026-06-06,42,0
coco,2026-06-06,43,0
coco,2026-06-06,44,0
coco,2026-06-06,45,1
coco,2026-06-06,46,1
coco,2026-06-06,47,0
coco,2026-06-07,0,0
coco,2026-06-07,1,0
coco,2026-06-07,2,0
coco,2026-06-07,3,0
coco,2026-06-07,4,0
coco,2026-06-07,5,0
coco,2026-06-07,6,0
coco,2026-06-07,7,0
coco,2026-06-07,8,0
coco,2026-06-07,9,0
coco,2026-06-07,10,0
coco,2026-06-07,11,0
coco,2026-06-07,12,0
coco,2026-06-07,13,0
coco,2026-06-07,14,0
coco,2026-06-07,15,0
coco,2026-06-07,16,0
coco,2026-06-07,17,0
coco,2026-06-07,18,3
coco,2026-06-07,19,5
coco,2026-06-07,20,0
coco,2026-06-07,21,0
coco,2026-06-07,22,0
coco,2026-06-07,23,0
coco,2026-06-07,24,0
coco,2026-06-07,25,1
coco,2026-06-07,26,27
coco,2026-06-07,27,0
coco,2026-06-07,28,0
coco,2026-06-07,29,0
coco,2026-06-07,30,0
coco,2026-06-07,31,0
coco,2026-06-07,32,0
coco,2026-06-07,33,0
coco,2026-06-07,34,0
coco,2026-06-07,35,0
coco,2026-06-07,36,0
coco,2026-06-07,37,0
coco,2026-06-07,38,0
coco,2026-06-07,39,27
coco,2026-06-07,40,0
coco,2026-06-07,41,0
coco,2026-06-07,42,1
coco,2026-06-07,43,5
coco,2026-06-07,44,5
coco,2026-06-07,45,0
coco,2026-06-07,46,0
coco,2026-06-07,47,0
coco,2026-06-08,0,0
coco,2026-06-08,1,0
coco,2026-06-08,2,0
coco,2026-06-08,3,0
coco,2026-06-08,4,0
coco,2026-06-08,5,0
coco,2026-06-08,6,0
coco,2026-06-08,7,0
coco,2026-06-08,8,0
coco,2026-06-08,9,0
coco,2026-06-08,10,0
coco,2026-06-08,11,0
coco,2026-06-08,12,0
coco,2026-06-08,13,0
coco,2026-06-08,14,0
coco,2026-06-08,15,0
coco,2026-06-08,16,0
coco,2026-06-08,17,0
coco,2026-06-08,18,4
coco,2026-06-08,19,0
coco,2026-06-08,20,0
coco,2026-06-08,21,1
coco,2026-06-08,22,0
coco,2026-06-08,23,0
coco,2026-06-08,24,0
coco,2026-06-08,25,6
coco,2026-06-08,26,0
coco,2026-06-08,27,0
coco,2026-06-08,28,0
coco,2026-06-08,29,0
coco,2026-06-08,30,1
coco,2026-06-08,31,1
coco,2026-06-08,32,0
coco,2026-06-08,33,0
coco,2026-06-08,34,0
coco,2026-06-08,35,0
coco,2026-06-08,36,1
coco,2026-06-08,37,0
coco,2026-06-08,38,0
coco,2026-06-08,39,1
coco,2026-06-08,40,82
coco,2026-06-08,41,0
coco,2026-06-08,42,10
coco,2026-06-08,43,18
coco,2026-06-08,44,2
coco,2026-06-08,45,0
coco,2026-06-08,46,0
coco,2026-06-08,47,0
coco,2026-06-09,0,0
coco,2026-06-09,1,0
coco,2026-06-09,2,0
coco,2026-06-09,3,1
coco,2026-06-09,4,0
coco,2026-06-09,5,0
coco,2026-06-09,6,0
coco,2026-06-09,7,0
coco,2026-06-09,8,0
coco,2026-06-09,9,0
coco,2026-06-09,10,0
coco,2026-06-09,11,0
coco,2026-06-09,12,0
coco,2026-06-09,13,0
coco,2026-06-09,14,0
coco,2026-06-09,15,0
coco,2026-06-09,16,0
coco,2026-06-09,17,0
coco,2026-06-09,18,0
coco,2026-06-09,19,0
coco,2026-06-09,20,0
coco,2026-06-09,21,2
coco,2026-06-09,22,19
coco,2026-06-09,23,0
coco,2026-06-09,24,0
coco,2026-06-09,25,0
coco,2026-06-09,26,0
coco,2026-06-09,27,0
coco,2026-06-09,28,0
coco,2026-06-09,29,0
coco,2026-06-09,30,0
coco,2026-06-09,31,3
coco,2026-06-09,32,0
coco,2026-06-09,33,0
coco,2026-06-09,34,0
coco,2026-06-09,35,1
coco,2026-06-09,36,0
coco,2026-06-09,37,0
coco,2026-06-09,38,0
coco,2026-06-09,39,0
coco,2026-06-09,40,61
coco,2026-06-09,41,3
coco,2026-06-09,42,8
coco,2026-06-09,43,0
coco,2026-06-09,44,0
coco,2026-06-09,45,0
coco,2026-06-09,46,3
coco,2026-06-09,47,0
coco,2026-06-10,0,0
coco,2026-06-10,1,0
coco,2026-06-10,2,0
coco,2026-06-10,3,0
coco,2026-06-10,4,0
coco,2026-06-10,5,0
coco,2026-06-10,6,0
coco,2026-06-10,7,0
coco,2026-06-10,8,0
coco,2026-06-10,9,0
coco,2026-06-10,10,0
coco,2026-06-10,11,0
coco,2026-06-10,12,0
coco,2026-06-10,13,0
coco,2026-06-10,14,0
coco,2026-06-10,15,0
coco,2026-06-10,16,0
coco,2026-06-10,17,0
coco,2026-06-10,18,0
coco,2026-06-10,19,0
coco,2026-06-10,20,0
coco,2026-06-10,21,0
coco,2026-06-10,22,1
coco,2026-06-10,23,0
coco,2026-06-10,24,1
coco,2026-06-10,25,0
coco,2026-06-10,26,0
coco,2026-06-10,27,0
coco,2026-06-10,28,0
coco,2026-06-10,29,0
coco,2026-06-10,30,0
coco,2026-06-10,31,0
coco,2026-06-10,32,0
coco,2026-06-10,33,1
coco,2026-06-10,34,0
coco,2026-06-10,35,1
coco,2026-06-10,36,8
coco,2026-06-10,37,0
coco,2026-06-10,38,2
coco,2026-06-10,39,0
coco,2026-06-10,40,0
coco,2026-06-10,41,0
coco,2026-06-10,42,0
coco,2026-06-10,43,1
coco,2026-06-10,44,13
coco,2026-06-10,45,0
coco,2026-06-10,46,0
coco,2026-06-10,47,0
coco,2026-06-11,0,0
coco,2026-06-11,1,6
coco,2026-06-11,2,0
coco,2026-06-11,3,0
coco,2026-06-11,4,0
coco,2026-06-11,5,0
coco,2026-06-11,6,0
coco,2026-06-11,7,0
coco,2026-06-11,8,0
coco,2026-06-11,9,0
coco,2026-06-11,10,0
coco,2026-06-11,11,0
coco,2026-06-11,12,0
coco,2026-06-11,13,0
coco,2026-06-11,14,0
coco,2026-06-11,15,0
coco,2026-06-11,16,0
coco,2026-06-11,17,0
coco,2026-06-11,18,0
coco,2026-06-11,19,10
coco,2026-06-11,20,0
coco,2026-06-11,21,0
coco,2026-06-11,22,0
coco,2026-06-11,23,0
coco,2026-06-11,24,0
coco,2026-06-11,25,0
coco,2026-06-11,26,0
coco,2026-06-11,27,0
coco,2026-06-11,28,0
coco,2026-06-11,29,0
coco,2026-06-11,30,0
coco,2026-06-11,31,0
coco,2026-06-11,32,0
coco,2026-06-11,33,0
coco,2026-06-11,34,0
coco,2026-06-11,35,0
coco,2026-06-11,36,0
coco,2026-06-11,37,0
coco,2026-06-11,38,0
coco,2026-06-11,39,0
coco,2026-06-11,40,0
coco,2026-06-11,41,0
coco,2026-06-11,42,8
coco,2026-06-11,43,43
coco,2026-06-11,44,0
coco,2026-06-11,45,0
coco,2026-06-11,46,0
coco,2026-06-11,47,0
coco,2026-06-12,0,0
coco,2026-06-12,1,0
coco,2026-06-12,2,0
coco,2026-06-12,3,3
coco,2026-06-12,4,0
coco,2026-06-12,5,0
coco,2026-06-12,6,0
coco,2026-06-12,7,0
coco,2026-06-12,8,0
coco,2026-06-12,9,0
coco,2026-06-12,10,0
coco,2026-06-12,11,0
coco,2026-06-12,12,0
coco,2026-06-12,13,0
coco,2026-06-12,14,0
coco,2026-06-12,15,0
coco,2026-06-12,16,0
coco,2026-06-12,17,1
coco,2026-06-12,18,2
coco,2026-06-12,19,71
coco,2026-06-12,20,0
coco,2026-06-12,21,0
coco,2026-06-12,22,0
coco,2026-06-12,23,0
coco,2026-06-12,24,0
coco,2026-06-12,25,0
coco,2026-06-12,26,0
coco,2026-06-12,27,0
coco,2026-06-12,28,0
coco,2026-06-12,29,0
coco,2026-06-12,30,0
coco,2026-06-12,31,0
coco,2026-06-12,32,0
coco,2026-06-12,33,0
coco,2026-06-12,34,0
coco,2026-06-12,35,0
coco,2026-06-12,36,0
coco,2026-06-12,37,0
coco,2026-06-12,38,2
coco,2026-06-12,39,28
coco,2026-06-12,40,0
coco,2026-06-12,41,0
coco,2026-06-12,42,0
coco,2026-06-12,43,0
coco,2026-06-12,44,0
coco,2026-06-12,45,0
coco,2026-06-12,46,0
coco,2026-06-12,47,0
coco,2026-06-13,0,26
coco,2026-06-13,1,0
coco,2026-06-13,2,0
coco,2026-06-13,3,0
coco,2026-06-13,4,0
coco,2026-06-13,5,0
coco,2026-06-13,6,0
coco,2026-06-13,7,0
coco,2026-06-13,8,0
coco,2026-06-13,9,0
coco,2026-06-13,10,0
coco,2026-06-13,11,0
coco,2026-06-13,12,0
coco,2026-06-13,13,0
coco,2026-06-13,14,0
coco,2026-06-13,15,0
coco,2026-06-13,16,0
coco,2026-06-13,17,0
coco,2026-06-13,18,0
coco,2026-06-13,19,0
coco,2026-06-13,20,0
coco,2026-06-13,21,0
coco,2026-06-13,22,0
coco,2026-06-13,23,0
coco,2026-06-13,24,0
coco,2026-06-13,25,0
coco,2026-06-13,26,18
coco,2026-06-13,27,2
coco,2026-06-13,28,0
coco,2026-06-13,29,0
coco,2026-06-13,30,0
coco,2026-06-13,31,0
coco,2026-06-13,32,2
coco,2026-06-13,33,0
coco,2026-06-13,34,0
coco,2026-06-13,35,0
coco,2026-06-13,36,0
coco,2026-06-13,37,0
coco,2026-06-13,38,0
coco,2026-06-13,39,0
coco,2026-06-13,40,0
coco,2026-06-13,41,0
coco,2026-06-13,42,0
coco,2026-06-13,43,0
coco,2026-06-13,44,2
coco,2026-06-13,45,0
coco,2026-06-13,46,0
coco,2026-06-13,47,0
coco,2026-06-14,0,0
coco,2026-06-14,1,38
coco,2026-06-14,2,0
coco,2026-06-14,3,10
coco,2026-06-14,4,0
coco,2026-06-14,5,0
coco,2026-06-14,6,0
coco,2026-06-14,7,0
coco,2026-06-14,8,0
coco,2026-06-14,9,0
coco,2026-06-14,10,0
coco,2026-06-14,11,0
coco,2026-06-14,12,0
coco,2026-06-14,13,0
coco,2026-06-14,14,0
coco,2026-06-14,15,0
coco,2026-06-14,16,0
coco,2026-06-14,17,0
coco,2026-06-14,18,12
coco,2026-06-14,19,0
coco,2026-06-14,20,0
coco,2026-06-14,21,0
coco,2026-06-14,22,0
coco,2026-06-14,23,0
coco,2026-06-14,24,0
coco,2026-06-14,25,0
coco,2026-06-14,26,0
coco,2026-06-14,27,0
coco,2026-06-14,28,5
coco,2026-06-14,29,0
coco,2026-06-14,30,1
coco,2026-06-14,31,0
coco,2026-06-14,32,0
coco,2026-06-14,33,0
coco,2026-06-14,34,0
coco,2026-06-14,35,0
coco,2026-06-14,36,0
coco,2026-06-14,37,0
coco,2026-06-14,38,0
coco,2026-06-14,39,0
coco,2026-06-14,40,0
coco,2026-06-14,41,0
coco,2026-06-14,42,1
coco,2026-06-14,43,4
coco,2026-06-14,44,0
coco,2026-06-14,45,0
coco,2026-06-14,46,0
coco,2026-06-14,47,0
coco,2026-06-15,0,0
coco,2026-06-15,1,0
coco,2026-06-15,2,0
coco,2026-06-15,3,0
coco,2026-06-15,4,0
coco,2026-06-15,5,0
coco,2026-06-15,6,0
coco,2026-06-15,7,0
coco,2026-06-15,8,0
coco,2026-06-15,9,0
coco,2026-06-15,10,0
coco,2026-06-15,11,0
coco,2026-06-15,12,0
coco,2026-06-15,13,0
coco,2026-06-15,14,0
coco,2026-06-15,15,0
coco,2026-06-15,16,0
coco,2026-06-15,17,0
coco,2026-06-15,18,0
coco,2026-06-15,19,2
coco,2026-06-15,20,0
coco,2026-06-15,21,5
coco,2026-06-15,22,1
coco,2026-06-15,23,1
coco,2026-06-15,24,0
coco,2026-06-15,25,0
coco,2026-06-15,26,0
coco,2026-06-15,27,0
coco,2026-06-15,28,0
coco,2026-06-15,29,0
coco,2026-06-15,30,12
coco,2026-06-15,31,0
coco,2026-06-15,32,0
coco,2026-06-15,33,0
coco,2026-06-15,34,0
coco,2026-06-15,35,1
coco,2026-06-15,36,0
coco,2026-06-15,37,0
coco,2026-06-15,38,34
coco,2026-06-15,39,44
coco,2026-06-15,40,35
coco,2026-06-15,41,0
coco,2026-06-15,42,0
coco,2026-06-15,43,0
coco,2026-06-15,44,36
coco,2026-06-15,45,0
coco,2026-06-15,46,5
coco,2026-06-15,47,8
coco,2026-06-16,0,0
coco,2026-06-16,1,0
coco,2026-06-16,2,0
coco,2026-06-16,3,0
coco,2026-06-16,4,0
coco,2026-06-16,5,0
coco,2026-06-16,6,0
coco,2026-06-16,7,0
coco,2026-06-16,8,0
coco,2026-06-16,9,0
coco,2026-06-16,10,0
coco,2026-06-16,11,0
coco,2026-06-16,12,0
coco,2026-06-16,13,0
coco,2026-06-16,14,0
coco,2026-06-16,15,0
coco,2026-06-16,16,2
coco,2026-06-16,17,0
coco,2026-06-16,18,0
coco,2026-06-16,19,0
coco,2026-06-16,20,0
coco,2026-06-16,21,0
coco,2026-06-16,22,1
coco,2026-06-16,23,16
coco,2026-06-16,24,35
coco,2026-06-16,25,7
coco,2026-06-16,26,0
coco,2026-06-16,27,0
coco,2026-06-16,28,0
coco,2026-06-16,29,0
coco,2026-06-16,30,0
coco,2026-06-16,31,17
coco,2026-06-16,32,0
coco,2026-06-16,33,0
coco,2026-06-16,34,0
coco,2026-06-16,35,0
coco,2026-06-16,36,0
coco,2026-06-16,37,0
coco,2026-06-16,38,4
coco,2026-06-16,39,0
coco,2026-06-16,40,12
coco,2026-06-16,41,39
coco,2026-06-16,42,5
coco,2026-06-16,43,1
coco,2026-06-16,44,50
coco,2026-06-16,45,0
coco,2026-06-16,46,0
coco,2026-06-16,47,0
coco,2026-06-17,0,0
coco,2026-06-17,1,0
coco,2026-06-17,2,0
coco,2026-06-17,3,0
coco,2026-06-17,4,0
coco,2026-06-17,5,0
coco,2026-06-17,6,0
coco,2026-06-17,7,0
coco,2026-06-17,8,0
coco,2026-06-17,9,0
coco,2026-06-17,10,0
coco,2026-06-17,11,0
coco,2026-06-17,12,0
coco,2026-06-17,13,0
coco,2026-06-17,14,0
coco,2026-06-17,15,5
coco,2026-06-17,16,0
coco,2026-06-17,17,3
coco,2026-06-17,18,1
coco,2026-06-17,19,3
coco,2026-06-17,20,0
coco,2026-06-17,21,20
coco,2026-06-17,22,0
coco,2026-06-17,23,1
coco,2026-06-17,24,0
coco,2026-06-17,25,0
coco,2026-06-17,26,0
coco,2026-06-17,27,1
coco,2026-06-17,28,0
coco,2026-06-17,29,0
coco,2026-06-17,30,0
coco,2026-06-17,31,0
coco,2026-06-17,32,17
coco,2026-06-17,33,0
coco,2026-06-17,34,0
coco,2026-06-17,35,0
coco,2026-06-17,36,0
coco,2026-06-17,37,0
coco,2026-06-17,38,0
coco,2026-06-17,39,0
coco,2026-06-17,40,4
coco,2026-06-17,41,3
coco,2026-06-17,42,22
coco,2026-06-17,43,0
coco,2026-06-17,44,16
coco,2026-06-17,45,19
coco,2026-06-17,46,0
coco,2026-06-17,47,0
coco,2026-06-18,0,0
coco,2026-06-18,1,0
coco,2026-06-18,2,0
coco,2026-06-18,3,0
coco,2026-06-18,4,0
coco,2026-06-18,5,0
coco,2026-06-18,6,0
coco,2026-06-18,7,0
coco,2026-06-18,8,0
coco,2026-06-18,9,0
coco,2026-06-18,10,0
coco,2026-06-18,11,0
coco,2026-06-18,12,0
coco,2026-06-18,13,0
coco,2026-06-18,14,0
coco,2026-06-18,15,0
coco,2026-06-18,16,10
coco,2026-06-18,17,0
coco,2026-06-18,18,0
coco,2026-06-18,19,0
coco,2026-06-18,20,0
coco,2026-06-18,21,0
coco,2026-06-18,22,21
coco,2026-06-18,23,4
coco,2026-06-18,24,1
coco,2026-06-18,25,0
coco,2026-06-18,26,0
coco,2026-06-18,27,0
coco,2026-06-18,28,0
coco,2026-06-18,29,0
coco,2026-06-18,30,0
coco,2026-06-18,31,0
coco,2026-06-18,32,0
coco,2026-06-18,33,69
coco,2026-06-18,34,0
coco,2026-06-18,35,0
coco,2026-06-18,36,0
coco,2026-06-18,37,0
coco,2026-06-18,38,17
coco,2026-06-18,39,1
coco,2026-06-18,40,0
coco,2026-06-18,41,0
coco,2026-06-18,42,0
coco,2026-06-18,43,0
coco,2026-06-18,44,0
coco,2026-06-18,45,0
coco,2026-06-18,46,0
coco,2026-06-18,47,0
coco,2026-06-19,0,0
coco,2026-06-19,1,1
coco,2026-06-19,2,0
coco,2026-06-19,3,0
coco,2026-06-19,4,0
coco,2026-06-19,5,0
coco,2026-06-19,6,0
coco,2026-06-19,7,0
coco,2026-06-19,8,0
coco,2026-06-19,9,0
coco,2026-06-19,10,0
coco,2026-06-19,11,0
coco,2026-06-19,12,0
coco,2026-06-19,13,0
coco,2026-06-19,14,3
coco,2026-06-19,15,0
coco,2026-06-19,16,0
coco,2026-06-19,17,0
coco,2026-06-19,18,0
coco,2026-06-19,19,0
coco,2026-06-19,20,0
coco,2026-06-19,21,0
coco,2026-06-19,22,5
coco,2026-06-19,23,0
coco,2026-06-19,24,1
coco,2026-06-19,25,0
coco,2026-06-19,26,0
coco,2026-06-19,27,0
coco,2026-06-19,28,4
coco,2026-06-19,29,1
coco,2026-06-19,30,2
coco,2026-06-19,31,0
coco,2026-06-19,32,0
coco,2026-06-19,33,0
coco,2026-06-19,34,0
coco,2026-06-19,35,0
coco,2026-06-19,36,11
coco,2026-06-19,37,3
coco,2026-06-19,38,0
coco,2026-06-19,39,36
coco,2026-06-19,40,0
coco,2026-06-19,41,0
coco,2026-06-19,42,0
coco,2026-06-19,43,0
coco,2026-06-19,44,17
coco,2026-06-19,45,0
coco,2026-06-19,46,0
coco,2026-06-19,47,0
coco,2026-06-20,0,0
coco,2026-06-20,1,0
coco,2026-06-20,2,0
coco,2026-06-20,3,0
coco,2026-06-20,4,0
coco,2026-06-20,5,0
coco,2026-06-20,6,0
coco,2026-06-20,7,0
coco,2026-06-20,8,0
coco,2026-06-20,9,0
coco,2026-06-20,10,0
coco,2026-06-20,11,0
coco,2026-06-20,12,0
coco,2026-06-20,13,0
coco,2026-06-20,14,0
coco,2026-06-20,15,2
coco,2026-06-20,16,36
coco,2026-06-20,17,0
coco,2026-06-20,18,0
coco,2026-06-20,19,0
coco,2026-06-20,20,0
coco,2026-06-20,21,0
coco,2026-06-20,22,0
coco,2026-06-20,23,0
coco,2026-06-20,24,2
coco,2026-06-20,25,0
coco,2026-06-20,26,0
coco,2026-06-20,27,0
coco,2026-06-20,28,0
coco,2026-06-20,29,0
coco,2026-06-20,30,0
coco,2026-06-20,31,0
coco,2026-06-20,32,2
coco,2026-06-20,33,0
coco,2026-06-20,34,0
coco,2026-06-20,35,0
coco,2026-06-20,36,4
coco,2026-06-20,37,1
coco,2026-06-20,38,0
coco,2026-06-20,39,10
coco,2026-06-20,40,1
coco,2026-06-20,41,0
coco,2026-06-20,42,0
coco,2026-06-20,43,6
coco,2026-06-20,44,0
coco,2026-06-20,45,0
coco,2026-06-20,46,0
coco,2026-06-20,47,0
coco,2026-06-21,0,0
coco,2026-06-21,1,0
coco,2026-06-21,2,0
coco,2026-06-21,3,0
coco,2026-06-21,4,0
coco,2026-06-21,5,0
coco,2026-06-21,6,0
coco,2026-06-21,7,0
coco,2026-06-21,8,0
coco,2026-06-21,9,0
coco,2026-06-21,10,0
coco,2026-06-21,11,0
coco,2026-06-21,12,0
coco,2026-06-21,13,0
coco,2026-06-21,14,1
coco,2026-06-21,15,0
coco,2026-06-21,16,24
coco,2026-06-21,17,0
coco,2026-06-21,18,0
coco,2026-06-21,19,0
coco,2026-06-21,20,0
coco,2026-06-21,21,0
coco,2026-06-21,22,0
coco,2026-06-21,23,0
coco,2026-06-21,24,0
coco,2026-06-21,25,0
coco,2026-06-21,26,0
coco,2026-06-21,27,0
coco,2026-06-21,28,0
coco,2026-06-21,29,0
coco,2026-06-21,30,0
coco,2026-06-21,31,0
coco,2026-06-21,32,1
coco,2026-06-21,33,0
coco,2026-06-21,34,0
coco,2026-06-21,35,0
coco,2026-06-21,36,0
coco,2026-06-21,37,2
coco,2026-06-21,38,0
coco,2026-06-21,39,0
coco,2026-06-21,40,0
coco,2026-06-21,41,4
coco,2026-06-21,42,0
coco,2026-06-21,43,0
coco,2026-06-21,44,0
coco,2026-06-21,45,0
coco,2026-06-21,46,0
coco,2026-06-21,47,0
coco,2026-06-22,0,0
coco,2026-06-22,1,0
coco,2026-06-22,2,0
coco,2026-06-22,3,0
coco,2026-06-22,4,0
coco,2026-06-22,5,0
coco,2026-06-22,6,0
coco,2026-06-22,7,0
coco,2026-06-22,8,0
coco,2026-06-22,9,0
coco,2026-06-22,10,0
coco,2026-06-22,11,0
coco,2026-06-22,12,0
coco,2026-06-22,13,0
coco,2026-06-22,14,1
coco,2026-06-22,15,0
coco,2026-06-22,16,0
coco,2026-06-22,17,0
coco,2026-06-22,18,0
coco,2026-06-22,19,0
coco,2026-06-22,20,0
coco,2026-06-22,21,0
coco,2026-06-22,22,0
coco,2026-06-22,23,0
coco,2026-06-22,24,0
coco,2026-06-22,25,0
coco,2026-06-22,26,9
coco,2026-06-22,27,2
coco,2026-06-22,28,0
coco,2026-06-22,29,1
coco,2026-06-22,30,0
coco,2026-06-22,31,0
coco,2026-06-22,32,0
coco,2026-06-22,33,0
coco,2026-06-22,34,0
coco,2026-06-22,35,0
coco,2026-06-22,36,0
coco,2026-06-22,37,0
coco,2026-06-22,38,0
coco,2026-06-22,39,1
coco,2026-06-22,40,43
coco,2026-06-22,41,16
coco,2026-06-22,42,0
coco,2026-06-22,43,0
coco,2026-06-22,44,0
coco,2026-06-22,45,0
coco,2026-06-22,46,1
coco,2026-06-22,47,0
coco,2026-06-23,0,0
coco,2026-06-23,1,1
coco,2026-06-23,2,0
coco,2026-06-23,3,0
coco,2026-06-23,4,0
coco,2026-06-23,5,0
coco,2026-06-23,6,0
coco,2026-06-23,7,0
coco,2026-06-23,8,0
coco,2026-06-23,9,0
coco,2026-06-23,10,0
coco,2026-06-23,11,0
coco,2026-06-23,12,0
coco,2026-06-23,13,0
coco,2026-06-23,14,0
coco,2026-06-23,15,16
coco,2026-06-23,16,19
coco,2026-06-23,17,0
coco,2026-06-23,18,0
coco,2026-06-23,19,0
coco,2026-06-23,20,0
coco,2026-06-23,21,0
coco,2026-06-23,22,0
coco,2026-06-23,23,0
coco,2026-06-23,24,9
coco,2026-06-23,25,6
coco,2026-06-23,26,5
coco,2026-06-23,27,0
coco,2026-06-23,28,0
coco,2026-06-23,29,0
coco,2026-06-23,30,0
coco,2026-06-23,31,1
coco,2026-06-23,32,0
coco,2026-06-23,33,0
coco,2026-06-23,34,2
coco,2026-06-23,35,2
coco,2026-06-23,36,0
coco,2026-06-23,37,0
coco,2026-06-23,38,0
coco,2026-06-23,39,0
coco,2026-06-23,40,30
coco,2026-06-23,41,0
coco,2026-06-23,42,24
coco,2026-06-23,43,4
coco,2026-06-23,44,0
coco,2026-06-23,45,0
coco,2026-06-23,46,0
coco,2026-06-23,47,0
coco,2026-06-24,0,0
coco,2026-06-24,1,0
coco,2026-06-24,2,0
coco,2026-06-24,3,0
coco,2026-06-24,4,0
coco,2026-06-24,5,0
coco,2026-06-24,6,0
coco,2026-06-24,7,0
coco,2026-06-24,8,0
coco,2026-06-24,9,0
coco,2026-06-24,10,0
coco,2026-06-24,11,0
coco,2026-06-24,12,0
coco,2026-06-24,13,0
coco,2026-06-24,14,4
coco,2026-06-24,15,15
coco,2026-06-24,16,28
coco,2026-06-24,17,11
coco,2026-06-24,18,2
coco,2026-06-24,19,28
coco,2026-06-24,20,1
coco,2026-06-24,21,0
coco,2026-06-24,22,0
coco,2026-06-24,23,62
coco,2026-06-24,24,26
coco,2026-06-24,25,0
coco,2026-06-24,26,0
coco,2026-06-24,27,21
coco,2026-06-24,28,0
coco,2026-06-24,29,1
coco,2026-06-24,30,0
coco,2026-06-24,31,0
coco,2026-06-24,32,0
coco,2026-06-24,33,0
coco,2026-06-24,34,0
coco,2026-06-24,35,0
coco,2026-06-24,36,4
coco,2026-06-24,37,0
coco,2026-06-24,38,2
coco,2026-06-24,39,141
coco,2026-06-24,40,0
coco,2026-06-24,41,86
coco,2026-06-24,42,0
coco,2026-06-24,43,0
coco,2026-06-24,44,36
coco,2026-06-24,45,0
coco,2026-06-24,46,7
coco,2026-06-24,47,0
coco,2026-06-25,0,0
coco,2026-06-25,1,0
coco,2026-06-25,2,0
coco,2026-06-25,3,0
coco,2026-06-25,4,0
coco,2026-06-25,5,0
coco,2026-06-25,6,0
coco,2026-06-25,7,0
coco,2026-06-25,8,0
coco,2026-06-25,9,0
coco,2026-06-25,10,0
coco,2026-06-25,11,0
coco,2026-06-25,12,0
coco,2026-06-25,13,0
coco,2026-06-25,14,0
coco,2026-06-25,15,21
coco,2026-06-25,16,1
coco,2026-06-25,17,0
coco,2026-06-25,18,16
coco,2026-06-25,19,0
coco,2026-06-25,20,0
coco,2026-06-25,21,0
coco,2026-06-25,22,0
coco,2026-06-25,23,0
coco,2026-06-25,24,2
coco,2026-06-25,25,8
coco,2026-06-25,26,0
coco,2026-06-25,27,0
coco,2026-06-25,28,0
coco,2026-06-25,29,1
coco,2026-06-25,30,1
coco,2026-06-25,31,0
coco,2026-06-25,32,0
coco,2026-06-25,33,0
coco,2026-06-25,34,1
coco,2026-06-25,35,0
coco,2026-06-25,36,0
coco,2026-06-25,37,0
coco,2026-06-25,38,0
coco,2026-06-25,39,3
coco,2026-06-25,40,0
coco,2026-06-25,41,5
coco,2026-06-25,42,4
coco,2026-06-25,43,0
coco,2026-06-25,44,5
coco,2026-06-25,45,0
coco,2026-06-25,46,1
coco,2026-06-25,47,0
coco,2026-06-26,0,0
coco,2026-06-26,1,4
coco,2026-06-26,2,1
coco,2026-06-26,3,0
coco,2026-06-26,4,0
coco,2026-06-26,5,0
coco,2026-06-26,6,0
coco,2026-06-26,7,0
coco,2026-06-26,8,0
coco,2026-06-26,9,0
coco,2026-06-26,10,0
coco,2026-06-26,11,0
coco,2026-06-26,12,0
coco,2026-06-26,13,0
coco,2026-06-26,14,1
coco,2026-06-26,15,65
coco,2026-06-26,16,0
coco,2026-06-26,17,0
coco,2026-06-26,18,0
coco,2026-06-26,19,2
coco,2026-06-26,20,18
coco,2026-06-26,21,0
coco,2026-06-26,22,0
coco,2026-06-26,23,0
coco,2026-06-26,24,2
coco,2026-06-26,25,1
coco,2026-06-26,26,0
coco,2026-06-26,27,0
coco,2026-06-26,28,2
coco,2026-06-26,29,0
coco,2026-06-26,30,0
coco,2026-06-26,31,0
coco,2026-06-26,32,0
coco,2026-06-26,33,6
coco,2026-06-26,34,0
coco,2026-06-26,35,0
coco,2026-06-26,36,0
coco,2026-06-26,37,0
coco,2026-06-26,38,0
coco,2026-06-26,39,0
coco,2026-06-26,40,5
coco,2026-06-26,41,18
coco,2026-06-26,42,7
coco,2026-06-26,43,53
coco,2026-06-26,44,0
coco,2026-06-26,45,0
coco,2026-06-26,46,0
coco,2026-06-26,47,2
coco,2026-06-27,0,0
coco,2026-06-27,1,0
coco,2026-06-27,2,0
coco,2026-06-27,3,0
coco,2026-06-27,4,0
coco,2026-06-27,5,0
coco,2026-06-27,6,0
coco,2026-06-27,7,0
coco,2026-06-27,8,0
coco,2026-06-27,9,0
coco,2026-06-27,10,0
coco,2026-06-27,11,0
coco,2026-06-27,12,0
coco,2026-06-27,13,0
coco,2026-06-27,14,0
coco,2026-06-27,15,0
coco,2026-06-27,16,0
coco,2026-06-27,17,0
coco,2026-06-27,18,0
coco,2026-06-27,19,0
coco,2026-06-27,20,0
coco,2026-06-27,21,3
coco,2026-06-27,22,4
coco,2026-06-27,23,0
coco,2026-06-27,24,0
coco,2026-06-27,25,0
coco,2026-06-27,26,4
coco,2026-06-27,27,4
coco,2026-06-27,28,21
coco,2026-06-27,29,0
coco,2026-06-27,30,0
coco,2026-06-27,31,0
coco,2026-06-27,32,0
coco,2026-06-27,33,0
coco,2026-06-27,34,0
coco,2026-06-27,35,1
coco,2026-06-27,36,1
coco,2026-06-27,37,0
coco,2026-06-27,38,0
coco,2026-06-27,39,0
coco,2026-06-27,40,0
coco,2026-06-27,41,3
coco,2026-06-27,42,0
coco,2026-06-27,43,0
coco,2026-06-27,44,0
coco,2026-06-27,45,0
coco,2026-06-27,46,0
coco,2026-06-27,47,0
coco,2026-06-28,0,0
coco,2026-06-28,1,0
coco,2026-06-28,2,0
coco,2026-06-28,3,0
coco,2026-06-28,4,4
coco,2026-06-28,5,0
coco,2026-06-28,6,0
coco,2026-06-28,7,0
coco,2026-06-28,8,0
coco,2026-06-28,9,0
coco,2026-06-28,10,0
coco,2026-06-28,11,0
coco,2026-06-28,12,0
coco,2026-06-28,13,0
coco,2026-06-28,14,0
coco,2026-06-28,15,0
coco,2026-06-28,16,0
coco,2026-06-28,17,47
coco,2026-06-28,18,0
coco,2026-06-28,19,0
coco,2026-06-28,20,0
coco,2026-06-28,21,0
coco,2026-06-28,22,0
coco,2026-06-28,23,19
coco,2026-06-28,24,0
coco,2026-06-28,25,0
coco,2026-06-28,26,0
coco,2026-06-28,27,1
coco,2026-06-28,28,0
coco,2026-06-28,29,1
coco,2026-06-28,30,0
coco,2026-06-28,31,0
coco,2026-06-28,32,0
coco,2026-06-28,33,7
coco,2026-06-28,34,0
coco,2026-06-28,35,0
coco,2026-06-28,36,1
coco,2026-06-28,37,0
coco,2026-06-28,38,0
coco,2026-06-28,39,0
coco,2026-06-28,40,15
coco,2026-06-28,41,0
coco,2026-06-28,42,7
coco,2026-06-28,43,8
coco,2026-06-28,44,0
coco,2026-06-28,45,0
coco,2026-06-28,46,0
coco,2026-06-28,47,0
coco,2026-06-29,0,0
coco,2026-06-29,1,0
coco,2026-06-29,2,0
coco,2026-06-29,3,0
coco,2026-06-29,4,0
coco,2026-06-29,5,0
coco,2026-06-29,6,0
coco,2026-06-29,7,0
coco,2026-06-29,8,0
coco,2026-06-29,9,0
coco,2026-06-29,10,0
coco,2026-06-29,11,0
coco,2026-06-29,12,0
coco,2026-06-29,13,0
coco,2026-06-29,14,6
coco,2026-06-29,15,1
coco,2026-06-29,16,0
coco,2026-06-29,17,0
coco,2026-06-29,18,1
coco,2026-06-29,19,0
coco,2026-06-29,20,0
coco,2026-06-29,21,0
coco,2026-06-29,22,0
coco,2026-06-29,23,0
coco,2026-06-29,24,0
coco,2026-06-29,25,0
coco,2026-06-29,26,0
coco,2026-06-29,27,0
coco,2026-06-29,28,0
coco,2026-06-29,29,0
coco,2026-06-29,30,0
coco,2026-06-29,31,0
coco,2026-06-29,32,0
coco,2026-06-29,33,0
coco,2026-06-29,34,0
coco,2026-06-29,35,57
coco,2026-06-29,36,2
coco,2026-06-29,37,0
coco,2026-06-29,38,0
coco,2026-06-29,39,0
coco,2026-06-29,40,1
coco,2026-06-29,41,4
coco,2026-06-29,42,50
coco,2026-06-29,43,26
coco,2026-06-29,44,10
coco,2026-06-29,45,0
coco,2026-06-29,46,0
coco,2026-06-29,47,0
coco,2026-06-30,0,0
coco,2026-06-30,1,0
coco,2026-06-30,2,0
coco,2026-06-30,3,0
coco,2026-06-30,4,0
coco,2026-06-30,5,0
coco,2026-06-30,6,0
coco,2026-06-30,7,0
coco,2026-06-30,8,0
coco,2026-06-30,9,0
coco,2026-06-30,10,0
coco,2026-06-30,11,0
coco,2026-06-30,12,0
coco,2026-06-30,13,0
coco,2026-06-30,14,0
coco,2026-06-30,15,28
coco,2026-06-30,16,0
coco,2026-06-30,17,0
coco,2026-06-30,18,0
coco,2026-06-30,19,2
coco,2026-06-30,20,4
coco,2026-06-30,21,103
coco,2026-06-30,22,12
coco,2026-06-30,23,0
coco,2026-06-30,24,3
coco,2026-06-30,25,0
coco,2026-06-30,26,0
coco,2026-06-30,27,0
coco,2026-06-30,28,0
coco,2026-06-30,29,0
coco,2026-06-30,30,0
coco,2026-06-30,31,0
coco,2026-06-30,32,0
coco,2026-06-30,33,0
coco,2026-06-30,34,0
coco,2026-06-30,35,0
coco,2026-06-30,36,0
coco,2026-06-30,37,0
coco,2026-06-30,38,0
coco,2026-06-30,39,181
coco,2026-06-30,40,22
coco,2026-06-30,41,79
coco,2026-06-30,42,0
coco,2026-06-30,43,3
coco,2026-06-30,44,0
coco,2026-06-30,45,0
coco,2026-06-30,46,0
coco,2026-06-30,47,0
coco,2026-07-01,0,0
coco,2026-07-01,1,0
coco,2026-07-01,2,0
coco,2026-07-01,3,0
coco,2026-07-01,4,0
coco,2026-07-01,5,0
coco,2026-07-01,6,0
coco,2026-07-01,7,0
coco,2026-07-01,8,0
coco,2026-07-01,9,0
coco,2026-07-01,10,0
coco,2026-07-01,11,0
coco,2026-07-01,12,0
coco,2026-07-01,13,0
coco,2026-07-01,14,0
coco,2026-07-01,15,3
coco,2026-07-01,16,11
coco,2026-07-01,17,20
coco,2026-07-01,18,6
coco,2026-07-01,19,0
coco,2026-07-01,20,0
coco,2026-07-01,21,37
coco,2026-07-01,22,0
coco,2026-07-01,23,5
coco,2026-07-01,24,0
coco,2026-07-01,25,0
coco,2026-07-01,26,0
coco,2026-07-01,27,76
coco,2026-07-01,28,0
coco,2026-07-01,29,1
coco,2026-07-01,30,0
coco,2026-07-01,31,0
coco,2026-07-01,32,0
coco,2026-07-01,33,0
coco,2026-07-01,34,0
coco,2026-07-01,35,27
coco,2026-07-01,36,0
coco,2026-07-01,37,0
coco,2026-07-01,38,0
coco,2026-07-01,39,2
coco,2026-07-01,40,0
coco,2026-07-01,41,2
coco,2026-07-01,42,44
coco,2026-07-01,43,5
coco,2026-07-01,44,23
coco,2026-07-01,45,0
coco,2026-07-01,46,0
coco,2026-07-01,47,0
coco,2026-07-02,0,0
coco,2026-07-02,1,0
coco,2026-07-02,2,0
coco,2026-07-02,3,0
coco,2026-07-02,4,0
coco,2026-07-02,5,0
coco,2026-07-02,6,0
coco,2026-07-02,7,0
coco,2026-07-02,8,0
coco,2026-07-02,9,0
coco,2026-07-02,10,0
coco,2026-07-02,11,0
coco,2026-07-02,12,0
coco,2026-07-02,13,0
coco,2026-07-02,14,0
coco,2026-07-02,15,1
coco,2026-07-02,16,0
coco,2026-07-02,17,3
coco,2026-07-02,18,0
coco,2026-07-02,19,21
coco,2026-07-02,20,13
coco,2026-07-02,21,4
coco,2026-07-02,22,0
coco,2026-07-02,23,2
coco,2026-07-02,24,1
coco,2026-07-02,25,0
coco,2026-07-02,26,71
coco,2026-07-02,27,0
coco,2026-07-02,28,0
coco,2026-07-02,29,0
coco,2026-07-02,30,0
coco,2026-07-02,31,1
coco,2026-07-02,32,34
coco,2026-07-02,33,0
coco,2026-07-02,34,0
coco,2026-07-02,35,0
coco,2026-07-02,36,0
coco,2026-07-02,37,125
coco,2026-07-02,38,0
coco,2026-07-02,39,4
coco,2026-07-02,40,1
coco,2026-07-02,41,28
coco,2026-07-02,42,43
coco,2026-07-02,43,53
coco,2026-07-02,44,0
coco,2026-07-02,45,0
coco,2026-07-02,46,2
coco,2026-07-02,47,0
coco,2026-07-03,0,0
coco,2026-07-03,1,0
coco,2026-07-03,2,0
coco,2026-07-03,3,0
coco,2026-07-03,4,0
coco,2026-07-03,5,0
coco,2026-07-03,6,0
coco,2026-07-03,7,0
coco,2026-07-03,8,0
coco,2026-07-03,9,0
coco,2026-07-03,10,0
coco,2026-07-03,11,0
coco,2026-07-03,12,0
coco,2026-07-03,13,0
coco,2026-07-03,14,0
coco,2026-07-03,15,6
coco,2026-07-03,16,45
coco,2026-07-03,17,0
coco,2026-07-03,18,0
coco,2026-07-03,19,32
coco,2026-07-03,20,0
coco,2026-07-03,21,5
coco,2026-07-03,22,0
coco,2026-07-03,23,0
coco,2026-07-03,24,0
coco,2026-07-03,25,0
coco,2026-07-03,26,0
coco,2026-07-03,27,0
coco,2026-07-03,28,0
coco,2026-07-03,29,0
coco,2026-07-03,30,0
coco,2026-07-03,31,0
coco,2026-07-03,32,0
coco,2026-07-03,33,1
coco,2026-07-03,34,0
coco,2026-07-03,35,0
coco,2026-07-03,36,0
coco,2026-07-03,37,0
coco,2026-07-03,38,0
coco,2026-07-03,39,0
coco,2026-07-03,40,0
coco,2026-07-03,41,0
coco,2026-07-03,42,42
coco,2026-07-03,43,4
coco,2026-07-03,44,12
coco,2026-07-03,45,5
coco,2026-07-03,46,0
coco,2026-07-03,47,0
coco,2026-07-04,0,0
coco,2026-07-04,1,0
coco,2026-07-04,2,0
coco,2026-07-04,3,0
coco,2026-07-04,4,0
coco,2026-07-04,5,0
coco,2026-07-04,6,0
coco,2026-07-04,7,0
coco,2026-07-04,8,0
coco,2026-07-04,9,0
coco,2026-07-04,10,0
coco,2026-07-04,11,0
coco,2026-07-04,12,0
coco,2026-07-04,13,0
coco,2026-07-04,14,0
coco,2026-07-04,15,0
coco,2026-07-04,16,58
coco,2026-07-04,17,11
coco,2026-07-04,18,0
coco,2026-07-04,19,0
coco,2026-07-04,20,2
coco,2026-07-04,21,4
coco,2026-07-04,22,0
coco,2026-07-04,23,0
coco,2026-07-04,24,0
coco,2026-07-04,25,27
coco,2026-07-04,26,0
coco,2026-07-04,27,0
coco,2026-07-04,28,0
coco,2026-07-04,29,0
coco,2026-07-04,30,0
coco,2026-07-04,31,0
coco,2026-07-04,32,0
coco,2026-07-04,33,0
coco,2026-07-04,34,5
coco,2026-07-04,35,0
coco,2026-07-04,36,17
coco,2026-07-04,37,0
coco,2026-07-04,38,0
coco,2026-07-04,39,0
coco,2026-07-04,40,0
coco,2026-07-04,41,0
coco,2026-07-04,42,0
coco,2026-07-04,43,28
coco,2026-07-04,44,0
coco,2026-07-04,45,0
coco,2026-07-04,46,0
coco,2026-07-04,47,0
coco,2026-07-05,0,0
coco,2026-07-05,1,0
coco,2026-07-05,2,0
coco,2026-07-05,3,0
coco,2026-07-05,4,0
coco,2026-07-05,5,0
coco,2026-07-05,6,0
coco,2026-07-05,7,0
coco,2026-07-05,8,0
coco,2026-07-05,9,0
coco,2026-07-05,10,0
coco,2026-07-05,11,0
coco,2026-07-05,12,0
coco,2026-07-05,13,0
coco,2026-07-05,14,0
coco,2026-07-05,15,4
coco,2026-07-05,16,42
coco,2026-07-05,17,0
coco,2026-07-05,18,42
coco,2026-07-05,19,0
coco,2026-07-05,20,2
coco,2026-07-05,21,1
coco,2026-07-05,22,0
coco,2026-07-05,23,0
coco,2026-07-05,24,0
coco,2026-07-05,25,0
coco,2026-07-05,26,0
coco,2026-07-05,27,0
coco,2026-07-05,28,0
coco,2026-07-05,29,0
coco,2026-07-05,30,0
coco,2026-07-05,31,0
coco,2026-07-05,32,0
coco,2026-07-05,33,0
coco,2026-07-05,34,0
coco,2026-07-05,35,0
coco,2026-07-05,36,7
coco,2026-07-05,37,0
coco,2026-07-05,38,152
coco,2026-07-05,39,0
coco,2026-07-05,40,129
coco,2026-07-05,41,0
coco,2026-07-05,42,15
coco,2026-07-05,43,0
coco,2026-07-05,44,6
coco,2026-07-05,45,3
coco,2026-07-05,46,0
coco,2026-07-05,47,0
coco,2026-07-06,0,0
coco,2026-07-06,1,0
coco,2026-07-06,2,0
coco,2026-07-06,3,0
coco,2026-07-06,4,0
coco,2026-07-06,5,0
coco,2026-07-06,6,0
coco,2026-07-06,7,0
coco,2026-07-06,8,0
coco,2026-07-06,9,0
coco,2026-07-06,10,0
coco,2026-07-06,11,0
coco,2026-07-06,12,0
coco,2026-07-06,13,0
coco,2026-07-06,14,0
coco,2026-07-06,15,5
coco,2026-07-06,16,4
coco,2026-07-06,17,0
coco,2026-07-06,18,0
coco,2026-07-06,19,0
coco,2026-07-06,20,0
coco,2026-07-06,21,1
coco,2026-07-06,22,0
coco,2026-07-06,23,1
coco,2026-07-06,24,0
coco,2026-07-06,25,0
coco,2026-07-06,26,0
coco,2026-07-06,27,78
coco,2026-07-06,28,0
coco,2026-07-06,29,0
coco,2026-07-06,30,0
coco,2026-07-06,31,0
coco,2026-07-06,32,0
coco,2026-07-06,33,0
coco,2026-07-06,34,0
coco,2026-07-06,35,0
coco,2026-07-06,36,0
coco,2026-07-06,37,0
coco,2026-07-06,38,1
coco,2026-07-06,39,16
coco,2026-07-06,40,40
coco,2026-07-06,41,0
coco,2026-07-06,42,34
coco,2026-07-06,43,27
coco,2026-07-06,44,94
coco,2026-07-06,45,11
coco,2026-07-06,46,0
coco,2026-07-06,47,0
coco,2026-07-07,0,0
coco,2026-07-07,1,0
coco,2026-07-07,2,0
coco,2026-07-07,3,0
coco,2026-07-07,4,0
coco,2026-07-07,5,0
coco,2026-07-07,6,0
coco,2026-07-07,7,0
coco,2026-07-07,8,0
coco,2026-07-07,9,0
coco,2026-07-07,10,0
coco,2026-07-07,11,0
coco,2026-07-07,12,0
coco,2026-07-07,13,0
coco,2026-07-07,14,0
coco,2026-07-07,15,0
coco,2026-07-07,16,0
coco,2026-07-07,17,0
coco,2026-07-07,18,0
coco,2026-07-07,19,0
coco,2026-07-07,20,153
coco,2026-07-07,21,14
coco,2026-07-07,22,0
coco,2026-07-07,23,0
coco,2026-07-07,24,2
coco,2026-07-07,25,36
coco,2026-07-07,26,0
coco,2026-07-07,27,0
coco,2026-07-07,28,0
coco,2026-07-07,29,0
coco,2026-07-07,30,0
coco,2026-07-07,31,0
coco,2026-07-07,32,0
coco,2026-07-07,33,35
coco,2026-07-07,34,0
coco,2026-07-07,35,0
coco,2026-07-07,36,8
coco,2026-07-07,37,0
coco,2026-07-07,38,0
coco,2026-07-07,39,0
coco,2026-07-07,40,2
coco,2026-07-07,41,13
coco,2026-07-07,42,2
coco,2026-07-07,43,0
coco,2026-07-07,44,0
coco,2026-07-07,45,78
coco,2026-07-07,46,0
coco,2026-07-07,47,2
coco,2026-07-08,0,0
coco,2026-07-08,1,0
coco,2026-07-08,2,0
coco,2026-07-08,3,0
coco,2026-07-08,4,0
coco,2026-07-08,5,0
coco,2026-07-08,6,0
coco,2026-07-08,7,0
coco,2026-07-08,8,0
coco,2026-07-08,9,0
coco,2026-07-08,10,0
coco,2026-07-08,11,0
coco,2026-07-08,12,0
coco,2026-07-08,13,0
coco,2026-07-08,14,0
coco,2026-07-08,15,2
coco,2026-07-08,16,208
coco,2026-07-08,17,0
coco,2026-07-08,18,3
coco,2026-07-08,19,115
coco,2026-07-08,20,1
coco,2026-07-08,21,4
coco,2026-07-08,22,1
coco,2026-07-08,23,1
coco,2026-07-08,24,0
coco,2026-07-08,25,0
coco,2026-07-08,26,4
coco,2026-07-08,27,0
coco,2026-07-08,28,0
coco,2026-07-08,29,0
coco,2026-07-08,30,0
coco,2026-07-08,31,0
coco,2026-07-08,32,0
coco,2026-07-08,33,0
coco,2026-07-08,34,0
coco,2026-07-08,35,0
coco,2026-07-08,36,0
coco,2026-07-08,37,0
coco,2026-07-08,38,0
coco,2026-07-08,39,1
coco,2026-07-08,40,74
coco,2026-07-08,41,17
coco,2026-07-08,42,8
coco,2026-07-08,43,0
coco,2026-07-08,44,1
coco,2026-07-08,45,0
coco,2026-07-08,46,0
coco,2026-07-08,47,0
coco,2026-07-09,0,0
coco,2026-07-09,1,0
coco,2026-07-09,2,0
coco,2026-07-09,3,0
coco,2026-07-09,4,0
coco,2026-07-09,5,0
coco,2026-07-09,6,0
coco,2026-07-09,7,0
coco,2026-07-09,8,0
coco,2026-07-09,9,0
coco,2026-07-09,10,0
coco,2026-07-09,11,0
coco,2026-07-09,12,0
coco,2026-07-09,13,0
coco,2026-07-09,14,0
coco,2026-07-09,15,0
coco,2026-07-09,16,0
coco,2026-07-09,17,0
coco,2026-07-09,18,0
coco,2026-07-09,19,0
coco,2026-07-09,20,0
coco,2026-07-09,21,0
coco,2026-07-09,22,0
coco,2026-07-09,23,31
coco,2026-07-09,24,1
coco,2026-07-09,25,0
coco,2026-07-09,26,0
coco,2026-07-09,27,0
coco,2026-07-09,28,0
coco,2026-07-09,29,0
coco,2026-07-09,30,0
coco,2026-07-09,31,0
coco,2026-07-09,32,0
coco,2026-07-09,33,0
coco,2026-07-09,34,0
coco,2026-07-09,35,1
coco,2026-07-09,36,0
coco,2026-07-09,37,0
coco,2026-07-09,38,0
coco,2026-07-09,39,3
coco,2026-07-09,40,60
coco,2026-07-09,41,208
coco,2026-07-09,42,0
coco,2026-07-09,43,1
coco,2026-07-09,44,0
coco,2026-07-09,45,2
coco,2026-07-09,46,50
coco,2026-07-09,47,0
coco,2026-07-10,0,0
coco,2026-07-10,1,0
coco,2026-07-10,2,0
coco,2026-07-10,3,0
coco,2026-07-10,4,0
coco,2026-07-10,5,0
coco,2026-07-10,6,0
coco,2026-07-10,7,0
coco,2026-07-10,8,0
coco,2026-07-10,9,0
coco,2026-07-10,10,0
coco,2026-07-10,11,0
coco,2026-07-10,12,0
coco,2026-07-10,13,0
coco,2026-07-10,14,0
coco,2026-07-10,15,2
coco,2026-07-10,16,0
coco,2026-07-10,17,1
coco,2026-07-10,18,245
coco,2026-07-10,19,24
coco,2026-07-10,20,0
coco,2026-07-10,21,1
coco,2026-07-10,22,0
coco,2026-07-10,23,11
coco,2026-07-10,24,0
coco,2026-07-10,25,0
coco,2026-07-10,26,0
coco,2026-07-10,27,2
coco,2026-07-10,28,0
coco,2026-07-10,29,0
coco,2026-07-10,30,0
coco,2026-07-10,31,0
coco,2026-07-10,32,0
coco,2026-07-10,33,1
coco,2026-07-10,34,0
coco,2026-07-10,35,1
coco,2026-07-10,36,0
coco,2026-07-10,37,0
coco,2026-07-10,38,2
coco,2026-07-10,39,0
coco,2026-07-10,40,0
coco,2026-07-10,41,0
coco,2026-07-10,42,0
coco,2026-07-10,43,0
coco,2026-07-10,44,0
coco,2026-07-10,45,0
coco,2026-07-10,46,0
coco,2026-07-10,47,0
coco,2026-07-11,0,0
coco,2026-07-11,1,0
coco,2026-07-11,2,0
coco,2026-07-11,3,4
coco,2026-07-11,4,0
coco,2026-07-11,5,0
coco,2026-07-11,6,4
coco,2026-07-11,7,0
coco,2026-07-11,8,0
coco,2026-07-11,9,0
coco,2026-07-11,10,0
coco,2026-07-11,11,0
coco,2026-07-11,12,0
coco,2026-07-11,13,0
coco,2026-07-11,14,0
coco,2026-07-11,15,0
coco,2026-07-11,16,0
coco,2026-07-11,17,0
coco,2026-07-11,18,0
coco,2026-07-11,19,0
coco,2026-07-11,20,0
coco,2026-07-11,21,1
coco,2026-07-11,22,0
coco,2026-07-11,23,2
coco,2026-07-11,24,0
coco,2026-07-11,25,0
coco,2026-07-11,26,0
coco,2026-07-11,27,42
coco,2026-07-11,28,0
coco,2026-07-11,29,0
coco,2026-07-11,30,0
coco,2026-07-11,31,0
coco,2026-07-11,32,0
coco,2026-07-11,33,0
coco,2026-07-11,34,0
coco,2026-07-11,35,0
coco,2026-07-11,36,3
coco,2026-07-11,37,2
coco,2026-07-11,38,221
coco,2026-07-11,39,0
coco,2026-07-11,40,0
coco,2026-07-11,41,0
coco,2026-07-11,42,0
coco,2026-07-11,43,0
coco,2026-07-11,44,0
coco,2026-07-11,45,0
coco,2026-07-11,46,0
coco,2026-07-11,47,0
coco,2026-07-12,0,0
coco,2026-07-12,1,0
coco,2026-07-12,2,0
coco,2026-07-12,3,0
coco,2026-07-12,4,0
coco,2026-07-12,5,0
coco,2026-07-12,6,0
coco,2026-07-12,7,0
coco,2026-07-12,8,0
coco,2026-07-12,9,0
coco,2026-07-12,10,0
coco,2026-07-12,11,0
coco,2026-07-12,12,0
coco,2026-07-12,13,0
coco,2026-07-12,14,0
coco,2026-07-12,15,0
coco,2026-07-12,16,0
coco,2026-07-12,17,0
coco,2026-07-12,18,0
coco,2026-07-12,19,0
coco,2026-07-12,20,31
coco,2026-07-12,21,0
coco,2026-07-12,22,0
coco,2026-07-12,23,0
coco,2026-07-12,24,1
coco,2026-07-12,25,0
coco,2026-07-12,26,0
coco,2026-07-12,27,1
coco,2026-07-12,28,0
coco,2026-07-12,29,0
coco,2026-07-12,30,0
coco,2026-07-12,31,0
coco,2026-07-12,32,0
coco,2026-07-12,33,0
coco,2026-07-12,34,0
coco,2026-07-12,35,1
coco,2026-07-12,36,0
coco,2026-07-12,37,0
coco,2026-07-12,38,0
coco,2026-07-12,39,7
coco,2026-07-12,40,35
coco,2026-07-12,41,34
coco,2026-07-12,42,15
coco,2026-07-12,43,2
coco,2026-07-12,44,0
coco,2026-07-12,45,0
coco,2026-07-12,46,0
coco,2026-07-12,47,0
coco,2026-07-13,0,0
coco,2026-07-13,1,0
coco,2026-07-13,2,0
coco,2026-07-13,3,0
coco,2026-07-13,4,0
coco,2026-07-13,5,0
coco,2026-07-13,6,0
coco,2026-07-13,7,0
coco,2026-07-13,8,0
coco,2026-07-13,9,0
coco,2026-07-13,10,0
coco,2026-07-13,11,0
coco,2026-07-13,12,0
coco,2026-07-13,13,0
coco,2026-07-13,14,0
coco,2026-07-13,15,0
coco,2026-07-13,16,0
coco,2026-07-13,17,0
coco,2026-07-13,18,0
coco,2026-07-13,19,1
coco,2026-07-13,20,11
coco,2026-07-13,21,5
coco,2026-07-13,22,22
coco,2026-07-13,23,23
coco,2026-07-13,24,1
coco,2026-07-13,25,1
coco,2026-07-13,26,0
coco,2026-07-13,27,0
coco,2026-07-13,28,0
coco,2026-07-13,29,0
coco,2026-07-13,30,0
coco,2026-07-13,31,0
coco,2026-07-13,32,0
coco,2026-07-13,33,0
coco,2026-07-13,34,0
coco,2026-07-13,35,0
coco,2026-07-13,36,1
coco,2026-07-13,37,0
coco,2026-07-13,38,0
coco,2026-07-13,39,0
coco,2026-07-13,40,104
coco,2026-07-13,41,2
coco,2026-07-13,42,0
coco,2026-07-13,43,9
coco,2026-07-13,44,81
coco,2026-07-13,45,0
coco,2026-07-13,46,0
coco,2026-07-13,47,0
coco,2026-07-14,0,0
coco,2026-07-14,1,0
coco,2026-07-14,2,0
coco,2026-07-14,3,0
coco,2026-07-14,4,0
coco,2026-07-14,5,0
coco,2026-07-14,6,0
coco,2026-07-14,7,0
coco,2026-07-14,8,0
coco,2026-07-14,9,0
coco,2026-07-14,10,0
coco,2026-07-14,11,0
coco,2026-07-14,12,0
coco,2026-07-14,13,0
coco,2026-07-14,14,45
coco,2026-07-14,15,1
coco,2026-07-14,16,0
coco,2026-07-14,17,1
coco,2026-07-14,18,2
coco,2026-07-14,19,6
coco,2026-07-14,20,6
coco,2026-07-14,21,0
coco,2026-07-14,22,166
coco,2026-07-14,23,0
coco,2026-07-14,24,1
coco,2026-07-14,25,0
coco,2026-07-14,26,34
coco,2026-07-14,27,0
coco,2026-07-14,28,0
coco,2026-07-14,29,0
coco,2026-07-14,30,3
coco,2026-07-14,31,0
coco,2026-07-14,32,0
coco,2026-07-14,33,0
coco,2026-07-14,34,1
coco,2026-07-14,35,0
coco,2026-07-14,36,0
coco,2026-07-14,37,0
coco,2026-07-14,38,182
coco,2026-07-14,39,37
coco,2026-07-14,40,5
coco,2026-07-14,41,0
coco,2026-07-14,42,0
coco,2026-07-14,43,0
coco,2026-07-14,44,0
coco,2026-07-14,45,0
coco,2026-07-14,46,14
coco,2026-07-14,47,0
coco,2026-07-15,0,0
coco,2026-07-15,1,0
coco,2026-07-15,2,0
coco,2026-07-15,3,0
coco,2026-07-15,4,0
coco,2026-07-15,5,0
coco,2026-07-15,6,0
coco,2026-07-15,7,0
coco,2026-07-15,8,0
coco,2026-07-15,9,0
coco,2026-07-15,10,0
coco,2026-07-15,11,0
coco,2026-07-15,12,0
coco,2026-07-15,13,0
coco,2026-07-15,14,0
coco,2026-07-15,15,0
coco,2026-07-15,16,7
coco,2026-07-15,17,0
coco,2026-07-15,18,0
coco,2026-07-15,19,6
coco,2026-07-15,20,27
coco,2026-07-15,21,0
coco,2026-07-15,22,12
coco,2026-07-15,23,0
coco,2026-07-15,24,3
coco,2026-07-15,25,0
coco,2026-07-15,26,0
coco,2026-07-15,27,34
coco,2026-07-15,28,0
coco,2026-07-15,29,0
coco,2026-07-15,30,12
coco,2026-07-15,31,0
coco,2026-07-15,32,0
coco,2026-07-15,33,0
coco,2026-07-15,34,0
coco,2026-07-15,35,0
coco,2026-07-15,36,0
coco,2026-07-15,37,0
coco,2026-07-15,38,0
coco,2026-07-15,39,1
coco,2026-07-15,40,3
coco,2026-07-15,41,1
coco,2026-07-15,42,6
coco,2026-07-15,43,3
coco,2026-07-15,44,0
coco,2026-07-15,45,0
coco,2026-07-15,46,0
coco,2026-07-15,47,0
coco,2026-07-16,0,0
coco,2026-07-16,1,0
coco,2026-07-16,2,2
coco,2026-07-16,3,0
coco,2026-07-16,4,0
coco,2026-07-16,5,0
coco,2026-07-16,6,0
coco,2026-07-16,7,0
coco,2026-07-16,8,0
coco,2026-07-16,9,0
coco,2026-07-16,10,0
coco,2026-07-16,11,0
coco,2026-07-16,12,0
coco,2026-07-16,13,0
coco,2026-07-16,14,0
coco,2026-07-16,15,0
coco,2026-07-16,16,0
coco,2026-07-16,17,0
coco,2026-07-16,18,15
coco,2026-07-16,19,5
coco,2026-07-16,20,13
coco,2026-07-16,21,86
coco,2026-07-16,22,0
coco,2026-07-16,23,8
coco,2026-07-16,24,0
coco,2026-07-16,25,87
coco,2026-07-16,26,0
coco,2026-07-16,27,0
coco,2026-07-16,28,0
coco,2026-07-16,29,0
coco,2026-07-16,30,0
coco,2026-07-16,31,0
coco,2026-07-16,32,0
coco,2026-07-16,33,0
coco,2026-07-16,34,0
coco,2026-07-16,35,8
coco,2026-07-16,36,1
coco,2026-07-16,37,0
coco,2026-07-16,38,0
coco,2026-07-16,39,0
coco,2026-07-16,40,8
coco,2026-07-16,41,9
coco,2026-07-16,42,0
coco,2026-07-16,43,65
coco,2026-07-16,44,0
coco,2026-07-16,45,0
coco,2026-07-16,46,0
coco,2026-07-16,47,0
coco,2026-07-17,0,0
coco,2026-07-17,1,0
coco,2026-07-17,2,0
coco,2026-07-17,3,0
coco,2026-07-17,4,0
coco,2026-07-17,5,0
coco,2026-07-17,6,0
coco,2026-07-17,7,0
coco,2026-07-17,8,0
coco,2026-07-17,9,0
coco,2026-07-17,10,0
coco,2026-07-17,11,0
coco,2026-07-17,12,0
coco,2026-07-17,13,0
coco,2026-07-17,14,0
coco,2026-07-17,15,0
coco,2026-07-17,16,6
coco,2026-07-17,17,0
coco,2026-07-17,18,0
coco,2026-07-17,19,7
coco,2026-07-17,20,0
coco,2026-07-17,21,0
coco,2026-07-17,22,0
coco,2026-07-17,23,0
coco,2026-07-17,24,0
coco,2026-07-17,25,0
coco,2026-07-17,26,0
coco,2026-07-17,27,184
coco,2026-07-17,28,24
coco,2026-07-17,29,0
coco,2026-07-17,30,0
coco,2026-07-17,31,0
coco,2026-07-17,32,0
coco,2026-07-17,33,0
coco,2026-07-17,34,49
coco,2026-07-17,35,0
coco,2026-07-17,36,0
coco,2026-07-17,37,0
coco,2026-07-17,38,0
coco,2026-07-17,39,0
coco,2026-07-17,40,0
coco,2026-07-17,41,0
coco,2026-07-17,42,0
coco,2026-07-17,43,0
coco,2026-07-17,44,0
coco,2026-07-17,45,11
coco,2026-07-17,46,0
coco,2026-07-17,47,1
coco,2026-07-18,0,0
coco,2026-07-18,1,0
coco,2026-07-18,2,0
coco,2026-07-18,3,0
coco,2026-07-18,4,0
coco,2026-07-18,5,0
coco,2026-07-18,6,0
coco,2026-07-18,7,0
coco,2026-07-18,8,0
coco,2026-07-18,9,0
coco,2026-07-18,10,0
coco,2026-07-18,11,0
coco,2026-07-18,12,0
coco,2026-07-18,13,0
coco,2026-07-18,14,0
coco,2026-07-18,15,0
coco,2026-07-18,16,0
coco,2026-07-18,17,0
coco,2026-07-18,18,0
coco,2026-07-18,19,0
coco,2026-07-18,20,0
coco,2026-07-18,21,0
coco,2026-07-18,22,0
coco,2026-07-18,23,0
coco,2026-07-18,24,0
coco,2026-07-18,25,0
coco,2026-07-18,26,2
coco,2026-07-18,27,3
coco,2026-07-18,28,110
coco,2026-07-18,29,0
coco,2026-07-18,30,0
coco,2026-07-18,31,0
coco,2026-07-18,32,0
coco,2026-07-18,33,0
coco,2026-07-18,34,0
coco,2026-07-18,35,0
coco,2026-07-18,36,2
coco,2026-07-18,37,5
coco,2026-07-18,38,0
coco,2026-07-18,39,0
coco,2026-07-18,40,0
coco,2026-07-18,41,0
coco,2026-07-18,42,0
coco,2026-07-18,43,0
coco,2026-07-18,44,0
coco,2026-07-18,45,1
coco,2026-07-18,46,1
coco,2026-07-18,47,0
coco,2026-07-19,0,0
coco,2026-07-19,1,0
coco,2026-07-19,2,0
coco,2026-07-19,3,2
coco,2026-07-19,4,0
coco,2026-07-19,5,0
coco,2026-07-19,6,0
coco,2026-07-19,7,0
coco,2026-07-19,8,0
coco,2026-07-19,9,0
coco,2026-07-19,10,0
coco,2026-07-19,11,0
coco,2026-07-19,12,0
coco,2026-07-19,13,0
coco,2026-07-19,14,0
coco,2026-07-19,15,0
coco,2026-07-19,16,0
coco,2026-07-19,17,0
coco,2026-07-19,18,0
coco,2026-07-19,19,0
coco,2026-07-19,20,0
coco,2026-07-19,21,0
coco,2026-07-19,22,0
coco,2026-07-19,23,0
coco,2026-07-19,24,0
coco,2026-07-19,25,0
coco,2026-07-19,26,0
coco,2026-07-19,27,12
coco,2026-07-19,28,1
coco,2026-07-19,29,0
coco,2026-07-19,30,0
coco,2026-07-19,31,0
coco,2026-07-19,32,0
coco,2026-07-19,33,0
coco,2026-07-19,34,0
coco,2026-07-19,35,0
coco,2026-07-19,36,122
coco,2026-07-19,37,0
coco,2026-07-19,38,14
coco,2026-07-19,39,0
coco,2026-07-19,40,0
coco,2026-07-19,41,0
coco,2026-07-19,42,0
coco,2026-07-19,43,2
coco,2026-07-19,44,6
coco,2026-07-19,45,0
coco,2026-07-19,46,0
coco,2026-07-19,47,0
coco,2026-07-20,0,1
coco,2026-07-20,1,0
coco,2026-07-20,2,0
coco,2026-07-20,3,0
coco,2026-07-20,4,0
coco,2026-07-20,5,0
coco,2026-07-20,6,0
coco,2026-07-20,7,0
coco,2026-07-20,8,0
coco,2026-07-20,9,0
coco,2026-07-20,10,0
coco,2026-07-20,11,0
coco,2026-07-20,12,0
coco,2026-07-20,13,0
coco,2026-07-20,14,0
coco,2026-07-20,15,3
coco,2026-07-20,16,3
coco,2026-07-20,17,0
coco,2026-07-20,18,0
coco,2026-07-20,19,0
coco,2026-07-20,20,0
coco,2026-07-20,21,0
coco,2026-07-20,22,0
coco,2026-07-20,23,0
coco,2026-07-20,24,0
coco,2026-07-20,25,2
coco,2026-07-20,26,1
coco,2026-07-20,27,23
coco,2026-07-20,28,0
coco,2026-07-20,29,0
coco,2026-07-20,30,0
coco,2026-07-20,31,0
coco,2026-07-20,32,0
coco,2026-07-20,33,0
coco,2026-07-20,34,0
coco,2026-07-20,35,0
coco,2026-07-20,36,0
coco,2026-07-20,37,0
coco,2026-07-20,38,0
coco,2026-07-20,39,10
coco,2026-07-20,40,45
coco,2026-07-20,41,5
coco,2026-07-20,42,168
coco,2026-07-20,43,11
coco,2026-07-20,44,0
coco,2026-07-20,45,0
coco,2026-07-20,46,0
coco,2026-07-20,47,0
coco,2026-07-21,0,0
coco,2026-07-21,1,0
coco,2026-07-21,2,0
coco,2026-07-21,3,0
coco,2026-07-21,4,0
coco,2026-07-21,5,0
coco,2026-07-21,6,0
coco,2026-07-21,7,0
coco,2026-07-21,8,0
coco,2026-07-21,9,0
coco,2026-07-21,10,0
coco,2026-07-21,11,0
coco,2026-07-21,12,0
coco,2026-07-21,13,0
coco,2026-07-21,14,0
coco,2026-07-21,15,1
coco,2026-07-21,16,9
coco,2026-07-21,17,0
coco,2026-07-21,18,0
coco,2026-07-21,19,0
coco,2026-07-21,20,0
coco,2026-07-21,21,0
coco,2026-07-21,22,0
coco,2026-07-21,23,0
coco,2026-07-21,24,13
coco,2026-07-21,25,0
coco,2026-07-21,26,6
coco,2026-07-21,27,0
coco,2026-07-21,28,0
coco,2026-07-21,29,0
coco,2026-07-21,30,0
coco,2026-07-21,31,0
coco,2026-07-21,32,0
coco,2026-07-21,33,0
coco,2026-07-21,34,45
coco,2026-07-21,35,0
coco,2026-07-21,36,0
coco,2026-07-21,37,0
coco,2026-07-21,38,0
coco,2026-07-21,39,136
coco,2026-07-21,40,63
coco,2026-07-21,41,38
coco,2026-07-21,42,4
coco,2026-07-21,43,2
coco,2026-07-21,44,10
coco,2026-07-21,45,66
coco,2026-07-21,46,0
coco,2026-07-21,47,0
coco,2026-07-22,0,0
coco,2026-07-22,1,0
coco,2026-07-22,2,0
coco,2026-07-22,3,0
coco,2026-07-22,4,0
coco,2026-07-22,5,0
coco,2026-07-22,6,0
coco,2026-07-22,7,0
coco,2026-07-22,8,0
coco,2026-07-22,9,0
coco,2026-07-22,10,0
coco,2026-07-22,11,0
coco,2026-07-22,12,0
coco,2026-07-22,13,0
coco,2026-07-22,14,0
coco,2026-07-22,15,0
coco,2026-07-22,16,46
coco,2026-07-22,17,0
coco,2026-07-22,18,0
coco,2026-07-22,19,2
coco,2026-07-22,20,3
coco,2026-07-22,21,0
coco,2026-07-22,22,3
coco,2026-07-22,23,2
coco,2026-07-22,24,2
coco,2026-07-22,25,4
coco,2026-07-22,26,0
coco,2026-07-22,27,44
coco,2026-07-22,28,0
coco,2026-07-22,29,0
coco,2026-07-22,30,0
coco,2026-07-22,31,0
coco,2026-07-22,32,0
coco,2026-07-22,33,0
coco,2026-07-22,34,0
coco,2026-07-22,35,0
coco,2026-07-22,36,0
coco,2026-07-22,37,0
coco,2026-07-22,38,1
coco,2026-07-22,39,0
coco,2026-07-22,40,1
coco,2026-07-22,41,0
coco,2026-07-22,42,18
coco,2026-07-22,43,0
coco,2026-07-22,44,0
coco,2026-07-22,45,15
coco,2026-07-22,46,6
coco,2026-07-22,47,7
coco,2026-07-23,0,0
coco,2026-07-23,1,0
coco,2026-07-23,2,0
coco,2026-07-23,3,0
coco,2026-07-23,4,0
coco,2026-07-23,5,0
coco,2026-07-23,6,0
coco,2026-07-23,7,0
coco,2026-07-23,8,0
coco,2026-07-23,9,0
coco,2026-07-23,10,0
coco,2026-07-23,11,0
coco,2026-07-23,12,0
coco,2026-07-23,13,0
coco,2026-07-23,14,0
coco,2026-07-23,15,0
coco,2026-07-23,16,8
coco,2026-07-23,17,0
coco,2026-07-23,18,0
coco,2026-07-23,19,0
coco,2026-07-23,20,0
coco,2026-07-23,21,0
coco,2026-07-23,22,0
coco,2026-07-23,23,0
coco,2026-07-23,24,0
coco,2026-07-23,25,0
coco,2026-07-23,26,0
coco,2026-07-23,27,0
coco,2026-07-23,28,0
coco,2026-07-23,29,0
coco,2026-07-23,30,0
coco,2026-07-23,31,0
coco,2026-07-23,32,0
coco,2026-07-23,33,2
coco,2026-07-23,34,3
coco,2026-07-23,35,9
coco,2026-07-23,36,0
coco,2026-07-23,37,0
coco,2026-07-23,38,0
coco,2026-07-23,39,1
coco,2026-07-23,40,18
coco,2026-07-23,41,4
coco,2026-07-23,42,64
coco,2026-07-23,43,21
coco,2026-07-23,44,13
coco,2026-07-23,45,0
coco,2026-07-23,46,0
coco,2026-07-23,47,0
coco,2026-07-24,0,0
coco,2026-07-24,1,0
coco,2026-07-24,2,0
coco,2026-07-24,3,0
coco,2026-07-24,4,0
coco,2026-07-24,5,0
coco,2026-07-24,6,0
coco,2026-07-24,7,0
coco,2026-07-24,8,0
coco,2026-07-24,9,0
coco,2026-07-24,10,0
coco,2026-07-24,11,0
coco,2026-07-24,12,0
coco,2026-07-24,13,0
coco,2026-07-24,14,0
coco,2026-07-24,15,0
coco,2026-07-24,16,0
coco,2026-07-24,17,0
coco,2026-07-24,18,0
coco,2026-07-24,19,0
coco,2026-07-24,20,113
coco,2026-07-24,21,7
coco,2026-07-24,22,2
coco,2026-07-24,23,0
coco,2026-07-24,24,0
coco,2026-07-24,25,0
coco,2026-07-24,26,0
coco,2026-07-24,27,10
coco,2026-07-24,28,4
coco,2026-07-24,29,0
coco,2026-07-24,30,0
coco,2026-07-24,31,1
coco,2026-07-24,32,0
coco,2026-07-24,33,0
coco,2026-07-24,34,0
coco,2026-07-24,35,0
coco,2026-07-24,36,0
coco,2026-07-24,37,0
coco,2026-07-24,38,0
coco,2026-07-24,39,16
coco,2026-07-24,40,2
coco,2026-07-24,41,17
coco,2026-07-24,42,59
coco,2026-07-24,43,0
coco,2026-07-24,44,0
coco,2026-07-24,45,0
coco,2026-07-24,46,0
coco,2026-07-24,47,36
coco,2026-07-25,0,0
coco,2026-07-25,1,0
coco,2026-07-25,2,0
coco,2026-07-25,3,0
coco,2026-07-25,4,0
coco,2026-07-25,5,0
coco,2026-07-25,6,0
coco,2026-07-25,7,0
coco,2026-07-25,8,0
coco,2026-07-25,9,0
coco,2026-07-25,10,0
coco,2026-07-25,11,0
coco,2026-07-25,12,0
coco,2026-07-25,13,0
coco,2026-07-25,14,0
coco,2026-07-25,15,0
coco,2026-07-25,16,0
coco,2026-07-25,17,0
coco,2026-07-25,18,0
coco,2026-07-25,19,0
coco,2026-07-25,20,0
coco,2026-07-25,21,0
coco,2026-07-25,22,0
coco,2026-07-25,23,0
coco,2026-07-25,24,2
coco,2026-07-25,25,34
coco,2026-07-25,26,6
coco,2026-07-25,27,0
coco,2026-07-25,28,0
coco,2026-07-25,29,0
coco,2026-07-25,30,0
coco,2026-07-25,31,0
coco,2026-07-25,32,0
coco,2026-07-25,33,0
coco,2026-07-25,34,0
coco,2026-07-25,35,0
coco,2026-07-25,36,1
coco,2026-07-25,37,1
coco,2026-07-25,38,3
coco,2026-07-25,39,7
coco,2026-07-25,40,11
coco,2026-07-25,41,9
coco,2026-07-25,42,6
coco,2026-07-25,43,2
coco,2026-07-25,44,27
coco,2026-07-25,45,0
coco,2026-07-25,46,0
coco,2026-07-25,47,0
coco,2026-07-26,0,0
coco,2026-07-26,1,0
coco,2026-07-26,2,0
coco,2026-07-26,3,0
coco,2026-07-26,4,0
coco,2026-07-26,5,0
coco,2026-07-26,6,2
coco,2026-07-26,7,0
coco,2026-07-26,8,0
coco,2026-07-26,9,0
coco,2026-07-26,10,0
coco,2026-07-26,11,0
coco,2026-07-26,12,0
coco,2026-07-26,13,0
coco,2026-07-26,14,0
coco,2026-07-26,15,0
coco,2026-07-26,16,0
coco,2026-07-26,17,0
coco,2026-07-26,18,2
coco,2026-07-26,19,0
coco,2026-07-26,20,0
coco,2026-07-26,21,0
coco,2026-07-26,22,0
coco,2026-07-26,23,1
coco,2026-07-26,24,1
coco,2026-07-26,25,0
coco,2026-07-26,26,0
coco,2026-07-26,27,0
coco,2026-07-26,28,0
coco,2026-07-26,29,0
coco,2026-07-26,30,0
coco,2026-07-26,31,0
coco,2026-07-26,32,0
coco,2026-07-26,33,0
coco,2026-07-26,34,0
coco,2026-07-26,35,1
coco,2026-07-26,36,1
coco,2026-07-26,37,4
coco,2026-07-26,38,26
coco,2026-07-26,39,2
coco,2026-07-26,40,1
coco,2026-07-26,41,17
coco,2026-07-26,42,16
coco,2026-07-26,43,1
coco,2026-07-26,44,1
coco,2026-07-26,45,0
coco,2026-07-26,46,0
coco,2026-07-26,47,0
coco,2026-07-27,0,0
coco,2026-07-27,1,0
coco,2026-07-27,2,0
coco,2026-07-27,3,0
coco,2026-07-27,4,0
coco,2026-07-27,5,0
coco,2026-07-27,6,0
coco,2026-07-27,7,0
coco,2026-07-27,8,0
coco,2026-07-27,9,0
coco,2026-07-27,10,0
coco,2026-07-27,11,0
coco,2026-07-27,12,0
coco,2026-07-27,13,0
coco,2026-07-27,14,2
coco,2026-07-27,15,3
coco,2026-07-27,16,0
coco,2026-07-27,17,0
coco,2026-07-27,18,0
coco,2026-07-27,19,0
coco,2026-07-27,20,0
coco,2026-07-27,21,0
coco,2026-07-27,22,5
coco,2026-07-27,23,0
coco,2026-07-27,24,0
coco,2026-07-27,25,0
coco,2026-07-27,26,1
coco,2026-07-27,27,1
coco,2026-07-27,28,16
coco,2026-07-27,29,0
coco,2026-07-27,30,0
coco,2026-07-27,31,0
coco,2026-07-27,32,0
coco,2026-07-27,33,0
coco,2026-07-27,34,0
coco,2026-07-27,35,0
coco,2026-07-27,36,1
coco,2026-07-27,37,0
coco,2026-07-27,38,1
coco,2026-07-27,39,1
coco,2026-07-27,40,1
coco,2026-07-27,41,21
coco,2026-07-27,42,2
coco,2026-07-27,43,8
coco,2026-07-27,44,0
coco,2026-07-27,45,0
coco,2026-07-27,46,0
coco,2026-07-27,47,0
coco,2026-07-28,0,0
coco,2026-07-28,1,0
coco,2026-07-28,2,0
coco,2026-07-28,3,0
coco,2026-07-28,4,0
coco,2026-07-28,5,0
coco,2026-07-28,6,0
coco,2026-07-28,7,0
coco,2026-07-28,8,0
coco,2026-07-28,9,0
coco,2026-07-28,10,0
coco,2026-07-28,11,0
coco,2026-07-28,12,0
coco,2026-07-28,13,0
coco,2026-07-28,14,0
coco,2026-07-28,15,16
coco,2026-07-28,16,7
coco,2026-07-28,17,3
coco,2026-07-28,18,0
coco,2026-07-28,19,10
coco,2026-07-28,20,7
coco,2026-07-28,21,0
coco,2026-07-28,22,0
coco,2026-07-28,23,0
coco,2026-07-28,24,0
coco,2026-07-28,25,0
coco,2026-07-28,26,0
coco,2026-07-28,27,0
coco,2026-07-28,28,0
coco,2026-07-28,29,0
coco,2026-07-28,30,0
coco,2026-07-28,31,2
coco,2026-07-28,32,0
coco,2026-07-28,33,0
coco,2026-07-28,34,0
coco,2026-07-28,35,0
coco,2026-07-28,36,0
coco,2026-07-28,37,7
coco,2026-07-28,38,1
coco,2026-07-28,39,0
coco,2026-07-28,40,0
coco,2026-07-28,41,3
coco,2026-07-28,42,0
coco,2026-07-28,43,1
coco,2026-07-28,44,0
coco,2026-07-28,45,0
coco,2026-07-28,46,0
coco,2026-07-28,47,1
coco,2026-07-29,0,0
coco,2026-07-29,1,0
coco,2026-07-29,2,0
coco,2026-07-29,3,0
coco,2026-07-29,4,0
coco,2026-07-29,5,0
coco,2026-07-29,6,0
coco,2026-07-29,7,0
coco,2026-07-29,8,0
coco,2026-07-29,9,0
coco,2026-07-29,10,0
coco,2026-07-29,11,0
coco,2026-07-29,12,0
coco,2026-07-29,13,0
coco,2026-07-29,14,0
coco,2026-07-29,15,0
coco,2026-07-29,16,39
coco,2026-07-29,17,0
coco,2026-07-29,18,0
coco,2026-07-29,19,16
coco,2026-07-29,20,0
coco,2026-07-29,21,2
coco,2026-07-29,22,1
coco,2026-07-29,23,0
coco,2026-07-29,24,0
coco,2026-07-29,25,0
coco,2026-07-29,26,0
coco,2026-07-29,27,0
coco,2026-07-29,28,44
coco,2026-07-29,29,0
coco,2026-07-29,30,0
coco,2026-07-29,31,0
coco,2026-07-29,32,0
coco,2026-07-29,33,0
coco,2026-07-29,34,0
coco,2026-07-29,35,0
coco,2026-07-29,36,0
coco,2026-07-29,37,0
coco,2026-07-29,38,0
coco,2026-07-29,39,0
coco,2026-07-29,40,0
coco,2026-07-29,41,1
coco,2026-07-29,42,156
coco,2026-07-29,43,0
coco,2026-07-29,44,0
coco,2026-07-29,45,1
coco,2026-07-29,46,1
coco,2026-07-29,47,2
coco,2026-07-30,0,0
coco,2026-07-30,1,0
coco,2026-07-30,2,0
coco,2026-07-30,3,0
coco,2026-07-30,4,0
coco,2026-07-30,5,0
coco,2026-07-30,6,0
coco,2026-07-30,7,0
coco,2026-07-30,8,0
coco,2026-07-30,9,0
coco,2026-07-30,10,0
coco,2026-07-30,11,0
coco,2026-07-30,12,0
coco,2026-07-30,13,0
coco,2026-07-30,14,1
coco,2026-07-30,15,0
coco,2026-07-30,16,0
coco,2026-07-30,17,0
coco,2026-07-30,18,0
coco,2026-07-30,19,0
coco,2026-07-30,20,0
coco,2026-07-30,21,0
coco,2026-07-30,22,2
coco,2026-07-30,23,0
coco,2026-07-30,24,3
coco,2026-07-30,25,0
coco,2026-07-30,26,0
coco,2026-07-30,27,0
coco,2026-07-30,28,0
coco,2026-07-30,29,0
coco,2026-07-30,30,0
coco,2026-07-30,31,0
coco,2026-07-30,32,0
coco,2026-07-30,33,0
coco,2026-07-30,34,0
coco,2026-07-30,35,0
coco,2026-07-30,36,1
coco,2026-07-30,37,0
coco,2026-07-30,38,0
coco,2026-07-30,39,0
coco,2026-07-30,40,0
coco,2026-07-30,41,0
coco,2026-07-30,42,0
coco,2026-07-30,43,3
coco,2026-07-30,44,0
coco,2026-07-30,45,0
coco,2026-07-30,46,0
coco,2026-07-30,47,0
coco,2026-07-31,0,0
coco,2026-07-31,1,0
coco,2026-07-31,2,0
coco,2026-07-31,3,0
coco,2026-07-31,4,0
coco,2026-07-31,5,0
coco,2026-07-31,6,0
coco,2026-07-31,7,0
coco,2026-07-31,8,0
coco,2026-07-31,9,0
coco,2026-07-31,10,0
coco,2026-07-31,11,0
coco,2026-07-31,12,0
coco,2026-07-31,13,0
coco,2026-07-31,14,0
coco,2026-07-31,15,0
coco,2026-07-31,16,0
coco,2026-07-31,17,0
coco,2026-07-31,18,0
coco,2026-07-31,19,2
coco,2026-07-31,20,10
coco,2026-07-31,21,0
coco,2026-07-31,22,0
coco,2026-07-31,23,0
coco,2026-07-31,24,0
coco,2026-07-31,25,0
coco,2026-07-31,26,0
coco,2026-07-31,27,0
coco,2026-07-31,28,3
coco,2026-07-31,29,0
coco,2026-07-31,30,14
coco,2026-07-31,31,0
coco,2026-07-31,32,0
coco,2026-07-31,33,0
coco,2026-07-31,34,0
coco,2026-07-31,35,0
coco,2026-07-31,36,0
coco,2026-07-31,37,0
coco,2026-07-31,38,0
coco,2026-07-31,39,18
coco,2026-07-31,40,0
coco,2026-07-31,41,0
coco,2026-07-31,42,2
coco,2026-07-31,43,2
coco,2026-07-31,44,58
coco,2026-07-31,45,5
coco,2026-07-31,46,0
coco,2026-07-31,47,0
coco,2026-08-01,0,0
coco,2026-08-01,1,0
coco,2026-08-01,2,0
coco,2026-08-01,3,0
coco,2026-08-01,4,0
coco,2026-08-01,5,0
coco,2026-08-01,6,0
coco,2026-08-01,7,0
coco,2026-08-01,8,0
coco,2026-08-01,9,0
coco,2026-08-01,10,0
coco,2026-08-01,11,0
coco,2026-08-01,12,0
coco,2026-08-01,13,2
coco,2026-08-01,14,0
coco,2026-08-01,15,0
coco,2026-08-01,16,0
coco,2026-08-01,17,0
coco,2026-08-01,18,0
coco,2026-08-01,19,0
coco,2026-08-01,20,7
coco,2026-08-01,21,0
coco,2026-08-01,22,30
coco,2026-08-01,23,1
coco,2026-08-01,24,0
coco,2026-08-01,25,0
coco,2026-08-01,26,0
coco,2026-08-01,27,0
coco,2026-08-01,28,0
coco,2026-08-01,29,0
coco,2026-08-01,30,0
coco,2026-08-01,31,0
coco,2026-08-01,32,0
coco,2026-08-01,33,0
coco,2026-08-01,34,0
coco,2026-08-01,35,0
coco,2026-08-01,36,1
coco,2026-08-01,37,0
coco,2026-08-01,38,0
coco,2026-08-01,39,0
coco,2026-08-01,40,0
coco,2026-08-01,41,0
coco,2026-08-01,42,0
coco,2026-08-01,43,12
coco,2026-08-01,44,0
coco,2026-08-01,45,3
coco,2026-08-01,46,0
coco,2026-08-01,47,0
coco,2026-08-02,0,0
coco,2026-08-02,1,0
coco,2026-08-02,2,0
coco,2026-08-02,3,0
coco,2026-08-02,4,0
coco,2026-08-02,5,0
coco,2026-08-02,6,0
coco,2026-08-02,7,0
coco,2026-08-02,8,0
coco,2026-08-02,9,0
coco,2026-08-02,10,0
coco,2026-08-02,11,6
coco,2026-08-02,12,0
coco,2026-08-02,13,0
coco,2026-08-02,14,0
coco,2026-08-02,15,0
coco,2026-08-02,16,57
coco,2026-08-02,17,10
coco,2026-08-02,18,0
coco,2026-08-02,19,10
coco,2026-08-02,20,37
coco,2026-08-02,21,2
coco,2026-08-02,22,0
coco,2026-08-02,23,1
coco,2026-08-02,24,0
coco,2026-08-02,25,33
coco,2026-08-02,26,0
coco,2026-08-02,27,0
coco,2026-08-02,28,0
coco,2026-08-02,29,0
coco,2026-08-02,30,0
coco,2026-08-02,31,0
coco,2026-08-02,32,0
coco,2026-08-02,33,0
coco,2026-08-02,34,0
coco,2026-08-02,35,0
coco,2026-08-02,36,0
coco,2026-08-02,37,1
coco,2026-08-02,38,1
coco,2026-08-02,39,1
coco,2026-08-02,40,0
coco,2026-08-02,41,0
coco,2026-08-02,42,0
coco,2026-08-02,43,44
coco,2026-08-02,44,0
coco,2026-08-02,45,1
coco,2026-08-02,46,0
coco,2026-08-02,47,0
coco,2026-08-03,0,0
coco,2026-08-03,1,0
coco,2026-08-03,2,0
coco,2026-08-03,3,0
coco,2026-08-03,4,0
coco,2026-08-03,5,0
coco,2026-08-03,6,0
coco,2026-08-03,7,0
coco,2026-08-03,8,0
coco,2026-08-03,9,0
coco,2026-08-03,10,0
coco,2026-08-03,11,0
coco,2026-08-03,12,0
coco,2026-08-03,13,0
coco,2026-08-03,14,0
coco,2026-08-03,15,0
coco,2026-08-03,16,0
coco,2026-08-03,17,0
coco,2026-08-03,18,0
coco,2026-08-03,19,40
coco,2026-08-03,20,1
coco,2026-08-03,21,51
coco,2026-08-03,22,148
coco,2026-08-03,23,0
coco,2026-08-03,24,0
coco,2026-08-03,25,0
coco,2026-08-03,26,0
coco,2026-08-03,27,30
coco,2026-08-03,28,0
coco,2026-08-03,29,0
coco,2026-08-03,30,0
coco,2026-08-03,31,0
coco,2026-08-03,32,0
coco,2026-08-03,33,0
coco,2026-08-03,34,0
coco,2026-08-03,35,0
coco,2026-08-03,36,0
coco,2026-08-03,37,29
coco,2026-08-03,38,10
coco,2026-08-03,39,70
coco,2026-08-03,40,3
coco,2026-08-03,41,4
coco,2026-08-03,42,0
coco,2026-08-03,43,6
coco,2026-08-03,44,19
coco,2026-08-03,45,8
coco,2026-08-03,46,0
coco,2026-08-03,47,0
coco,2026-08-04,0,0
coco,2026-08-04,1,0
coco,2026-08-04,2,0
coco,2026-08-04,3,0
coco,2026-08-04,4,0
coco,2026-08-04,5,0
coco,2026-08-04,6,0
coco,2026-08-04,7,0
coco,2026-08-04,8,0
coco,2026-08-04,9,0
coco,2026-08-04,10,0
coco,2026-08-04,11,0
coco,2026-08-04,12,0
coco,2026-08-04,13,0
coco,2026-08-04,14,9
coco,2026-08-04,15,34
coco,2026-08-04,16,0
coco,2026-08-04,17,0
coco,2026-08-04,18,1
coco,2026-08-04,19,1
coco,2026-08-04,20,3
coco,2026-08-04,21,49
coco,2026-08-04,22,34
coco,2026-08-04,23,0
coco,2026-08-04,24,1
coco,2026-08-04,25,12
coco,2026-08-04,26,0
coco,2026-08-04,27,1
coco,2026-08-04,28,0
coco,2026-08-04,29,0
coco,2026-08-04,30,0
coco,2026-08-04,31,0
coco,2026-08-04,32,0
coco,2026-08-04,33,0
coco,2026-08-04,34,0
coco,2026-08-04,35,0
coco,2026-08-04,36,0
coco,2026-08-04,37,16
coco,2026-08-04,38,0
coco,2026-08-04,39,0
coco,2026-08-04,40,0
coco,2026-08-04,41,8
coco,2026-08-04,42,0
coco,2026-08-04,43,0
coco,2026-08-04,44,0
coco,2026-08-04,45,0
coco,2026-08-04,46,0
coco,2026-08-04,47,0
coco,2026-08-05,0,0
coco,2026-08-05,1,0
coco,2026-08-05,2,0
coco,2026-08-05,3,0
coco,2026-08-05,4,0
coco,2026-08-05,5,0
coco,2026-08-05,6,0
coco,2026-08-05,7,0
coco,2026-08-05,8,0
coco,2026-08-05,9,0
coco,2026-08-05,10,0
coco,2026-08-05,11,0
coco,2026-08-05,12,0
coco,2026-08-05,13,0
coco,2026-08-05,14,0
coco,2026-08-05,15,27
coco,2026-08-05,16,0
coco,2026-08-05,17,0
coco,2026-08-05,18,2
coco,2026-08-05,19,1
coco,2026-08-05,20,6
coco,2026-08-05,21,234
coco,2026-08-05,22,4
coco,2026-08-05,23,14
coco,2026-08-05,24,0
coco,2026-08-05,25,0
coco,2026-08-05,26,0
coco,2026-08-05,27,0
coco,2026-08-05,28,0
coco,2026-08-05,29,0
coco,2026-08-05,30,0
coco,2026-08-05,31,0
coco,2026-08-05,32,4
coco,2026-08-05,33,0
coco,2026-08-05,34,0
coco,2026-08-05,35,0
coco,2026-08-05,36,0
coco,2026-08-05,37,124
coco,2026-08-05,38,0
coco,2026-08-05,39,0
coco,2026-08-05,40,24
coco,2026-08-05,41,10
coco,2026-08-05,42,15
coco,2026-08-05,43,0
coco,2026-08-05,44,1
coco,2026-08-05,45,0
coco,2026-08-05,46,0
coco,2026-08-05,47,0
coco,2026-08-06,0,0
coco,2026-08-06,1,0
coco,2026-08-06,2,0
coco,2026-08-06,3,0
coco,2026-08-06,4,0
coco,2026-08-06,5,0
coco,2026-08-06,6,0
coco,2026-08-06,7,0
coco,2026-08-06,8,0
coco,2026-08-06,9,0
coco,2026-08-06,10,0
coco,2026-08-06,11,0
coco,2026-08-06,12,0
coco,2026-08-06,13,0
coco,2026-08-06,14,0
coco,2026-08-06,15,1
coco,2026-08-06,16,1
coco,2026-08-06,17,5
coco,2026-08-06,18,153
coco,2026-08-06,19,1
coco,2026-08-06,20,12
coco,2026-08-06,21,0
coco,2026-08-06,22,0
coco,2026-08-06,23,0
coco,2026-08-06,24,0
coco,2026-08-06,25,0
coco,2026-08-06,26,0
coco,2026-08-06,27,0
coco,2026-08-06,28,0
coco,2026-08-06,29,0
coco,2026-08-06,30,0
coco,2026-08-06,31,0
coco,2026-08-06,32,0
coco,2026-08-06,33,0
coco,2026-08-06,34,60
coco,2026-08-06,35,0
coco,2026-08-06,36,0
coco,2026-08-06,37,1
coco,2026-08-06,38,1
coco,2026-08-06,39,2
coco,2026-08-06,40,16
coco,2026-08-06,41,0
coco,2026-08-06,42,34
coco,2026-08-06,43,0
coco,2026-08-06,44,6
coco,2026-08-06,45,7
coco,2026-08-06,46,0
coco,2026-08-06,47,0
coco,2026-08-07,0,0
coco,2026-08-07,1,0
coco,2026-08-07,2,0
coco,2026-08-07,3,0
coco,2026-08-07,4,0
coco,2026-08-07,5,0
coco,2026-08-07,6,0
coco,2026-08-07,7,0
coco,2026-08-07,8,0
coco,2026-08-07,9,0
coco,2026-08-07,10,0
coco,2026-08-07,11,0
coco,2026-08-07,12,0
coco,2026-08-07,13,0
coco,2026-08-07,14,0
coco,2026-08-07,15,0
coco,2026-08-07,16,0
coco,2026-08-07,17,0
coco,2026-08-07,18,0
coco,2026-08-07,19,0
coco,2026-08-07,20,0
coco,2026-08-07,21,0
coco,2026-08-07,22,0
coco,2026-08-07,23,0
coco,2026-08-07,24,32
coco,2026-08-07,25,0
coco,2026-08-07,26,0
coco,2026-08-07,27,0
coco,2026-08-07,28,0
coco,2026-08-07,29,0
coco,2026-08-07,30,0
coco,2026-08-07,31,0
coco,2026-08-07,32,0
coco,2026-08-07,33,0
coco,2026-08-07,34,0
coco,2026-08-07,35,0
coco,2026-08-07,36,0
coco,2026-08-07,37,0
coco,2026-08-07,38,9
coco,2026-08-07,39,0
coco,2026-08-07,40,1
coco,2026-08-07,41,22
coco,2026-08-07,42,0
coco,2026-08-07,43,4
coco,2026-08-07,44,0
coco,2026-08-07,45,0
coco,2026-08-07,46,0
coco,2026-08-07,47,0
coco,2026-08-08,0,0
coco,2026-08-08,1,0
coco,2026-08-08,2,0
coco,2026-08-08,3,0
coco,2026-08-08,4,0
coco,2026-08-08,5,0
coco,2026-08-08,6,0
coco,2026-08-08,7,0
coco,2026-08-08,8,0
coco,2026-08-08,9,0
coco,2026-08-08,10,0
coco,2026-08-08,11,0
coco,2026-08-08,12,0
coco,2026-08-08,13,0
coco,2026-08-08,14,0
coco,2026-08-08,15,0
coco,2026-08-08,16,0
coco,2026-08-08,17,0
coco,2026-08-08,18,0
coco,2026-08-08,19,0
coco,2026-08-08,20,0
coco,2026-08-08,21,0
coco,2026-08-08,22,0
coco,2026-08-08,23,0
coco,2026-08-08,24,78
coco,2026-08-08,25,0
coco,2026-08-08,26,0
coco,2026-08-08,27,0
coco,2026-08-08,28,0
coco,2026-08-08,29,0
coco,2026-08-08,30,0
coco,2026-08-08,31,0
coco,2026-08-08,32,0
coco,2026-08-08,33,0
coco,2026-08-08,34,0
coco,2026-08-08,35,0
coco,2026-08-08,36,0
coco,2026-08-08,37,0
coco,2026-08-08,38,0
coco,2026-08-08,39,0
coco,2026-08-08,40,0
coco,2026-08-08,41,0
coco,2026-08-08,42,0
coco,2026-08-08,43,0
coco,2026-08-08,44,0
coco,2026-08-08,45,0
coco,2026-08-08,46,0
coco,2026-08-08,47,0
coco,2026-08-09,0,0
coco,2026-08-09,1,0
coco,2026-08-09,2,0
coco,2026-08-09,3,0
coco,2026-08-09,4,0
coco,2026-08-09,5,0
coco,2026-08-09,6,0
coco,2026-08-09,7,0
coco,2026-08-09,8,0
coco,2026-08-09,9,0
coco,2026-08-09,10,0
coco,2026-08-09,11,0
coco,2026-08-09,12,0
coco,2026-08-09,13,0
coco,2026-08-09,14,0
coco,2026-08-09,15,0
coco,2026-08-09,16,0
coco,2026-08-09,17,0
coco,2026-08-09,18,0
coco,2026-08-09,19,0
coco,2026-08-09,20,18
coco,2026-08-09,21,1
coco,2026-08-09,22,2
coco,2026-08-09,23,0
coco,2026-08-09,24,0
coco,2026-08-09,25,0
coco,2026-08-09,26,0
coco,2026-08-09,27,0
coco,2026-08-09,28,0
coco,2026-08-09,29,0
coco,2026-08-09,30,0
coco,2026-08-09,31,0
coco,2026-08-09,32,0
coco,2026-08-09,33,0
coco,2026-08-09,34,0
coco,2026-08-09,35,0
coco,2026-08-09,36,11
coco,2026-08-09,37,0
coco,2026-08-09,38,0
coco,2026-08-09,39,46
coco,2026-08-09,40,1
coco,2026-08-09,41,28
coco,2026-08-09,42,0
coco,2026-08-09,43,0
coco,2026-08-09,44,13
coco,2026-08-09,45,1
coco,2026-08-09,46,0
coco,2026-08-09,47,0
coco,2026-08-10,0,0
coco,2026-08-10,1,0
coco,2026-08-10,2,1
coco,2026-08-10,3,0
coco,2026-08-10,4,0
coco,2026-08-10,5,0
coco,2026-08-10,6,0
coco,2026-08-10,7,0
coco,2026-08-10,8,0
coco,2026-08-10,9,0
coco,2026-08-10,10,0
coco,2026-08-10,11,0
coco,2026-08-10,12,0
coco,2026-08-10,13,0
coco,2026-08-10,14,0
coco,2026-08-10,15,0
coco,2026-08-10,16,0
coco,2026-08-10,17,0
coco,2026-08-10,18,0
coco,2026-08-10,19,14
coco,2026-08-10,20,97
coco,2026-08-10,21,0
coco,2026-08-10,22,2
coco,2026-08-10,23,0
coco,2026-08-10,24,0
coco,2026-08-10,25,0
coco,2026-08-10,26,0
coco,2026-08-10,27,0
coco,2026-08-10,28,0
coco,2026-08-10,29,0
coco,2026-08-10,30,0
coco,2026-08-10,31,0
coco,2026-08-10,32,0
coco,2026-08-10,33,0
coco,2026-08-10,34,0
coco,2026-08-10,35,0
coco,2026-08-10,36,0
coco,2026-08-10,37,0
coco,2026-08-10,38,8
coco,2026-08-10,39,1
coco,2026-08-10,40,9
coco,2026-08-10,41,0
coco,2026-08-10,42,10
coco,2026-08-10,43,0
coco,2026-08-10,44,5
coco,2026-08-10,45,0
coco,2026-08-10,46,0
coco,2026-08-10,47,0
coco,2026-08-11,0,0
coco,2026-08-11,1,0
coco,2026-08-11,2,0
coco,2026-08-11,3,0
coco,2026-08-11,4,0
coco,2026-08-11,5,0
coco,2026-08-11,6,0
coco,2026-08-11,7,0
coco,2026-08-11,8,0
coco,2026-08-11,9,0
coco,2026-08-11,10,0
coco,2026-08-11,11,0
coco,2026-08-11,12,0
coco,2026-08-11,13,0
coco,2026-08-11,14,0
coco,2026-08-11,15,0
coco,2026-08-11,16,9
coco,2026-08-11,17,0
coco,2026-08-11,18,3
coco,2026-08-11,19,0
coco,2026-08-11,20,0
coco,2026-08-11,21,139
coco,2026-08-11,22,23
coco,2026-08-11,23,8
coco,2026-08-11,24,2
coco,2026-08-11,25,0
coco,2026-08-11,26,0
coco,2026-08-11,27,0
coco,2026-08-11,28,0
coco,2026-08-11,29,100
coco,2026-08-11,30,0
coco,2026-08-11,31,0
coco,2026-08-11,32,0
coco,2026-08-11,33,0
coco,2026-08-11,34,1
coco,2026-08-11,35,0
coco,2026-08-11,36,0
coco,2026-08-11,37,0
coco,2026-08-11,38,0
coco,2026-08-11,39,6
coco,2026-08-11,40,16
coco,2026-08-11,41,3
coco,2026-08-11,42,0
coco,2026-08-11,43,0
coco,2026-08-11,44,1
coco,2026-08-11,45,1
coco,2026-08-11,46,0
coco,2026-08-11,47,0
coco,2026-08-12,0,0
coco,2026-08-12,1,0
coco,2026-08-12,2,0
coco,2026-08-12,3,0
coco,2026-08-12,4,0
coco,2026-08-12,5,0
coco,2026-08-12,6,0
coco,2026-08-12,7,0
coco,2026-08-12,8,0
coco,2026-08-12,9,0
coco,2026-08-12,10,0
coco,2026-08-12,11,0
coco,2026-08-12,12,0
coco,2026-08-12,13,0
coco,2026-08-12,14,0
coco,2026-08-12,15,0
coco,2026-08-12,16,6
coco,2026-08-12,17,0
coco,2026-08-12,18,1
coco,2026-08-12,19,4
coco,2026-08-12,20,6
coco,2026-08-12,21,255
coco,2026-08-12,22,0
coco,2026-08-12,23,0
coco,2026-08-12,24,0
coco,2026-08-12,25,0
coco,2026-08-12,26,0
coco,2026-08-12,27,31
coco,2026-08-12,28,0
coco,2026-08-12,29,0
coco,2026-08-12,30,0
coco,2026-08-12,31,0
coco,2026-08-12,32,0
coco,2026-08-12,33,0
coco,2026-08-12,34,0
coco,2026-08-12,35,0
coco,2026-08-12,36,1
coco,2026-08-12,37,0
coco,2026-08-12,38,16
coco,2026-08-12,39,59
coco,2026-08-12,40,0
coco,2026-08-12,41,17
coco,2026-08-12,42,44
coco,2026-08-12,43,0
coco,2026-08-12,44,3
coco,2026-08-12,45,0
coco,2026-08-12,46,0
coco,2026-08-12,47,0
coco,2026-08-13,0,0
coco,2026-08-13,1,0
coco,2026-08-13,2,0
coco,2026-08-13,3,0
coco,2026-08-13,4,0
coco,2026-08-13,5,0
coco,2026-08-13,6,0
coco,2026-08-13,7,0
coco,2026-08-13,8,0
coco,2026-08-13,9,0
coco,2026-08-13,10,0
coco,2026-08-13,11,0
coco,2026-08-13,12,0
coco,2026-08-13,13,0
coco,2026-08-13,14,0
coco,2026-08-13,15,0
coco,2026-08-13,16,8
coco,2026-08-13,17,0
coco,2026-08-13,18,2
coco,2026-08-13,19,0
coco,2026-08-13,20,17
coco,2026-08-13,21,8
coco,2026-08-13,22,0
coco,2026-08-13,23,0
coco,2026-08-13,24,0
coco,2026-08-13,25,0
coco,2026-08-13,26,0
coco,2026-08-13,27,0
coco,2026-08-13,28,0
coco,2026-08-13,29,0
coco,2026-08-13,30,0
coco,2026-08-13,31,0
coco,2026-08-13,32,0
coco,2026-08-13,33,0
coco,2026-08-13,34,0
coco,2026-08-13,35,0
coco,2026-08-13,36,0
coco,2026-08-13,37,0
coco,2026-08-13,38,0
coco,2026-08-13,39,2
coco,2026-08-13,40,0
coco,2026-08-13,41,0
coco,2026-08-13,42,2
coco,2026-08-13,43,5
coco,2026-08-13,44,49
coco,2026-08-13,45,0
coco,2026-08-13,46,0
coco,2026-08-13,47,0
coco,2026-08-14,0,0
coco,2026-08-14,1,0
coco,2026-08-14,2,0
coco,2026-08-14,3,0
coco,2026-08-14,4,0
coco,2026-08-14,5,0
coco,2026-08-14,6,0
coco,2026-08-14,7,0
coco,2026-08-14,8,0
coco,2026-08-14,9,0
coco,2026-08-14,10,0
coco,2026-08-14,11,0
coco,2026-08-14,12,0
coco,2026-08-14,13,0
coco,2026-08-14,14,32
coco,2026-08-14,15,0
coco,2026-08-14,16,27
coco,2026-08-14,17,2
coco,2026-08-14,18,0
coco,2026-08-14,19,5
coco,2026-08-14,20,111
coco,2026-08-14,21,0
coco,2026-08-14,22,0
coco,2026-08-14,23,0
coco,2026-08-14,24,0
coco,2026-08-14,25,0
coco,2026-08-14,26,0
coco,2026-08-14,27,55
coco,2026-08-14,28,0
coco,2026-08-14,29,0
coco,2026-08-14,30,0
coco,2026-08-14,31,0
coco,2026-08-14,32,0
coco,2026-08-14,33,0
coco,2026-08-14,34,0
coco,2026-08-14,35,0
coco,2026-08-14,36,0
coco,2026-08-14,37,0
coco,2026-08-14,38,0
coco,2026-08-14,39,0
coco,2026-08-14,40,0
coco,2026-08-14,41,0
coco,2026-08-14,42,0
coco,2026-08-14,43,0
coco,2026-08-14,44,0
coco,2026-08-14,45,0
coco,2026-08-14,46,1
coco,2026-08-14,47,0
coco,2026-08-15,0,0
coco,2026-08-15,1,0
coco,2026-08-15,2,0
coco,2026-08-15,3,0
coco,2026-08-15,4,0
coco,2026-08-15,5,0
coco,2026-08-15,6,0
coco,2026-08-15,7,0
coco,2026-08-15,8,0
coco,2026-08-15,9,0
coco,2026-08-15,10,0
coco,2026-08-15,11,0
coco,2026-08-15,12,0
coco,2026-08-15,13,0
coco,2026-08-15,14,0
coco,2026-08-15,15,0
coco,2026-08-15,16,0
coco,2026-08-15,17,0
coco,2026-08-15,18,0
coco,2026-08-15,19,0
coco,2026-08-15,20,0
coco,2026-08-15,21,0
coco,2026-08-15,22,0
coco,2026-08-15,23,1
coco,2026-08-15,24,0
coco,2026-08-15,25,0
coco,2026-08-15,26,0
coco,2026-08-15,27,0
coco,2026-08-15,28,0
coco,2026-08-15,29,0
coco,2026-08-15,30,0
coco,2026-08-15,31,0
coco,2026-08-15,32,3
coco,2026-08-15,33,34
coco,2026-08-15,34,0
coco,2026-08-15,35,3
coco,2026-08-15,36,0
coco,2026-08-15,37,0
coco,2026-08-15,38,0
coco,2026-08-15,39,0
coco,2026-08-15,40,0
coco,2026-08-15,41,0
coco,2026-08-15,42,0
coco,2026-08-15,43,0
coco,2026-08-15,44,0
coco,2026-08-15,45,0
coco,2026-08-15,46,2
coco,2026-08-15,47,1
coco,2026-08-16,0,0
coco,2026-08-16,1,0
coco,2026-08-16,2,0
coco,2026-08-16,3,0
coco,2026-08-16,4,0
coco,2026-08-16,5,0
coco,2026-08-16,6,0
coco,2026-08-16,7,0
coco,2026-08-16,8,0
coco,2026-08-16,9,0
coco,2026-08-16,10,0
coco,2026-08-16,11,0
coco,2026-08-16,12,0
coco,2026-08-16,13,0
coco,2026-08-16,14,0
coco,2026-08-16,15,0
coco,2026-08-16,16,0
coco,2026-08-16,17,0
coco,2026-08-16,18,1
coco,2026-08-16,19,0
coco,2026-08-16,20,0
coco,2026-08-16,21,0
coco,2026-08-16,22,0
coco,2026-08-16,23,0
coco,2026-08-16,24,76
coco,2026-08-16,25,0
coco,2026-08-16,26,0
coco,2026-08-16,27,0
coco,2026-08-16,28,0
coco,2026-08-16,29,0
coco,2026-08-16,30,0
coco,2026-08-16,31,0
coco,2026-08-16,32,0
coco,2026-08-16,33,0
coco,2026-08-16,34,1
coco,2026-08-16,35,29
coco,2026-08-16,36,0
coco,2026-08-16,37,0
coco,2026-08-16,38,16
coco,2026-08-16,39,0
coco,2026-08-16,40,1
coco,2026-08-16,41,13
coco,2026-08-16,42,0
coco,2026-08-16,43,0
coco,2026-08-16,44,0
coco,2026-08-16,45,6
coco,2026-08-16,46,0
coco,2026-08-16,47,0
coco,2026-08-17,0,0
coco,2026-08-17,1,0
coco,2026-08-17,2,0
coco,2026-08-17,3,0
coco,2026-08-17,4,0
coco,2026-08-17,5,0
coco,2026-08-17,6,0
coco,2026-08-17,7,0
coco,2026-08-17,8,0
coco,2026-08-17,9,0
coco,2026-08-17,10,0
coco,2026-08-17,11,0
coco,2026-08-17,12,0
coco,2026-08-17,13,0
coco,2026-08-17,14,0
coco,2026-08-17,15,6
coco,2026-08-17,16,2
coco,2026-08-17,17,0
coco,2026-08-17,18,1
coco,2026-08-17,19,2
coco,2026-08-17,20,2
coco,2026-08-17,21,30
coco,2026-08-17,22,0
coco,2026-08-17,23,3
coco,2026-08-17,24,0
coco,2026-08-17,25,0
coco,2026-08-17,26,0
coco,2026-08-17,27,0
coco,2026-08-17,28,0
coco,2026-08-17,29,0
coco,2026-08-17,30,0
coco,2026-08-17,31,0
coco,2026-08-17,32,0
coco,2026-08-17,33,0
coco,2026-08-17,34,0
coco,2026-08-17,35,0
coco,2026-08-17,36,1
coco,2026-08-17,37,1
coco,2026-08-17,38,1
coco,2026-08-17,39,16
coco,2026-08-17,40,9
coco,2026-08-17,41,11
coco,2026-08-17,42,1
coco,2026-08-17,43,21
coco,2026-08-17,44,1
coco,2026-08-17,45,0
coco,2026-08-17,46,0
coco,2026-08-17,47,0
coco,2026-08-18,0,0
coco,2026-08-18,1,0
coco,2026-08-18,2,1
coco,2026-08-18,3,0
coco,2026-08-18,4,0
coco,2026-08-18,5,0
coco,2026-08-18,6,0
coco,2026-08-18,7,0
coco,2026-08-18,8,0
coco,2026-08-18,9,0
coco,2026-08-18,10,0
coco,2026-08-18,11,0
coco,2026-08-18,12,0
coco,2026-08-18,13,0
coco,2026-08-18,14,0
coco,2026-08-18,15,2
coco,2026-08-18,16,0
coco,2026-08-18,17,0
coco,2026-08-18,18,1
coco,2026-08-18,19,0
coco,2026-08-18,20,0
coco,2026-08-18,21,0
coco,2026-08-18,22,0
coco,2026-08-18,23,0
coco,2026-08-18,24,0
coco,2026-08-18,25,0
coco,2026-08-18,26,0
coco,2026-08-18,27,3
coco,2026-08-18,28,1
coco,2026-08-18,29,7
coco,2026-08-18,30,1
coco,2026-08-18,31,5
coco,2026-08-18,32,0
coco,2026-08-18,33,0
coco,2026-08-18,34,0
coco,2026-08-18,35,0
coco,2026-08-18,36,0
coco,2026-08-18,37,0
coco,2026-08-18,38,0
coco,2026-08-18,39,13
coco,2026-08-18,40,23
coco,2026-08-18,41,0
coco,2026-08-18,42,0
coco,2026-08-18,43,0
coco,2026-08-18,44,12
coco,2026-08-18,45,28
coco,2026-08-18,46,0
coco,2026-08-18,47,0
coco,2026-08-19,0,0
coco,2026-08-19,1,0
coco,2026-08-19,2,0
coco,2026-08-19,3,0
coco,2026-08-19,4,0
coco,2026-08-19,5,0
coco,2026-08-19,6,0
coco,2026-08-19,7,0
coco,2026-08-19,8,0
coco,2026-08-19,9,0
coco,2026-08-19,10,0
coco,2026-08-19,11,0
coco,2026-08-19,12,0
coco,2026-08-19,13,0
coco,2026-08-19,14,0
coco,2026-08-19,15,0
coco,2026-08-19,16,0
coco,2026-08-19,17,0
coco,2026-08-19,18,0
coco,2026-08-19,19,24
coco,2026-08-19,20,1
coco,2026-08-19,21,0
coco,2026-08-19,22,0
coco,2026-08-19,23,0
coco,2026-08-19,24,86
coco,2026-08-19,25,0
coco,2026-08-19,26,0
coco,2026-08-19,27,0
coco,2026-08-19,28,0
coco,2026-08-19,29,0
coco,2026-08-19,30,0
coco,2026-08-19,31,0
coco,2026-08-19,32,0
coco,2026-08-19,33,0
coco,2026-08-19,34,0
coco,2026-08-19,35,0
coco,2026-08-19,36,0
coco,2026-08-19,37,168
coco,2026-08-19,38,3
coco,2026-08-19,39,0
coco,2026-08-19,40,14
coco,2026-08-19,41,0
coco,2026-08-19,42,0
coco,2026-08-19,43,0
coco,2026-08-19,44,25
coco,2026-08-19,45,0
coco,2026-08-19,46,0
coco,2026-08-19,47,0
coco,2026-08-20,0,0
coco,2026-08-20,1,0
coco,2026-08-20,2,0
coco,2026-08-20,3,0
coco,2026-08-20,4,0
coco,2026-08-20,5,0
coco,2026-08-20,6,0
coco,2026-08-20,7,0
coco,2026-08-20,8,0
coco,2026-08-20,9,0
coco,2026-08-20,10,0
coco,2026-08-20,11,0
coco,2026-08-20,12,0
coco,2026-08-20,13,0
coco,2026-08-20,14,3
coco,2026-08-20,15,19
coco,2026-08-20,16,0
coco,2026-08-20,17,0
coco,2026-08-20,18,0
coco,2026-08-20,19,12
coco,2026-08-20,20,0
coco,2026-08-20,21,49
coco,2026-08-20,22,0
coco,2026-08-20,23,0
coco,2026-08-20,24,20
coco,2026-08-20,25,1
coco,2026-08-20,26,0
coco,2026-08-20,27,0
coco,2026-08-20,28,0
coco,2026-08-20,29,0
coco,2026-08-20,30,0
coco,2026-08-20,31,0
coco,2026-08-20,32,0
coco,2026-08-20,33,3
coco,2026-08-20,34,5
coco,2026-08-20,35,0
coco,2026-08-20,36,0
coco,2026-08-20,37,2
coco,2026-08-20,38,6
coco,2026-08-20,39,0
coco,2026-08-20,40,10
coco,2026-08-20,41,0
coco,2026-08-20,42,0
coco,2026-08-20,43,0
coco,2026-08-20,44,0
coco,2026-08-20,45,0
coco,2026-08-20,46,10
coco,2026-08-20,47,0
coco,2026-08-21,0,0
coco,2026-08-21,1,0
coco,2026-08-21,2,0
coco,2026-08-21,3,0
coco,2026-08-21,4,0
coco,2026-08-21,5,0
coco,2026-08-21,6,0
coco,2026-08-21,7,0
coco,2026-08-21,8,0
coco,2026-08-21,9,0
coco,2026-08-21,10,0
coco,2026-08-21,11,0
coco,2026-08-21,12,0
coco,2026-08-21,13,0
coco,2026-08-21,14,0
coco,2026-08-21,15,0
coco,2026-08-21,16,0
coco,2026-08-21,17,0
coco,2026-08-21,18,0
coco,2026-08-21,19,1
coco,2026-08-21,20,6
coco,2026-08-21,21,2
coco,2026-08-21,22,0
coco,2026-08-21,23,0
coco,2026-08-21,24,0
coco,2026-08-21,25,0
coco,2026-08-21,26,0
coco,2026-08-21,27,1
coco,2026-08-21,28,0
coco,2026-08-21,29,0
coco,2026-08-21,30,0
coco,2026-08-21,31,0
coco,2026-08-21,32,0
coco,2026-08-21,33,0
coco,2026-08-21,34,0
coco,2026-08-21,35,124
coco,2026-08-21,36,0
coco,2026-08-21,37,0
coco,2026-08-21,38,0
coco,2026-08-21,39,18
coco,2026-08-21,40,0
coco,2026-08-21,41,0
coco,2026-08-21,42,14
coco,2026-08-21,43,0
coco,2026-08-21,44,0
coco,2026-08-21,45,0
coco,2026-08-21,46,0
coco,2026-08-21,47,0
coco,2026-08-22,0,0
coco,2026-08-22,1,0
coco,2026-08-22,2,0
coco,2026-08-22,3,0
coco,2026-08-22,4,0
coco,2026-08-22,5,0
coco,2026-08-22,6,0
coco,2026-08-22,7,0
coco,2026-08-22,8,0
coco,2026-08-22,9,0
coco,2026-08-22,10,0
coco,2026-08-22,11,0
coco,2026-08-22,12,0
coco,2026-08-22,13,0
coco,2026-08-22,14,0
coco,2026-08-22,15,0
coco,2026-08-22,16,0
coco,2026-08-22,17,0
coco,2026-08-22,18,0
coco,2026-08-22,19,0
coco,2026-08-22,20,0
coco,2026-08-22,21,0
coco,2026-08-22,22,0
coco,2026-08-22,23,0
coco,2026-08-22,24,0
coco,2026-08-22,25,0
coco,2026-08-22,26,0
coco,2026-08-22,27,0
coco,2026-08-22,28,3
coco,2026-08-22,29,1
coco,2026-08-22,30,2
coco,2026-08-22,31,0
coco,2026-08-22,32,0
coco,2026-08-22,33,0
coco,2026-08-22,34,0
coco,2026-08-22,35,0
coco,2026-08-22,36,8
coco,2026-08-22,37,0
coco,2026-08-22,38,0
coco,2026-08-22,39,1
coco,2026-08-22,40,0
coco,2026-08-22,41,0
coco,2026-08-22,42,0
coco,2026-08-22,43,0
coco,2026-08-22,44,42
coco,2026-08-22,45,1
coco,2026-08-22,46,0
coco,2026-08-22,47,0
coco,2026-08-23,0,0
coco,2026-08-23,1,0
coco,2026-08-23,2,0
coco,2026-08-23,3,0
coco,2026-08-23,4,0
coco,2026-08-23,5,0
coco,2026-08-23,6,0
coco,2026-08-23,7,0
coco,2026-08-23,8,0
coco,2026-08-23,9,0
coco,2026-08-23,10,0
coco,2026-08-23,11,0
coco,2026-08-23,12,0
coco,2026-08-23,13,0
coco,2026-08-23,14,0
coco,2026-08-23,15,0
coco,2026-08-23,16,0
coco,2026-08-23,17,0
coco,2026-08-23,18,0
coco,2026-08-23,19,0
coco,2026-08-23,20,0
coco,2026-08-23,21,0
coco,2026-08-23,22,2
coco,2026-08-23,23,0
coco,2026-08-23,24,32
coco,2026-08-23,25,0
coco,2026-08-23,26,0
coco,2026-08-23,27,60
coco,2026-08-23,28,0
coco,2026-08-23,29,0
coco,2026-08-23,30,0
coco,2026-08-23,31,0
coco,2026-08-23,32,0
coco,2026-08-23,33,0
coco,2026-08-23,34,0
coco,2026-08-23,35,0
coco,2026-08-23,36,122
coco,2026-08-23,37,4
coco,2026-08-23,38,0
coco,2026-08-23,39,1
coco,2026-08-23,40,1
coco,2026-08-23,41,0
coco,2026-08-23,42,0
coco,2026-08-23,43,0
coco,2026-08-23,44,28
coco,2026-08-23,45,0
coco,2026-08-23,46,0
coco,2026-08-23,47,0
coco,2026-08-24,0,0
coco,2026-08-24,1,0
coco,2026-08-24,2,0
coco,2026-08-24,3,0
coco,2026-08-24,4,0
coco,2026-08-24,5,0
coco,2026-08-24,6,0
coco,2026-08-24,7,0
coco,2026-08-24,8,0
coco,2026-08-24,9,0
coco,2026-08-24,10,0
coco,2026-08-24,11,0
coco,2026-08-24,12,0
coco,2026-08-24,13,0
coco,2026-08-24,14,0
coco,2026-08-24,15,3
coco,2026-08-24,16,0
coco,2026-08-24,17,0
coco,2026-08-24,18,11
coco,2026-08-24,19,2
coco,2026-08-24,20,150
coco,2026-08-24,21,3
coco,2026-08-24,22,0
coco,2026-08-24,23,0
coco,2026-08-24,24,1
coco,2026-08-24,25,0
coco,2026-08-24,26,0
coco,2026-08-24,27,0
coco,2026-08-24,28,0
coco,2026-08-24,29,0
coco,2026-08-24,30,0
coco,2026-08-24,31,0
coco,2026-08-24,32,0
coco,2026-08-24,33,8
coco,2026-08-24,34,0
coco,2026-08-24,35,1
coco,2026-08-24,36,0
coco,2026-08-24,37,14
coco,2026-08-24,38,12
coco,2026-08-24,39,0
coco,2026-08-24,40,0
coco,2026-08-24,41,5
coco,2026-08-24,42,2
coco,2026-08-24,43,39
coco,2026-08-24,44,0
coco,2026-08-24,45,0
coco,2026-08-24,46,0
coco,2026-08-24,47,0
coco,2026-08-25,0,0
coco,2026-08-25,1,0
coco,2026-08-25,2,0
coco,2026-08-25,3,0
coco,2026-08-25,4,0
coco,2026-08-25,5,0
coco,2026-08-25,6,0
coco,2026-08-25,7,0
coco,2026-08-25,8,0
coco,2026-08-25,9,0
coco,2026-08-25,10,0
coco,2026-08-25,11,0
coco,2026-08-25,12,0
coco,2026-08-25,13,0
coco,2026-08-25,14,0
coco,2026-08-25,15,7
coco,2026-08-25,16,0
coco,2026-08-25,17,0
coco,2026-08-25,18,0
coco,2026-08-25,19,1
coco,2026-08-25,20,1
coco,2026-08-25,21,0
coco,2026-08-25,22,10
coco,2026-08-25,23,0
coco,2026-08-25,24,0
coco,2026-08-25,25,0
coco,2026-08-25,26,0
coco,2026-08-25,27,0
coco,2026-08-25,28,0
coco,2026-08-25,29,0
coco,2026-08-25,30,17
coco,2026-08-25,31,0
coco,2026-08-25,32,0
coco,2026-08-25,33,0
coco,2026-08-25,34,0
coco,2026-08-25,35,0
coco,2026-08-25,36,0
coco,2026-08-25,37,0
coco,2026-08-25,38,0
coco,2026-08-25,39,0
coco,2026-08-25,40,0
coco,2026-08-25,41,0
coco,2026-08-25,42,92
coco,2026-08-25,43,0
coco,2026-08-25,44,9
coco,2026-08-25,45,0
coco,2026-08-25,46,2
coco,2026-08-25,47,0
coco,2026-08-26,0,0
coco,2026-08-26,1,0
coco,2026-08-26,2,0
coco,2026-08-26,3,0
coco,2026-08-26,4,0
coco,2026-08-26,5,0
coco,2026-08-26,6,0
coco,2026-08-26,7,0
coco,2026-08-26,8,0
coco,2026-08-26,9,0
coco,2026-08-26,10,0
coco,2026-08-26,11,0
coco,2026-08-26,12,0
coco,2026-08-26,13,0
coco,2026-08-26,14,0
coco,2026-08-26,15,0
coco,2026-08-26,16,0
coco,2026-08-26,17,0
coco,2026-08-26,18,0
coco,2026-08-26,19,5
coco,2026-08-26,20,2
coco,2026-08-26,21,1
coco,2026-08-26,22,5
coco,2026-08-26,23,13
coco,2026-08-26,24,2
coco,2026-08-26,25,0
coco,2026-08-26,26,0
coco,2026-08-26,27,0
coco,2026-08-26,28,0
coco,2026-08-26,29,0
coco,2026-08-26,30,0
coco,2026-08-26,31,0
coco,2026-08-26,32,3
coco,2026-08-26,33,0
coco,2026-08-26,34,37
coco,2026-08-26,35,0
coco,2026-08-26,36,1
coco,2026-08-26,37,23
coco,2026-08-26,38,0
coco,2026-08-26,39,16
coco,2026-08-26,40,0
coco,2026-08-26,41,0
coco,2026-08-26,42,0
coco,2026-08-26,43,0
coco,2026-08-26,44,48
coco,2026-08-26,45,0
coco,2026-08-26,46,0
coco,2026-08-26,47,0
coco,2026-08-27,0,0
coco,2026-08-27,1,0
coco,2026-08-27,2,0
coco,2026-08-27,3,0
coco,2026-08-27,4,0
coco,2026-08-27,5,0
coco,2026-08-27,6,0
coco,2026-08-27,7,0
coco,2026-08-27,8,0
coco,2026-08-27,9,0
coco,2026-08-27,10,0
coco,2026-08-27,11,0
coco,2026-08-27,12,0
coco,2026-08-27,13,0
coco,2026-08-27,14,0
coco,2026-08-27,15,0
coco,2026-08-27,16,0
coco,2026-08-27,17,0
coco,2026-08-27,18,0
coco,2026-08-27,19,2
coco,2026-08-27,20,0
coco,2026-08-27,21,0
coco,2026-08-27,22,19
coco,2026-08-27,23,7
coco,2026-08-27,24,9
coco,2026-08-27,25,0
coco,2026-08-27,26,1
coco,2026-08-27,27,0
coco,2026-08-27,28,0
coco,2026-08-27,29,0
coco,2026-08-27,30,0
coco,2026-08-27,31,0
coco,2026-08-27,32,0
coco,2026-08-27,33,1
coco,2026-08-27,34,0
coco,2026-08-27,35,4
coco,2026-08-27,36,0
coco,2026-08-27,37,0
coco,2026-08-27,38,2
coco,2026-08-27,39,7
coco,2026-08-27,40,0
coco,2026-08-27,41,0
coco,2026-08-27,42,0
coco,2026-08-27,43,1
coco,2026-08-27,44,40
coco,2026-08-27,45,0
coco,2026-08-27,46,0
coco,2026-08-27,47,0
coco,2026-08-28,0,0
coco,2026-08-28,1,0
coco,2026-08-28,2,0
coco,2026-08-28,3,0
coco,2026-08-28,4,0
coco,2026-08-28,5,0
coco,2026-08-28,6,0
coco,2026-08-28,7,0
coco,2026-08-28,8,0
coco,2026-08-28,9,0
coco,2026-08-28,10,0
coco,2026-08-28,11,0
coco,2026-08-28,12,0
coco,2026-08-28,13,0
coco,2026-08-28,14,10
coco,2026-08-28,15,0
coco,2026-08-28,16,0
coco,2026-08-28,17,0
coco,2026-08-28,18,0
coco,2026-08-28,19,3
coco,2026-08-28,20,0
coco,2026-08-28,21,6
coco,2026-08-28,22,1
coco,2026-08-28,23,0
coco,2026-08-28,24,3
coco,2026-08-28,25,2
coco,2026-08-28,26,0
coco,2026-08-28,27,84
coco,2026-08-28,28,24
coco,2026-08-28,29,0
coco,2026-08-28,30,0
coco,2026-08-28,31,0
coco,2026-08-28,32,0
coco,2026-08-28,33,0
coco,2026-08-28,34,0
coco,2026-08-28,35,0
coco,2026-08-28,36,0
coco,2026-08-28,37,0
coco,2026-08-28,38,7
coco,2026-08-28,39,14
coco,2026-08-28,40,0
coco,2026-08-28,41,0
coco,2026-08-28,42,16
coco,2026-08-28,43,0
coco,2026-08-28,44,108
coco,2026-08-28,45,0
coco,2026-08-28,46,0
coco,2026-08-28,47,0
coco,2026-08-29,0,0
coco,2026-08-29,1,0
coco,2026-08-29,2,0
coco,2026-08-29,3,0
coco,2026-08-29,4,0
coco,2026-08-29,5,0
coco,2026-08-29,6,0
coco,2026-08-29,7,0
coco,2026-08-29,8,0
coco,2026-08-29,9,0
coco,2026-08-29,10,0
coco,2026-08-29,11,0
coco,2026-08-29,12,0
coco,2026-08-29,13,0
coco,2026-08-29,14,0
coco,2026-08-29,15,0
coco,2026-08-29,16,0
coco,2026-08-29,17,0
coco,2026-08-29,18,0
coco,2026-08-29,19,0
coco,2026-08-29,20,1
coco,2026-08-29,21,0
coco,2026-08-29,22,0
coco,2026-08-29,23,0
coco,2026-08-29,24,1
coco,2026-08-29,25,20
coco,2026-08-29,26,0
coco,2026-08-29,27,0
coco,2026-08-29,28,0
coco,2026-08-29,29,0
coco,2026-08-29,30,0
coco,2026-08-29,31,0
coco,2026-08-29,32,0
coco,2026-08-29,33,2
coco,2026-08-29,34,0
coco,2026-08-29,35,0
coco,2026-08-29,36,15
coco,2026-08-29,37,0
coco,2026-08-29,38,0
coco,2026-08-29,39,0
coco,2026-08-29,40,1
coco,2026-08-29,41,0
coco,2026-08-29,42,0
coco,2026-08-29,43,0
coco,2026-08-29,44,0
coco,2026-08-29,45,14
coco,2026-08-29,46,0
coco,2026-08-29,47,1
coco,2026-08-30,0,0
coco,2026-08-30,1,0
coco,2026-08-30,2,0
coco,2026-08-30,3,0
coco,2026-08-30,4,0
coco,2026-08-30,5,0
coco,2026-08-30,6,0
coco,2026-08-30,7,0
coco,2026-08-30,8,0
coco,2026-08-30,9,0
coco,2026-08-30,10,0
coco,2026-08-30,11,0
coco,2026-08-30,12,0
coco,2026-08-30,13,0
coco,2026-08-30,14,0
coco,2026-08-30,15,0
coco,2026-08-30,16,0
coco,2026-08-30,17,0
coco,2026-08-30,18,0
coco,2026-08-30,19,0
coco,2026-08-30,20,0
coco,2026-08-30,21,0
coco,2026-08-30,22,9
coco,2026-08-30,23,0
coco,2026-08-30,24,0
coco,2026-08-30,25,13
coco,2026-08-30,26,0
coco,2026-08-30,27,41
coco,2026-08-30,28,0
coco,2026-08-30,29,0
coco,2026-08-30,30,0
coco,2026-08-30,31,0
coco,2026-08-30,32,0
coco,2026-08-30,33,0
coco,2026-08-30,34,0
coco,2026-08-30,35,0
coco,2026-08-30,36,1
coco,2026-08-30,37,0
coco,2026-08-30,38,0
coco,2026-08-30,39,0
coco,2026-08-30,40,0
coco,2026-08-30,41,3
coco,2026-08-30,42,14
coco,2026-08-30,43,0
coco,2026-08-30,44,4
coco,2026-08-30,45,0
coco,2026-08-30,46,0
coco,2026-08-30,47,0
coco,2026-08-31,0,0
coco,2026-08-31,1,0
coco,2026-08-31,2,0
coco,2026-08-31,3,0
coco,2026-08-31,4,0
coco,2026-08-31,5,0
coco,2026-08-31,6,0
coco,2026-08-31,7,0
coco,2026-08-31,8,0
coco,2026-08-31,9,0
coco,2026-08-31,10,0
coco,2026-08-31,11,0
coco,2026-08-31,12,0
coco,2026-08-31,13,0
coco,2026-08-31,14,0
coco,2026-08-31,15,0
coco,2026-08-31,16,0
coco,2026-08-31,17,0
coco,2026-08-31,18,0
coco,2026-08-31,19,0
coco,2026-08-31,20,0
coco,2026-08-31,21,60
coco,2026-08-31,22,3
coco,2026-08-31,23,1
coco,2026-08-31,24,0
coco,2026-08-31,25,0
coco,2026-08-31,26,5
coco,2026-08-31,27,25
coco,2026-08-31,28,0
coco,2026-08-31,29,0
coco,2026-08-31,30,6
coco,2026-08-31,31,0
coco,2026-08-31,32,0
coco,2026-08-31,33,0
coco,2026-08-31,34,0
coco,2026-08-31,35,0
coco,2026-08-31,36,0
coco,2026-08-31,37,4
coco,2026-08-31,38,1
coco,2026-08-31,39,20
coco,2026-08-31,40,0
coco,2026-08-31,41,0
coco,2026-08-31,42,18
coco,2026-08-31,43,11
coco,2026-08-31,44,0
coco,2026-08-31,45,0
coco,2026-08-31,46,0
coco,2026-08-31,47,0
coco,2026-09-01,0,0
coco,2026-09-01,1,0
coco,2026-09-01,2,0
coco,2026-09-01,3,0
coco,2026-09-01,4,0
coco,2026-09-01,5,0
coco,2026-09-01,6,0
coco,2026-09-01,7,0
coco,2026-09-01,8,0
coco,2026-09-01,9,0
coco,2026-09-01,10,0
coco,2026-09-01,11,0
coco,2026-09-01,12,0
coco,2026-09-01,13,0
coco,2026-09-01,14,0
coco,2026-09-01,15,0
coco,2026-09-01,16,0
coco,2026-09-01,17,0
coco,2026-09-01,18,0
coco,2026-09-01,19,0
coco,2026-09-01,20,0
coco,2026-09-01,21,0
coco,2026-09-01,22,0
coco,2026-09-01,23,0
coco,2026-09-01,24,0
coco,2026-09-01,25,0
coco,2026-09-01,26,2
coco,2026-09-01,27,2
coco,2026-09-01,28,0
coco,2026-09-01,29,0
coco,2026-09-01,30,0
coco,2026-09-01,31,0
coco,2026-09-01,32,0
coco,2026-09-01,33,0
coco,2026-09-01,34,0
coco,2026-09-01,35,0
coco,2026-09-01,36,0
coco,2026-09-01,37,0
coco,2026-09-01,38,20
coco,2026-09-01,39,0
coco,2026-09-01,40,0
coco,2026-09-01,41,0
coco,2026-09-01,42,6
coco,2026-09-01,43,30
coco,2026-09-01,44,0
coco,2026-09-01,45,28
coco,2026-09-01,46,0
coco,2026-09-01,47,0
coco,2026-09-02,0,0
coco,2026-09-02,1,0
coco,2026-09-02,2,0
coco,2026-09-02,3,0
coco,2026-09-02,4,0
coco,2026-09-02,5,0
coco,2026-09-02,6,0
coco,2026-09-02,7,0
coco,2026-09-02,8,0
coco,2026-09-02,9,0
coco,2026-09-02,10,0
coco,2026-09-02,11,0
coco,2026-09-02,12,0
coco,2026-09-02,13,0
coco,2026-09-02,14,2
coco,2026-09-02,15,11
coco,2026-09-02,16,0
coco,2026-09-02,17,0
coco,2026-09-02,18,0
coco,2026-09-02,19,3
coco,2026-09-02,20,24
coco,2026-09-02,21,0
coco,2026-09-02,22,0
coco,2026-09-02,23,0
coco,2026-09-02,24,0
coco,2026-09-02,25,1
coco,2026-09-02,26,13
coco,2026-09-02,27,0
coco,2026-09-02,28,0
coco,2026-09-02,29,0
coco,2026-09-02,30,0
coco,2026-09-02,31,0
coco,2026-09-02,32,0
coco,2026-09-02,33,0
coco,2026-09-02,34,0
coco,2026-09-02,35,0
coco,2026-09-02,36,0
coco,2026-09-02,37,0
coco,2026-09-02,38,0
coco,2026-09-02,39,0
coco,2026-09-02,40,1
coco,2026-09-02,41,0
coco,2026-09-02,42,0
coco,2026-09-02,43,8
coco,2026-09-02,44,0
coco,2026-09-02,45,0
coco,2026-09-02,46,0
coco,2026-09-02,47,0
coco,2026-09-03,0,0
coco,2026-09-03,1,0
coco,2026-09-03,2,0
coco,2026-09-03,3,0
coco,2026-09-03,4,0
coco,2026-09-03,5,0
coco,2026-09-03,6,0
coco,2026-09-03,7,0
coco,2026-09-03,8,0
coco,2026-09-03,9,0
coco,2026-09-03,10,0
coco,2026-09-03,11,0
coco,2026-09-03,12,0
coco,2026-09-03,13,0
coco,2026-09-03,14,0
coco,2026-09-03,15,12
coco,2026-09-03,16,0
coco,2026-09-03,17,0
coco,2026-09-03,18,0
coco,2026-09-03,19,0
coco,2026-09-03,20,24
coco,2026-09-03,21,3
coco,2026-09-03,22,0
coco,2026-09-03,23,0
coco,2026-09-03,24,0
coco,2026-09-03,25,0
coco,2026-09-03,26,0
coco,2026-09-03,27,51
coco,2026-09-03,28,4
coco,2026-09-03,29,0
coco,2026-09-03,30,0
coco,2026-09-03,31,0
coco,2026-09-03,32,0
coco,2026-09-03,33,0
coco,2026-09-03,34,0
coco,2026-09-03,35,0
coco,2026-09-03,36,1
coco,2026-09-03,37,0
coco,2026-09-03,38,25
coco,2026-09-03,39,5
coco,2026-09-03,40,0
coco,2026-09-03,41,0
coco,2026-09-03,42,0
coco,2026-09-03,43,0
coco,2026-09-03,44,24
coco,2026-09-03,45,0
coco,2026-09-03,46,0
coco,2026-09-03,47,0
coco,2026-09-04,0,0
coco,2026-09-04,1,0
coco,2026-09-04,2,0
coco,2026-09-04,3,0
coco,2026-09-04,4,0
coco,2026-09-04,5,0
coco,2026-09-04,6,0
coco,2026-09-04,7,0
coco,2026-09-04,8,0
coco,2026-09-04,9,0
coco,2026-09-04,10,0
coco,2026-09-04,11,0
coco,2026-09-04,12,0
coco,2026-09-04,13,0
coco,2026-09-04,14,0
coco,2026-09-04,15,0
coco,2026-09-04,16,0
coco,2026-09-04,17,0
coco,2026-09-04,18,0
coco,2026-09-04,19,0
coco,2026-09-04,20,0
coco,2026-09-04,21,0
coco,2026-09-04,22,0
coco,2026-09-04,23,0
coco,2026-09-04,24,0
coco,2026-09-04,25,0
coco,2026-09-04,26,0
coco,2026-09-04,27,2
coco,2026-09-04,28,0
coco,2026-09-04,29,0
coco,2026-09-04,30,0
coco,2026-09-04,31,0
coco,2026-09-04,32,0
coco,2026-09-04,33,0
coco,2026-09-04,34,0
coco,2026-09-04,35,1
coco,2026-09-04,36,0
coco,2026-09-04,37,11
coco,2026-09-04,38,3
coco,2026-09-04,39,0
coco,2026-09-04,40,0
coco,2026-09-04,41,1
coco,2026-09-04,42,0
coco,2026-09-04,43,0
coco,2026-09-04,44,1
coco,2026-09-04,45,0
coco,2026-09-04,46,0
coco,2026-09-04,47,0
coco,2026-09-05,0,2
coco,2026-09-05,1,0
coco,2026-09-05,2,0
coco,2026-09-05,3,0
coco,2026-09-05,4,0
coco,2026-09-05,5,0
coco,2026-09-05,6,0
coco,2026-09-05,7,0
coco,2026-09-05,8,0
coco,2026-09-05,9,0
coco,2026-09-05,10,0
coco,2026-09-05,11,0
coco,2026-09-05,12,0
coco,2026-09-05,13,0
coco,2026-09-05,14,0
coco,2026-09-05,15,0
coco,2026-09-05,16,0
coco,2026-09-05,17,0
coco,2026-09-05,18,0
coco,2026-09-05,19,0
coco,2026-09-05,20,0
coco,2026-09-05,21,0
coco,2026-09-05,22,0
coco,2026-09-05,23,0
coco,2026-09-05,24,0
coco,2026-09-05,25,0
coco,2026-09-05,26,163
coco,2026-09-05,27,0
coco,2026-09-05,28,0
coco,2026-09-05,29,0
coco,2026-09-05,30,0
coco,2026-09-05,31,0
coco,2026-09-05,32,0
coco,2026-09-05,33,0
coco,2026-09-05,34,0
coco,2026-09-05,35,0
coco,2026-09-05,36,0
coco,2026-09-05,37,0
coco,2026-09-05,38,33
coco,2026-09-05,39,4
coco,2026-09-05,40,6
coco,2026-09-05,41,0
coco,2026-09-05,42,0
coco,2026-09-05,43,0
coco,2026-09-05,44,0
coco,2026-09-05,45,2
coco,2026-09-05,46,0
coco,2026-09-05,47,0
coco,2026-09-06,0,0
coco,2026-09-06,1,0
coco,2026-09-06,2,0
coco,2026-09-06,3,0
coco,2026-09-06,4,0
coco,2026-09-06,5,1
coco,2026-09-06,6,0
coco,2026-09-06,7,0
coco,2026-09-06,8,0
coco,2026-09-06,9,0
coco,2026-09-06,10,0
coco,2026-09-06,11,0
coco,2026-09-06,12,0
coco,2026-09-06,13,0
coco,2026-09-06,14,0
coco,2026-09-06,15,0
coco,2026-09-06,16,0
coco,2026-09-06,17,0
coco,2026-09-06,18,0
coco,2026-09-06,19,0
coco,2026-09-06,20,0
coco,2026-09-06,21,0
coco,2026-09-06,22,0
coco,2026-09-06,23,0
coco,2026-09-06,24,28
coco,2026-09-06,25,0
coco,2026-09-06,26,0
coco,2026-09-06,27,0
coco,2026-09-06,28,1
coco,2026-09-06,29,0
coco,2026-09-06,30,0
coco,2026-09-06,31,1
coco,2026-09-06,32,0
coco,2026-09-06,33,0
coco,2026-09-06,34,0
coco,2026-09-06,35,0
coco,2026-09-06,36,0
coco,2026-09-06,37,0
coco,2026-09-06,38,40
coco,2026-09-06,39,1
coco,2026-09-06,40,0
coco,2026-09-06,41,0
coco,2026-09-06,42,0
coco,2026-09-06,43,0
coco,2026-09-06,44,8
coco,2026-09-06,45,0
coco,2026-09-06,46,0
coco,2026-09-06,47,0
coco,2026-09-07,0,0
coco,2026-09-07,1,0
coco,2026-09-07,2,0
coco,2026-09-07,3,0
coco,2026-09-07,4,0
coco,2026-09-07,5,0
coco,2026-09-07,6,0
coco,2026-09-07,7,0
coco,2026-09-07,8,0
coco,2026-09-07,9,0
coco,2026-09-07,10,0
coco,2026-09-07,11,0
coco,2026-09-07,12,0
coco,2026-09-07,13,0
coco,2026-09-07,14,0
coco,2026-09-07,15,0
coco,2026-09-07,16,0
coco,2026-09-07,17,0
coco,2026-09-07,18,46
coco,2026-09-07,19,0
coco,2026-09-07,20,0
coco,2026-09-07,21,0
coco,2026-09-07,22,0
coco,2026-09-07,23,0
coco,2026-09-07,24,1
coco,2026-09-07,25,4
coco,2026-09-07,26,0
coco,2026-09-07,27,0
coco,2026-09-07,28,0
coco,2026-09-07,29,0
coco,2026-09-07,30,0
coco,2026-09-07,31,0
coco,2026-09-07,32,0
coco,2026-09-07,33,0
coco,2026-09-07,34,0
coco,2026-09-07,35,0
coco,2026-09-07,36,0
coco,2026-09-07,37,10
coco,2026-09-07,38,1
coco,2026-09-07,39,15
coco,2026-09-07,40,0
coco,2026-09-07,41,0
coco,2026-09-07,42,0
coco,2026-09-07,43,1
coco,2026-09-07,44,18
coco,2026-09-07,45,33
coco,2026-09-07,46,0
coco,2026-09-07,47,0
coco,2026-09-08,0,0
coco,2026-09-08,1,0
coco,2026-09-08,2,0
coco,2026-09-08,3,0
coco,2026-09-08,4,0
coco,2026-09-08,5,0
coco,2026-09-08,6,0
coco,2026-09-08,7,0
coco,2026-09-08,8,0
coco,2026-09-08,9,0
coco,2026-09-08,10,0
coco,2026-09-08,11,0
coco,2026-09-08,12,0
coco,2026-09-08,13,0
coco,2026-09-08,14,0
coco,2026-09-08,15,0
coco,2026-09-08,16,0
coco,2026-09-08,17,0
coco,2026-09-08,18,0
coco,2026-09-08,19,0
coco,2026-09-08,20,0
coco,2026-09-08,21,0
coco,2026-09-08,22,0
coco,2026-09-08,23,11
coco,2026-09-08,24,0
coco,2026-09-08,25,1
coco,2026-09-08,26,0
coco,2026-09-08,27,0
coco,2026-09-08,28,0
coco,2026-09-08,29,0
coco,2026-09-08,30,0
coco,2026-09-08,31,0
coco,2026-09-08,32,0
coco,2026-09-08,33,0
coco,2026-09-08,34,0
coco,2026-09-08,35,0
coco,2026-09-08,36,0
coco,2026-09-08,37,0
coco,2026-09-08,38,0
coco,2026-09-08,39,8
coco,2026-09-08,40,18
coco,2026-09-08,41,0
coco,2026-09-08,42,0
coco,2026-09-08,43,0
coco,2026-09-08,44,1
coco,2026-09-08,45,0
coco,2026-09-08,46,0
coco,2026-09-08,47,0
coco,2026-09-09,0,0
coco,2026-09-09,1,0
coco,2026-09-09,2,2
coco,2026-09-09,3,0
coco,2026-09-09,4,0
coco,2026-09-09,5,0
coco,2026-09-09,6,0
coco,2026-09-09,7,0
coco,2026-09-09,8,0
coco,2026-09-09,9,0
coco,2026-09-09,10,0
coco,2026-09-09,11,0
coco,2026-09-09,12,0
coco,2026-09-09,13,0
coco,2026-09-09,14,0
coco,2026-09-09,15,0
coco,2026-09-09,16,0
coco,2026-09-09,17,0
coco,2026-09-09,18,0
coco,2026-09-09,19,0
coco,2026-09-09,20,0
coco,2026-09-09,21,0
coco,2026-09-09,22,0
coco,2026-09-09,23,0
coco,2026-09-09,24,0
coco,2026-09-09,25,0
coco,2026-09-09,26,2
coco,2026-09-09,27,0
coco,2026-09-09,28,0
coco,2026-09-09,29,0
coco,2026-09-09,30,0
coco,2026-09-09,31,0
coco,2026-09-09,32,0
coco,2026-09-09,33,0
coco,2026-09-09,34,0
coco,2026-09-09,35,0
coco,2026-09-09,36,0
coco,2026-09-09,37,0
coco,2026-09-09,38,1
coco,2026-09-09,39,0
coco,2026-09-09,40,0
coco,2026-09-09,41,0
coco,2026-09-09,42,0
coco,2026-09-09,43,0
coco,2026-09-09,44,0
coco,2026-09-09,45,1
coco,2026-09-09,46,0
coco,2026-09-09,47,0
coco,2026-09-10,0,0
coco,2026-09-10,1,1
coco,2026-09-10,2,0
coco,2026-09-10,3,0
coco,2026-09-10,4,0
coco,2026-09-10,5,0
coco,2026-09-10,6,0
coco,2026-09-10,7,0
coco,2026-09-10,8,0
coco,2026-09-10,9,0
coco,2026-09-10,10,0
coco,2026-09-10,11,0
coco,2026-09-10,12,0
coco,2026-09-10,13,0
coco,2026-09-10,14,0
coco,2026-09-10,15,0
coco,2026-09-10,16,0
coco,2026-09-10,17,0
coco,2026-09-10,18,0
coco,2026-09-10,19,0
coco,2026-09-10,20,0
coco,2026-09-10,21,0
coco,2026-09-10,22,0
coco,2026-09-10,23,1
coco,2026-09-10,24,0
coco,2026-09-10,25,0
coco,2026-09-10,26,0
coco,2026-09-10,27,0
coco,2026-09-10,28,0
coco,2026-09-10,29,0
coco,2026-09-10,30,0
coco,2026-09-10,31,0
coco,2026-09-10,32,0
coco,2026-09-10,33,0
coco,2026-09-10,34,0
coco,2026-09-10,35,0
coco,2026-09-10,36,0
coco,2026-09-10,37,0
coco,2026-09-10,38,3
coco,2026-09-10,39,13
coco,2026-09-10,40,0
coco,2026-09-10,41,0
coco,2026-09-10,42,0
coco,2026-09-10,43,1
coco,2026-09-10,44,0
coco,2026-09-10,45,0
coco,2026-09-10,46,0
coco,2026-09-10,47,0
plum,2026-02-22,0,0
plum,2026-02-22,1,0
plum,2026-02-22,2,0
plum,2026-02-22,3,0
plum,2026-02-22,4,0
plum,2026-02-22,5,0
plum,2026-02-22,6,0
plum,2026-02-22,7,0
plum,2026-02-22,8,0
plum,2026-02-22,9,0
plum,2026-02-22,10,0
plum,2026-02-22,11,0
plum,2026-02-22,12,0
plum,2026-02-22,13,0
plum,2026-02-22,14,0
plum,2026-02-22,15,0
plum,2026-02-22,16,0
plum,2026-02-22,17,0
plum,2026-02-22,18,0
plum,2026-02-22,19,0
plum,2026-02-22,20,0
plum,2026-02-22,21,0
plum,2026-02-22,22,0
plum,2026-02-22,23,0
plum,2026-02-22,24,0
plum,2026-02-22,25,0
plum,2026-02-22,26,0
plum,2026-02-22,27,0
plum,2026-02-22,28,0
plum,2026-02-22,29,0
plum,2026-02-22,30,0
plum,2026-02-22,31,0
plum,2026-02-22,32,0
plum,2026-02-22,33,0
plum,2026-02-22,34,0
plum,2026-02-22,35,0
plum,2026-02-22,36,0
plum,2026-02-22,37,0
plum,2026-02-22,38,0
plum,2026-02-22,39,0
plum,2026-02-22,40,0
plum,2026-02-22,41,0
plum,2026-02-22,42,0
plum,2026-02-22,43,0
plum,2026-02-22,44,6
plum,2026-02-22,45,0
plum,2026-02-22,46,0
plum,2026-02-22,47,0
plum,2026-02-23,0,0
plum,2026-02-23,1,0
plum,2026-02-23,2,0
plum,2026-02-23,3,0
plum,2026-02-23,4,0
plum,2026-02-23,5,0
plum,2026-02-23,6,0
plum,2026-02-23,7,0
plum,2026-02-23,8,0
plum,2026-02-23,9,0
plum,2026-02-23,10,0
plum,2026-02-23,11,0
plum,2026-02-23,12,0
plum,2026-02-23,13,0
plum,2026-02-23,14,0
plum,2026-02-23,15,0
plum,2026-02-23,16,0
plum,2026-02-23,17,0
plum,2026-02-23,18,0
plum,2026-02-23,19,0
plum,2026-02-23,20,0
plum,2026-02-23,21,0
plum,2026-02-23,22,10
plum,2026-02-23,23,0
plum,2026-02-23,24,2
plum,2026-02-23,25,0
plum,2026-02-23,26,0
plum,2026-02-23,27,1
plum,2026-02-23,28,18
plum,2026-02-23,29,1
plum,2026-02-23,30,0
plum,2026-02-23,31,0
plum,2026-02-23,32,0
plum,2026-02-23,33,4
plum,2026-02-23,34,0
plum,2026-02-23,35,0
plum,2026-02-23,36,3
plum,2026-02-23,37,6
plum,2026-02-23,38,0
plum,2026-02-23,39,0
plum,2026-02-23,40,0
plum,2026-02-23,41,0
plum,2026-02-23,42,0
plum,2026-02-23,43,0
plum,2026-02-23,44,0
plum,2026-02-23,45,0
plum,2026-02-23,46,0
plum,2026-02-23,47,0
plum,2026-02-24,0,0
plum,2026-02-24,1,0
plum,2026-02-24,2,0
plum,2026-02-24,3,0
plum,2026-02-24,4,0
plum,2026-02-24,5,0
plum,2026-02-24,6,0
plum,2026-02-24,7,0
plum,2026-02-24,8,0
plum,2026-02-24,9,0
plum,2026-02-24,10,0
plum,2026-02-24,11,0
plum,2026-02-24,12,0
plum,2026-02-24,13,0
plum,2026-02-24,14,0
plum,2026-02-24,15,0
plum,2026-02-24,16,3
plum,2026-02-24,17,0
plum,2026-02-24,18,1
plum,2026-02-24,19,0
plum,2026-02-24,20,0
plum,2026-02-24,21,0
plum,2026-02-24,22,0
plum,2026-02-24,23,3
plum,2026-02-24,24,0
plum,2026-02-24,25,0
plum,2026-02-24,26,0
plum,2026-02-24,27,9
plum,2026-02-24,28,12
plum,2026-02-24,29,0
plum,2026-02-24,30,0
plum,2026-02-24,31,0
plum,2026-02-24,32,2
plum,2026-02-24,33,0
plum,2026-02-24,34,2
plum,2026-02-24,35,0
plum,2026-02-24,36,0
plum,2026-02-24,37,0
plum,2026-02-24,38,5
plum,2026-02-24,39,0
plum,2026-02-24,40,0
plum,2026-02-24,41,0
plum,2026-02-24,42,0
plum,2026-02-24,43,0
plum,2026-02-24,44,0
plum,2026-02-24,45,0
plum,2026-02-24,46,0
plum,2026-02-24,47,0
plum,2026-02-25,0,0
plum,2026-02-25,1,0
plum,2026-02-25,2,0
plum,2026-02-25,3,0
plum,2026-02-25,4,0
plum,2026-02-25,5,0
plum,2026-02-25,6,0
plum,2026-02-25,7,0
plum,2026-02-25,8,0
plum,2026-02-25,9,0
plum,2026-02-25,10,0
plum,2026-02-25,11,0
plum,2026-02-25,12,0
plum,2026-02-25,13,0
plum,2026-02-25,14,0
plum,2026-02-25,15,0
plum,2026-02-25,16,0
plum,2026-02-25,17,0
plum,2026-02-25,18,0
plum,2026-02-25,19,3
plum,2026-02-25,20,3
plum,2026-02-25,21,2
plum,2026-02-25,22,0
plum,2026-02-25,23,0
plum,2026-02-25,24,0
plum,2026-02-25,25,0
plum,2026-02-25,26,0
plum,2026-02-25,27,0
plum,2026-02-25,28,0
plum,2026-02-25,29,0
plum,2026-02-25,30,0
plum,2026-02-25,31,3
plum,2026-02-25,32,0
plum,2026-02-25,33,0
plum,2026-02-25,34,15
plum,2026-02-25,35,6
plum,2026-02-25,36,0
plum,2026-02-25,37,0
plum,2026-02-25,38,0
plum,2026-02-25,39,0
plum,2026-02-25,40,0
plum,2026-02-25,41,0
plum,2026-02-25,42,0
plum,2026-02-25,43,0
plum,2026-02-25,44,0
plum,2026-02-25,45,0
plum,2026-02-25,46,0
plum,2026-02-25,47,0
plum,2026-02-26,0,0
plum,2026-02-26,1,0
plum,2026-02-26,2,0
plum,2026-02-26,3,0
plum,2026-02-26,4,0
plum,2026-02-26,5,0
plum,2026-02-26,6,0
plum,2026-02-26,7,0
plum,2026-02-26,8,0
plum,2026-02-26,9,0
plum,2026-02-26,10,0
plum,2026-02-26,11,0
plum,2026-02-26,12,0
plum,2026-02-26,13,0
plum,2026-02-26,14,0
plum,2026-02-26,15,0
plum,2026-02-26,16,0
plum,2026-02-26,17,0
plum,2026-02-26,18,4
plum,2026-02-26,19,3
plum,2026-02-26,20,0
plum,2026-02-26,21,0
plum,2026-02-26,22,3
plum,2026-02-26,23,1
plum,2026-02-26,24,1
plum,2026-02-26,25,5
plum,2026-02-26,26,1
plum,2026-02-26,27,0
plum,2026-02-26,28,0
plum,2026-02-26,29,0
plum,2026-02-26,30,0
plum,2026-02-26,31,0
plum,2026-02-26,32,0
plum,2026-02-26,33,0
plum,2026-02-26,34,51
plum,2026-02-26,35,0
plum,2026-02-26,36,0
plum,2026-02-26,37,0
plum,2026-02-26,38,0
plum,2026-02-26,39,0
plum,2026-02-26,40,0
plum,2026-02-26,41,0
plum,2026-02-26,42,0
plum,2026-02-26,43,0
plum,2026-02-26,44,0
plum,2026-02-26,45,0
plum,2026-02-26,46,0
plum,2026-02-26,47,0
plum,2026-02-27,0,0
plum,2026-02-27,1,0
plum,2026-02-27,2,0
plum,2026-02-27,3,0
plum,2026-02-27,4,0
plum,2026-02-27,5,0
plum,2026-02-27,6,0
plum,2026-02-27,7,0
plum,2026-02-27,8,0
plum,2026-02-27,9,0
plum,2026-02-27,10,0
plum,2026-02-27,11,0
plum,2026-02-27,12,0
plum,2026-02-27,13,0
plum,2026-02-27,14,0
plum,2026-02-27,15,0
plum,2026-02-27,16,0
plum,2026-02-27,17,0
plum,2026-02-27,18,0
plum,2026-02-27,19,1
plum,2026-02-27,20,0
plum,2026-02-27,21,0
plum,2026-02-27,22,1
plum,2026-02-27,23,1
plum,2026-02-27,24,0
plum,2026-02-27,25,0
plum,2026-02-27,26,0
plum,2026-02-27,27,12
plum,2026-02-27,28,0
plum,2026-02-27,29,2
plum,2026-02-27,30,10
plum,2026-02-27,31,0
plum,2026-02-27,32,1
plum,2026-02-27,33,2
plum,2026-02-27,34,0
plum,2026-02-27,35,0
plum,2026-02-27,36,0
plum,2026-02-27,37,0
plum,2026-02-27,38,0
plum,2026-02-27,39,0
plum,2026-02-27,40,0
plum,2026-02-27,41,0
plum,2026-02-27,42,0
plum,2026-02-27,43,0
plum,2026-02-27,44,0
plum,2026-02-27,45,0
plum,2026-02-27,46,0
plum,2026-02-27,47,0
plum,2026-02-28,0,0
plum,2026-02-28,1,0
plum,2026-02-28,2,1
plum,2026-02-28,3,0
plum,2026-02-28,4,0
plum,2026-02-28,5,0
plum,2026-02-28,6,0
plum,2026-02-28,7,0
plum,2026-02-28,8,0
plum,2026-02-28,9,0
plum,2026-02-28,10,0
plum,2026-02-28,11,0
plum,2026-02-28,12,0
plum,2026-02-28,13,0
plum,2026-02-28,14,0
plum,2026-02-28,15,0
plum,2026-02-28,16,0
plum,2026-02-28,17,0
plum,2026-02-28,18,0
plum,2026-02-28,19,0
plum,2026-02-28,20,4
plum,2026-02-28,21,0
plum,2026-02-28,22,2
plum,2026-02-28,23,3
plum,2026-02-28,24,7
plum,2026-02-28,25,0
plum,2026-02-28,26,0
plum,2026-02-28,27,20
plum,2026-02-28,28,4
plum,2026-02-28,29,3
plum,2026-02-28,30,0
plum,2026-02-28,31,3
plum,2026-02-28,32,0
plum,2026-02-28,33,7
plum,2026-02-28,34,1
plum,2026-02-28,35,0
plum,2026-02-28,36,7
plum,2026-02-28,37,0
plum,2026-02-28,38,0
plum,2026-02-28,39,0
plum,2026-02-28,40,0
plum,2026-02-28,41,0
plum,2026-02-28,42,0
plum,2026-02-28,43,0
plum,2026-02-28,44,0
plum,2026-02-28,45,0
plum,2026-02-28,46,0
plum,2026-02-28,47,0
plum,2026-03-01,0,0
plum,2026-03-01,1,0
plum,2026-03-01,2,0
plum,2026-03-01,3,0
plum,2026-03-01,4,0
plum,2026-03-01,5,0
plum,2026-03-01,6,0
plum,2026-03-01,7,0
plum,2026-03-01,8,0
plum,2026-03-01,9,0
plum,2026-03-01,10,0
plum,2026-03-01,11,0
plum,2026-03-01,12,0
plum,2026-03-01,13,0
plum,2026-03-01,14,0
plum,2026-03-01,15,22
plum,2026-03-01,16,0
plum,2026-03-01,17,0
plum,2026-03-01,18,0
plum,2026-03-01,19,0
plum,2026-03-01,20,4
plum,2026-03-01,21,3
plum,2026-03-01,22,20
plum,2026-03-01,23,9
plum,2026-03-01,24,1
plum,2026-03-01,25,3
plum,2026-03-01,26,9
plum,2026-03-01,27,26
plum,2026-03-01,28,3
plum,2026-03-01,29,0
plum,2026-03-01,30,0
plum,2026-03-01,31,0
plum,2026-03-01,32,0
plum,2026-03-01,33,0
plum,2026-03-01,34,0
plum,2026-03-01,35,0
plum,2026-03-01,36,0
plum,2026-03-01,37,0
plum,2026-03-01,38,0
plum,2026-03-01,39,0
plum,2026-03-01,40,0
plum,2026-03-01,41,0
plum,2026-03-01,42,0
plum,2026-03-01,43,0
plum,2026-03-01,44,0
plum,2026-03-01,45,0
plum,2026-03-01,46,0
plum,2026-03-01,47,0
plum,2026-03-02,0,0
plum,2026-03-02,1,0
plum,2026-03-02,2,0
plum,2026-03-02,3,0
plum,2026-03-02,4,0
plum,2026-03-02,5,0
plum,2026-03-02,6,0
plum,2026-03-02,7,0
plum,2026-03-02,8,0
plum,2026-03-02,9,0
plum,2026-03-02,10,0
plum,2026-03-02,11,0
plum,2026-03-02,12,0
plum,2026-03-02,13,0
plum,2026-03-02,14,0
plum,2026-03-02,15,0
plum,2026-03-02,16,0
plum,2026-03-02,17,1
plum,2026-03-02,18,0
plum,2026-03-02,19,0
plum,2026-03-02,20,0
plum,2026-03-02,21,0
plum,2026-03-02,22,4
plum,2026-03-02,23,0
plum,2026-03-02,24,0
plum,2026-03-02,25,0
plum,2026-03-02,26,0
plum,2026-03-02,27,0
plum,2026-03-02,28,0
plum,2026-03-02,29,0
plum,2026-03-02,30,0
plum,2026-03-02,31,0
plum,2026-03-02,32,0
plum,2026-03-02,33,0
plum,2026-03-02,34,14
plum,2026-03-02,35,0
plum,2026-03-02,36,3
plum,2026-03-02,37,2
plum,2026-03-02,38,0
plum,2026-03-02,39,0
plum,2026-03-02,40,0
plum,2026-03-02,41,0
plum,2026-03-02,42,0
plum,2026-03-02,43,0
plum,2026-03-02,44,0
plum,2026-03-02,45,0
plum,2026-03-02,46,0
plum,2026-03-02,47,0
plum,2026-03-03,0,0
plum,2026-03-03,1,0
plum,2026-03-03,2,0
plum,2026-03-03,3,0
plum,2026-03-03,4,0
plum,2026-03-03,5,0
plum,2026-03-03,6,0
plum,2026-03-03,7,0
plum,2026-03-03,8,0
plum,2026-03-03,9,0
plum,2026-03-03,10,0
plum,2026-03-03,11,0
plum,2026-03-03,12,0
plum,2026-03-03,13,0
plum,2026-03-03,14,0
plum,2026-03-03,15,0
plum,2026-03-03,16,7
plum,2026-03-03,17,0
plum,2026-03-03,18,1
plum,2026-03-03,19,0
plum,2026-03-03,20,0
plum,2026-03-03,21,0
plum,2026-03-03,22,0
plum,2026-03-03,23,0
plum,2026-03-03,24,0
plum,2026-03-03,25,5
plum,2026-03-03,26,0
plum,2026-03-03,27,0
plum,2026-03-03,28,0
plum,2026-03-03,29,0
plum,2026-03-03,30,0
plum,2026-03-03,31,1
plum,2026-03-03,32,0
plum,2026-03-03,33,0
plum,2026-03-03,34,2
plum,2026-03-03,35,9
plum,2026-03-03,36,0
plum,2026-03-03,37,12
plum,2026-03-03,38,3
plum,2026-03-03,39,0
plum,2026-03-03,40,0
plum,2026-03-03,41,0
plum,2026-03-03,42,0
plum,2026-03-03,43,0
plum,2026-03-03,44,0
plum,2026-03-03,45,0
plum,2026-03-03,46,0
plum,2026-03-03,47,0
plum,2026-03-04,0,0
plum,2026-03-04,1,0
plum,2026-03-04,2,0
plum,2026-03-04,3,0
plum,2026-03-04,4,0
plum,2026-03-04,5,0
plum,2026-03-04,6,0
plum,2026-03-04,7,0
plum,2026-03-04,8,0
plum,2026-03-04,9,0
plum,2026-03-04,10,0
plum,2026-03-04,11,0
plum,2026-03-04,12,0
plum,2026-03-04,13,0
plum,2026-03-04,14,0
plum,2026-03-04,15,0
plum,2026-03-04,16,0
plum,2026-03-04,17,0
plum,2026-03-04,18,9
plum,2026-03-04,19,0
plum,2026-03-04,20,3
plum,2026-03-04,21,0
plum,2026-03-04,22,2
plum,2026-03-04,23,0
plum,2026-03-04,24,1
plum,2026-03-04,25,0
plum,2026-03-04,26,0
plum,2026-03-04,27,2
plum,2026-03-04,28,2
plum,2026-03-04,29,21
plum,2026-03-04,30,2
plum,2026-03-04,31,0
plum,2026-03-04,32,0
plum,2026-03-04,33,3
plum,2026-03-04,34,2
plum,2026-03-04,35,0
plum,2026-03-04,36,2
plum,2026-03-04,37,2
plum,2026-03-04,38,0
plum,2026-03-04,39,0
plum,2026-03-04,40,0
plum,2026-03-04,41,0
plum,2026-03-04,42,0
plum,2026-03-04,43,0
plum,2026-03-04,44,0
plum,2026-03-04,45,0
plum,2026-03-04,46,0
plum,2026-03-04,47,0
plum,2026-03-05,0,0
plum,2026-03-05,1,0
plum,2026-03-05,2,0
plum,2026-03-05,3,0
plum,2026-03-05,4,0
plum,2026-03-05,5,0
plum,2026-03-05,6,0
plum,2026-03-05,7,0
plum,2026-03-05,8,0
plum,2026-03-05,9,0
plum,2026-03-05,10,0
plum,2026-03-05,11,0
plum,2026-03-05,12,0
plum,2026-03-05,13,0
plum,2026-03-05,14,0
plum,2026-03-05,15,0
plum,2026-03-05,16,0
plum,2026-03-05,17,0
plum,2026-03-05,18,0
plum,2026-03-05,19,0
plum,2026-03-05,20,0
plum,2026-03-05,21,1
plum,2026-03-05,22,6
plum,2026-03-05,23,3
plum,2026-03-05,24,10
plum,2026-03-05,25,10
plum,2026-03-05,26,0
plum,2026-03-05,27,0
plum,2026-03-05,28,0
plum,2026-03-05,29,1
plum,2026-03-05,30,0
plum,2026-03-05,31,1
plum,2026-03-05,32,1
plum,2026-03-05,33,0
plum,2026-03-05,34,0
plum,2026-03-05,35,0
plum,2026-03-05,36,2
plum,2026-03-05,37,11
plum,2026-03-05,38,0
plum,2026-03-05,39,0
plum,2026-03-05,40,0
plum,2026-03-05,41,0
plum,2026-03-05,42,0
plum,2026-03-05,43,0
plum,2026-03-05,44,0
plum,2026-03-05,45,0
plum,2026-03-05,46,0
plum,2026-03-05,47,0
plum,2026-03-06,0,0
plum,2026-03-06,1,0
plum,2026-03-06,2,0
plum,2026-03-06,3,0
plum,2026-03-06,4,0
plum,2026-03-06,5,0
plum,2026-03-06,6,0
plum,2026-03-06,7,0
plum,2026-03-06,8,0
plum,2026-03-06,9,0
plum,2026-03-06,10,0
plum,2026-03-06,11,0
plum,2026-03-06,12,0
plum,2026-03-06,13,0
plum,2026-03-06,14,0
plum,2026-03-06,15,0
plum,2026-03-06,16,0
plum,2026-03-06,17,0
plum,2026-03-06,18,0
plum,2026-03-06,19,0
plum,2026-03-06,20,0
plum,2026-03-06,21,0
plum,2026-03-06,22,0
plum,2026-03-06,23,0
plum,2026-03-06,24,2
plum,2026-03-06,25,0
plum,2026-03-06,26,0
plum,2026-03-06,27,0
plum,2026-03-06,28,0
plum,2026-03-06,29,0
plum,2026-03-06,30,0
plum,2026-03-06,31,1
plum,2026-03-06,32,0
plum,2026-03-06,33,4
plum,2026-03-06,34,1
plum,2026-03-06,35,54
plum,2026-03-06,36,5
plum,2026-03-06,37,0
plum,2026-03-06,38,0
plum,2026-03-06,39,0
plum,2026-03-06,40,0
plum,2026-03-06,41,0
plum,2026-03-06,42,0
plum,2026-03-06,43,0
plum,2026-03-06,44,0
plum,2026-03-06,45,0
plum,2026-03-06,46,0
plum,2026-03-06,47,0
plum,2026-03-07,0,0
plum,2026-03-07,1,0
plum,2026-03-07,2,0
plum,2026-03-07,3,0
plum,2026-03-07,4,0
plum,2026-03-07,5,0
plum,2026-03-07,6,0
plum,2026-03-07,7,0
plum,2026-03-07,8,0
plum,2026-03-07,9,0
plum,2026-03-07,10,0
plum,2026-03-07,11,0
plum,2026-03-07,12,0
plum,2026-03-07,13,0
plum,2026-03-07,14,0
plum,2026-03-07,15,0
plum,2026-03-07,16,0
plum,2026-03-07,17,8
plum,2026-03-07,18,1
plum,2026-03-07,19,0
plum,2026-03-07,20,1
plum,2026-03-07,21,7
plum,2026-03-07,22,0
plum,2026-03-07,23,0
plum,2026-03-07,24,0
plum,2026-03-07,25,0
plum,2026-03-07,26,0
plum,2026-03-07,27,0
plum,2026-03-07,28,0
plum,2026-03-07,29,0
plum,2026-03-07,30,0
plum,2026-03-07,31,1
plum,2026-03-07,32,0
plum,2026-03-07,33,0
plum,2026-03-07,34,0
plum,2026-03-07,35,1
plum,2026-03-07,36,0
plum,2026-03-07,37,0
plum,2026-03-07,38,0
plum,2026-03-07,39,0
plum,2026-03-07,40,0
plum,2026-03-07,41,0
plum,2026-03-07,42,0
plum,2026-03-07,43,0
plum,2026-03-07,44,0
plum,2026-03-07,45,0
plum,2026-03-07,46,0
plum,2026-03-07,47,0
plum,2026-03-08,0,0
plum,2026-03-08,1,0
plum,2026-03-08,2,0
plum,2026-03-08,3,0
plum,2026-03-08,4,0
plum,2026-03-08,5,0
plum,2026-03-08,6,0
plum,2026-03-08,7,0
plum,2026-03-08,8,0
plum,2026-03-08,9,0
plum,2026-03-08,10,0
plum,2026-03-08,11,0
plum,2026-03-08,12,0
plum,2026-03-08,13,0
plum,2026-03-08,14,0
plum,2026-03-08,15,0
plum,2026-03-08,16,0
plum,2026-03-08,17,1
plum,2026-03-08,18,0
plum,2026-03-08,19,23
plum,2026-03-08,20,0
plum,2026-03-08,21,0
plum,2026-03-08,22,0
plum,2026-03-08,23,0
plum,2026-03-08,24,0
plum,2026-03-08,25,6
plum,2026-03-08,26,8
plum,2026-03-08,27,5
plum,2026-03-08,28,0
plum,2026-03-08,29,0
plum,2026-03-08,30,3
plum,2026-03-08,31,0
plum,2026-03-08,32,0
plum,2026-03-08,33,0
plum,2026-03-08,34,2
plum,2026-03-08,35,6
plum,2026-03-08,36,0
plum,2026-03-08,37,0
plum,2026-03-08,38,0
plum,2026-03-08,39,0
plum,2026-03-08,40,0
plum,2026-03-08,41,0
plum,2026-03-08,42,0
plum,2026-03-08,43,0
plum,2026-03-08,44,0
plum,2026-03-08,45,0
plum,2026-03-08,46,0
plum,2026-03-08,47,0
plum,2026-03-09,0,0
plum,2026-03-09,1,0
plum,2026-03-09,2,0
plum,2026-03-09,3,0
plum,2026-03-09,4,0
plum,2026-03-09,5,0
plum,2026-03-09,6,0
plum,2026-03-09,7,0
plum,2026-03-09,8,0
plum,2026-03-09,9,0
plum,2026-03-09,10,0
plum,2026-03-09,11,0
plum,2026-03-09,12,0
plum,2026-03-09,13,0
plum,2026-03-09,14,0
plum,2026-03-09,15,0
plum,2026-03-09,16,0
plum,2026-03-09,17,0
plum,2026-03-09,18,0
plum,2026-03-09,19,0
plum,2026-03-09,20,0
plum,2026-03-09,21,2
plum,2026-03-09,22,6
plum,2026-03-09,23,0
plum,2026-03-09,24,0
plum,2026-03-09,25,0
plum,2026-03-09,26,0
plum,2026-03-09,27,41
plum,2026-03-09,28,2
plum,2026-03-09,29,3
plum,2026-03-09,30,1
plum,2026-03-09,31,0
plum,2026-03-09,32,0
plum,2026-03-09,33,0
plum,2026-03-09,34,0
plum,2026-03-09,35,1
plum,2026-03-09,36,0
plum,2026-03-09,37,1
plum,2026-03-09,38,9
plum,2026-03-09,39,0
plum,2026-03-09,40,0
plum,2026-03-09,41,0
plum,2026-03-09,42,0
plum,2026-03-09,43,0
plum,2026-03-09,44,0
plum,2026-03-09,45,0
plum,2026-03-09,46,0
plum,2026-03-09,47,0
plum,2026-03-10,0,0
plum,2026-03-10,1,0
plum,2026-03-10,2,0
plum,2026-03-10,3,0
plum,2026-03-10,4,0
plum,2026-03-10,5,0
plum,2026-03-10,6,0
plum,2026-03-10,7,0
plum,2026-03-10,8,0
plum,2026-03-10,9,0
plum,2026-03-10,10,0
plum,2026-03-10,11,0
plum,2026-03-10,12,0
plum,2026-03-10,13,0
plum,2026-03-10,14,0
plum,2026-03-10,15,0
plum,2026-03-10,16,0
plum,2026-03-10,17,0
plum,2026-03-10,18,0
plum,2026-03-10,19,0
plum,2026-03-10,20,0
plum,2026-03-10,21,0
plum,2026-03-10,22,0
plum,2026-03-10,23,0
plum,2026-03-10,24,0
plum,2026-03-10,25,0
plum,2026-03-10,26,0
plum,2026-03-10,27,0
plum,2026-03-10,28,0
plum,2026-03-10,29,2
plum,2026-03-10,30,0
plum,2026-03-10,31,0
plum,2026-03-10,32,0
plum,2026-03-10,33,0
plum,2026-03-10,34,1
plum,2026-03-10,35,7
plum,2026-03-10,36,3
plum,2026-03-10,37,5
plum,2026-03-10,38,0
plum,2026-03-10,39,0
plum,2026-03-10,40,0
plum,2026-03-10,41,0
plum,2026-03-10,42,0
plum,2026-03-10,43,0
plum,2026-03-10,44,0
plum,2026-03-10,45,0
plum,2026-03-10,46,0
plum,2026-03-10,47,0
plum,2026-03-11,0,0
plum,2026-03-11,1,0
plum,2026-03-11,2,0
plum,2026-03-11,3,0
plum,2026-03-11,4,0
plum,2026-03-11,5,0
plum,2026-03-11,6,0
plum,2026-03-11,7,0
plum,2026-03-11,8,0
plum,2026-03-11,9,0
plum,2026-03-11,10,0
plum,2026-03-11,11,0
plum,2026-03-11,12,0
plum,2026-03-11,13,0
plum,2026-03-11,14,0
plum,2026-03-11,15,0
plum,2026-03-11,16,0
plum,2026-03-11,17,0
plum,2026-03-11,18,0
plum,2026-03-11,19,0
plum,2026-03-11,20,2
plum,2026-03-11,21,4
plum,2026-03-11,22,0
plum,2026-03-11,23,0
plum,2026-03-11,24,0
plum,2026-03-11,25,0
plum,2026-03-11,26,0
plum,2026-03-11,27,0
plum,2026-03-11,28,0
plum,2026-03-11,29,46
plum,2026-03-11,30,0
plum,2026-03-11,31,1
plum,2026-03-11,32,3
plum,2026-03-11,33,0
plum,2026-03-11,34,0
plum,2026-03-11,35,62
plum,2026-03-11,36,0
plum,2026-03-11,37,0
plum,2026-03-11,38,0
plum,2026-03-11,39,0
plum,2026-03-11,40,0
plum,2026-03-11,41,0
plum,2026-03-11,42,0
plum,2026-03-11,43,0
plum,2026-03-11,44,0
plum,2026-03-11,45,0
plum,2026-03-11,46,0
plum,2026-03-11,47,1
plum,2026-03-12,0,0
plum,2026-03-12,1,0
plum,2026-03-12,2,0
plum,2026-03-12,3,0
plum,2026-03-12,4,0
plum,2026-03-12,5,0
plum,2026-03-12,6,0
plum,2026-03-12,7,0
plum,2026-03-12,8,0
plum,2026-03-12,9,0
plum,2026-03-12,10,0
plum,2026-03-12,11,0
plum,2026-03-12,12,0
plum,2026-03-12,13,0
plum,2026-03-12,14,0
plum,2026-03-12,15,0
plum,2026-03-12,16,0
plum,2026-03-12,17,0
plum,2026-03-12,18,0
plum,2026-03-12,19,0
plum,2026-03-12,20,2
plum,2026-03-12,21,0
plum,2026-03-12,22,37
plum,2026-03-12,23,0
plum,2026-03-12,24,0
plum,2026-03-12,25,0
plum,2026-03-12,26,0
plum,2026-03-12,27,0
plum,2026-03-12,28,0
plum,2026-03-12,29,0
plum,2026-03-12,30,0
plum,2026-03-12,31,0
plum,2026-03-12,32,0
plum,2026-03-12,33,0
plum,2026-03-12,34,1
plum,2026-03-12,35,1
plum,2026-03-12,36,0
plum,2026-03-12,37,0
plum,2026-03-12,38,0
plum,2026-03-12,39,1
plum,2026-03-12,40,0
plum,2026-03-12,41,0
plum,2026-03-12,42,0
plum,2026-03-12,43,0
plum,2026-03-12,44,0
plum,2026-03-12,45,0
plum,2026-03-12,46,0
plum,2026-03-12,47,0
plum,2026-03-13,0,0
plum,2026-03-13,1,0
plum,2026-03-13,2,0
plum,2026-03-13,3,0
plum,2026-03-13,4,0
plum,2026-03-13,5,0
plum,2026-03-13,6,0
plum,2026-03-13,7,0
plum,2026-03-13,8,0
plum,2026-03-13,9,0
plum,2026-03-13,10,0
plum,2026-03-13,11,0
plum,2026-03-13,12,0
plum,2026-03-13,13,0
plum,2026-03-13,14,0
plum,2026-03-13,15,0
plum,2026-03-13,16,0
plum,2026-03-13,17,0
plum,2026-03-13,18,0
plum,2026-03-13,19,0
plum,2026-03-13,20,16
plum,2026-03-13,21,0
plum,2026-03-13,22,2
plum,2026-03-13,23,0
plum,2026-03-13,24,0
plum,2026-03-13,25,0
plum,2026-03-13,26,0
plum,2026-03-13,27,0
plum,2026-03-13,28,0
plum,2026-03-13,29,0
plum,2026-03-13,30,0
plum,2026-03-13,31,0
plum,2026-03-13,32,0
plum,2026-03-13,33,5
plum,2026-03-13,34,3
plum,2026-03-13,35,0
plum,2026-03-13,36,30
plum,2026-03-13,37,0
plum,2026-03-13,38,0
plum,2026-03-13,39,0
plum,2026-03-13,40,0
plum,2026-03-13,41,0
plum,2026-03-13,42,0
plum,2026-03-13,43,0
plum,2026-03-13,44,0
plum,2026-03-13,45,0
plum,2026-03-13,46,0
plum,2026-03-13,47,0
plum,2026-03-14,0,0
plum,2026-03-14,1,0
plum,2026-03-14,2,0
plum,2026-03-14,3,0
plum,2026-03-14,4,0
plum,2026-03-14,5,0
plum,2026-03-14,6,0
plum,2026-03-14,7,0
plum,2026-03-14,8,0
plum,2026-03-14,9,0
plum,2026-03-14,10,0
plum,2026-03-14,11,0
plum,2026-03-14,12,0
plum,2026-03-14,13,0
plum,2026-03-14,14,0
plum,2026-03-14,15,0
plum,2026-03-14,16,0
plum,2026-03-14,17,0
plum,2026-03-14,18,0
plum,2026-03-14,19,0
plum,2026-03-14,20,0
plum,2026-03-14,21,0
plum,2026-03-14,22,0
plum,2026-03-14,23,0
plum,2026-03-14,24,0
plum,2026-03-14,25,0
plum,2026-03-14,26,0
plum,2026-03-14,27,2
plum,2026-03-14,28,28
plum,2026-03-14,29,1
plum,2026-03-14,30,5
plum,2026-03-14,31,1
plum,2026-03-14,32,0
plum,2026-03-14,33,0
plum,2026-03-14,34,0
plum,2026-03-14,35,0
plum,2026-03-14,36,0
plum,2026-03-14,37,0
plum,2026-03-14,38,0
plum,2026-03-14,39,38
plum,2026-03-14,40,0
plum,2026-03-14,41,0
plum,2026-03-14,42,0
plum,2026-03-14,43,0
plum,2026-03-14,44,0
plum,2026-03-14,45,0
plum,2026-03-14,46,0
plum,2026-03-14,47,0
plum,2026-03-15,0,0
plum,2026-03-15,1,0
plum,2026-03-15,2,0
plum,2026-03-15,3,0
plum,2026-03-15,4,0
plum,2026-03-15,5,0
plum,2026-03-15,6,0
plum,2026-03-15,7,0
plum,2026-03-15,8,0
plum,2026-03-15,9,0
plum,2026-03-15,10,0
plum,2026-03-15,11,0
plum,2026-03-15,12,0
plum,2026-03-15,13,0
plum,2026-03-15,14,0
plum,2026-03-15,15,0
plum,2026-03-15,16,0
plum,2026-03-15,17,0
plum,2026-03-15,18,0
plum,2026-03-15,19,0
plum,2026-03-15,20,0
plum,2026-03-15,21,0
plum,2026-03-15,22,0
plum,2026-03-15,23,0
plum,2026-03-15,24,0
plum,2026-03-15,25,0
plum,2026-03-15,26,0
plum,2026-03-15,27,0
plum,2026-03-15,28,0
plum,2026-03-15,29,0
plum,2026-03-15,30,0
plum,2026-03-15,31,0
plum,2026-03-15,32,8
plum,2026-03-15,33,0
plum,2026-03-15,34,8
plum,2026-03-15,35,37
plum,2026-03-15,36,0
plum,2026-03-15,37,0
plum,2026-03-15,38,0
plum,2026-03-15,39,0
plum,2026-03-15,40,0
plum,2026-03-15,41,0
plum,2026-03-15,42,0
plum,2026-03-15,43,0
plum,2026-03-15,44,0
plum,2026-03-15,45,0
plum,2026-03-15,46,0
plum,2026-03-15,47,0
plum,2026-03-16,0,0
plum,2026-03-16,1,0
plum,2026-03-16,2,0
plum,2026-03-16,3,0
plum,2026-03-16,4,0
plum,2026-03-16,5,0
plum,2026-03-16,6,0
plum,2026-03-16,7,0
plum,2026-03-16,8,0
plum,2026-03-16,9,0
plum,2026-03-16,10,0
plum,2026-03-16,11,0
plum,2026-03-16,12,0
plum,2026-03-16,13,0
plum,2026-03-16,14,0
plum,2026-03-16,15,0
plum,2026-03-16,16,0
plum,2026-03-16,17,0
plum,2026-03-16,18,0
plum,2026-03-16,19,0
plum,2026-03-16,20,0
plum,2026-03-16,21,10
plum,2026-03-16,22,12
plum,2026-03-16,23,0
plum,2026-03-16,24,11
plum,2026-03-16,25,1
plum,2026-03-16,26,0
plum,2026-03-16,27,7
plum,2026-03-16,28,4
plum,2026-03-16,29,0
plum,2026-03-16,30,2
plum,2026-03-16,31,0
plum,2026-03-16,32,0
plum,2026-03-16,33,0
plum,2026-03-16,34,0
plum,2026-03-16,35,0
plum,2026-03-16,36,0
plum,2026-03-16,37,0
plum,2026-03-16,38,0
plum,2026-03-16,39,0
plum,2026-03-16,40,0
plum,2026-03-16,41,0
plum,2026-03-16,42,0
plum,2026-03-16,43,0
plum,2026-03-16,44,0
plum,2026-03-16,45,0
plum,2026-03-16,46,0
plum,2026-03-16,47,0
plum,2026-03-17,0,0
plum,2026-03-17,1,0
plum,2026-03-17,2,0
plum,2026-03-17,3,0
plum,2026-03-17,4,0
plum,2026-03-17,5,0
plum,2026-03-17,6,0
plum,2026-03-17,7,0
plum,2026-03-17,8,0
plum,2026-03-17,9,0
plum,2026-03-17,10,0
plum,2026-03-17,11,0
plum,2026-03-17,12,0
plum,2026-03-17,13,0
plum,2026-03-17,14,0
plum,2026-03-17,15,0
plum,2026-03-17,16,0
plum,2026-03-17,17,0
plum,2026-03-17,18,2
plum,2026-03-17,19,0
plum,2026-03-17,20,0
plum,2026-03-17,21,0
plum,2026-03-17,22,0
plum,2026-03-17,23,1
plum,2026-03-17,24,0
plum,2026-03-17,25,0
plum,2026-03-17,26,0
plum,2026-03-17,27,0
plum,2026-03-17,28,0
plum,2026-03-17,29,2
plum,2026-03-17,30,0
plum,2026-03-17,31,0
plum,2026-03-17,32,2
plum,2026-03-17,33,0
plum,2026-03-17,34,30
plum,2026-03-17,35,0
plum,2026-03-17,36,0
plum,2026-03-17,37,0
plum,2026-03-17,38,0
plum,2026-03-17,39,2
plum,2026-03-17,40,8
plum,2026-03-17,41,0
plum,2026-03-17,42,0
plum,2026-03-17,43,0
plum,2026-03-17,44,0
plum,2026-03-17,45,0
plum,2026-03-17,46,0
plum,2026-03-17,47,0
plum,2026-03-18,0,0
plum,2026-03-18,1,0
plum,2026-03-18,2,0
plum,2026-03-18,3,0
plum,2026-03-18,4,0
plum,2026-03-18,5,0
plum,2026-03-18,6,0
plum,2026-03-18,7,0
plum,2026-03-18,8,0
plum,2026-03-18,9,0
plum,2026-03-18,10,0
plum,2026-03-18,11,0
plum,2026-03-18,12,0
plum,2026-03-18,13,0
plum,2026-03-18,14,0
plum,2026-03-18,15,0
plum,2026-03-18,16,21
plum,2026-03-18,17,0
plum,2026-03-18,18,0
plum,2026-03-18,19,11
plum,2026-03-18,20,9
plum,2026-03-18,21,0
plum,2026-03-18,22,0
plum,2026-03-18,23,0
plum,2026-03-18,24,0
plum,2026-03-18,25,1
plum,2026-03-18,26,0
plum,2026-03-18,27,0
plum,2026-03-18,28,0
plum,2026-03-18,29,0
plum,2026-03-18,30,0
plum,2026-03-18,31,0
plum,2026-03-18,32,0
plum,2026-03-18,33,0
plum,2026-03-18,34,2
plum,2026-03-18,35,1
plum,2026-03-18,36,7
plum,2026-03-18,37,3
plum,2026-03-18,38,0
plum,2026-03-18,39,0
plum,2026-03-18,40,0
plum,2026-03-18,41,0
plum,2026-03-18,42,0
plum,2026-03-18,43,0
plum,2026-03-18,44,0
plum,2026-03-18,45,1
plum,2026-03-18,46,0
plum,2026-03-18,47,0
plum,2026-03-20,0,0
plum,2026-03-20,1,0
plum,2026-03-20,2,0
plum,2026-03-20,3,0
plum,2026-03-20,4,0
plum,2026-03-20,5,0
plum,2026-03-20,6,0
plum,2026-03-20,7,0
plum,2026-03-20,8,0
plum,2026-03-20,9,0
plum,2026-03-20,10,0
plum,2026-03-20,11,0
plum,2026-03-20,12,0
plum,2026-03-20,13,0
plum,2026-03-20,14,0
plum,2026-03-20,15,0
plum,2026-03-20,16,0
plum,2026-03-20,17,0
plum,2026-03-20,18,0
plum,2026-03-20,19,0
plum,2026-03-20,20,7
plum,2026-03-20,21,1
plum,2026-03-20,22,0
plum,2026-03-20,23,0
plum,2026-03-20,24,0
plum,2026-03-20,25,1
plum,2026-03-20,26,0
plum,2026-03-20,27,0
plum,2026-03-20,28,0
plum,2026-03-20,29,1
plum,2026-03-20,30,0
plum,2026-03-20,31,2
plum,2026-03-20,32,0
plum,2026-03-20,33,0
plum,2026-03-20,34,0
plum,2026-03-20,35,0
plum,2026-03-20,36,0
plum,2026-03-20,37,10
plum,2026-03-20,38,0
plum,2026-03-20,39,0
plum,2026-03-20,40,0
plum,2026-03-20,41,0
plum,2026-03-20,42,0
plum,2026-03-20,43,0
plum,2026-03-20,44,0
plum,2026-03-20,45,0
plum,2026-03-20,46,0
plum,2026-03-20,47,0
plum,2026-03-21,0,0
plum,2026-03-21,1,0
plum,2026-03-21,2,0
plum,2026-03-21,3,0
plum,2026-03-21,4,0
plum,2026-03-21,5,0
plum,2026-03-21,6,0
plum,2026-03-21,7,0
plum,2026-03-21,8,0
plum,2026-03-21,9,0
plum,2026-03-21,10,0
plum,2026-03-21,11,0
plum,2026-03-21,12,0
plum,2026-03-21,13,0
plum,2026-03-21,14,0
plum,2026-03-21,15,0
plum,2026-03-21,16,0
plum,2026-03-21,17,0
plum,2026-03-21,18,1
plum,2026-03-21,19,0
plum,2026-03-21,20,0
plum,2026-03-21,21,0
plum,2026-03-21,22,0
plum,2026-03-21,23,0
plum,2026-03-21,24,0
plum,2026-03-21,25,0
plum,2026-03-21,26,0
plum,2026-03-21,27,0
plum,2026-03-21,28,2
plum,2026-03-21,29,1
plum,2026-03-21,30,0
plum,2026-03-21,31,0
plum,2026-03-21,32,1
plum,2026-03-21,33,24
plum,2026-03-21,34,5
plum,2026-03-21,35,0
plum,2026-03-21,36,0
plum,2026-03-21,37,0
plum,2026-03-21,38,0
plum,2026-03-21,39,0
plum,2026-03-21,40,0
plum,2026-03-21,41,0
plum,2026-03-21,42,0
plum,2026-03-21,43,0
plum,2026-03-21,44,0
plum,2026-03-21,45,0
plum,2026-03-21,46,0
plum,2026-03-21,47,0
plum,2026-03-22,0,0
plum,2026-03-22,1,0
plum,2026-03-22,2,0
plum,2026-03-22,3,0
plum,2026-03-22,4,0
plum,2026-03-22,5,0
plum,2026-03-22,6,0
plum,2026-03-22,7,0
plum,2026-03-22,8,0
plum,2026-03-22,9,0
plum,2026-03-22,10,0
plum,2026-03-22,11,0
plum,2026-03-22,12,0
plum,2026-03-22,13,0
plum,2026-03-22,14,0
plum,2026-03-22,15,0
plum,2026-03-22,16,0
plum,2026-03-22,17,0
plum,2026-03-22,18,0
plum,2026-03-22,19,6
plum,2026-03-22,20,0
plum,2026-03-22,21,0
plum,2026-03-22,22,2
plum,2026-03-22,23,1
plum,2026-03-22,24,0
plum,2026-03-22,25,1
plum,2026-03-22,26,3
plum,2026-03-22,27,1
plum,2026-03-22,28,1
plum,2026-03-22,29,0
plum,2026-03-22,30,0
plum,2026-03-22,31,0
plum,2026-03-22,32,0
plum,2026-03-22,33,0
plum,2026-03-22,34,0
plum,2026-03-22,35,4
plum,2026-03-22,36,0
plum,2026-03-22,37,0
plum,2026-03-22,38,0
plum,2026-03-22,39,0
plum,2026-03-22,40,0
plum,2026-03-22,41,0
plum,2026-03-22,42,0
plum,2026-03-22,43,0
plum,2026-03-22,44,0
plum,2026-03-22,45,0
plum,2026-03-22,46,0
plum,2026-03-22,47,0
plum,2026-03-23,0,0
plum,2026-03-23,1,0
plum,2026-03-23,2,0
plum,2026-03-23,3,0
plum,2026-03-23,4,0
plum,2026-03-23,5,0
plum,2026-03-23,6,0
plum,2026-03-23,7,0
plum,2026-03-23,8,0
plum,2026-03-23,9,0
plum,2026-03-23,10,0
plum,2026-03-23,11,0
plum,2026-03-23,12,0
plum,2026-03-23,13,0
plum,2026-03-23,14,0
plum,2026-03-23,15,0
plum,2026-03-23,16,0
plum,2026-03-23,17,4
plum,2026-03-23,18,0
plum,2026-03-23,19,1
plum,2026-03-23,20,0
plum,2026-03-23,21,2
plum,2026-03-23,22,0
plum,2026-03-23,23,0
plum,2026-03-23,24,0
plum,2026-03-23,25,0
plum,2026-03-23,26,0
plum,2026-03-23,27,0
plum,2026-03-23,28,0
plum,2026-03-23,29,0
plum,2026-03-23,30,1
plum,2026-03-23,31,0
plum,2026-03-23,32,0
plum,2026-03-23,33,0
plum,2026-03-23,34,0
plum,2026-03-23,35,0
plum,2026-03-23,36,1
plum,2026-03-23,37,3
plum,2026-03-23,38,1
plum,2026-03-23,39,0
plum,2026-03-23,40,0
plum,2026-03-23,41,0
plum,2026-03-23,42,0
plum,2026-03-23,43,0
plum,2026-03-23,44,0
plum,2026-03-23,45,0
plum,2026-03-23,46,0
plum,2026-03-23,47,0
plum,2026-03-24,0,0
plum,2026-03-24,1,0
plum,2026-03-24,2,0
plum,2026-03-24,3,0
plum,2026-03-24,4,0
plum,2026-03-24,5,0
plum,2026-03-24,6,0
plum,2026-03-24,7,0
plum,2026-03-24,8,0
plum,2026-03-24,9,0
plum,2026-03-24,10,0
plum,2026-03-24,11,0
plum,2026-03-24,12,0
plum,2026-03-24,13,0
plum,2026-03-24,14,0
plum,2026-03-24,15,0
plum,2026-03-24,16,4
plum,2026-03-24,17,0
plum,2026-03-24,18,0
plum,2026-03-24,19,0
plum,2026-03-24,20,0
plum,2026-03-24,21,0
plum,2026-03-24,22,0
plum,2026-03-24,23,4
plum,2026-03-24,24,0
plum,2026-03-24,25,0
plum,2026-03-24,26,0
plum,2026-03-24,27,0
plum,2026-03-24,28,0
plum,2026-03-24,29,0
plum,2026-03-24,30,0
plum,2026-03-24,31,0
plum,2026-03-24,32,0
plum,2026-03-24,33,0
plum,2026-03-24,34,0
plum,2026-03-24,35,2
plum,2026-03-24,36,8
plum,2026-03-24,37,5
plum,2026-03-24,38,6
plum,2026-03-24,39,0
plum,2026-03-24,40,0
plum,2026-03-24,41,0
plum,2026-03-24,42,0
plum,2026-03-24,43,0
plum,2026-03-24,44,0
plum,2026-03-24,45,0
plum,2026-03-24,46,0
plum,2026-03-24,47,0
plum,2026-03-25,0,0
plum,2026-03-25,1,0
plum,2026-03-25,2,0
plum,2026-03-25,3,0
plum,2026-03-25,4,0
plum,2026-03-25,5,0
plum,2026-03-25,6,0
plum,2026-03-25,7,0
plum,2026-03-25,8,0
plum,2026-03-25,9,0
plum,2026-03-25,10,0
plum,2026-03-25,11,0
plum,2026-03-25,12,0
plum,2026-03-25,13,0
plum,2026-03-25,14,0
plum,2026-03-25,15,0
plum,2026-03-25,16,0
plum,2026-03-25,17,0
plum,2026-03-25,18,0
plum,2026-03-25,19,1
plum,2026-03-25,20,2
plum,2026-03-25,21,0
plum,2026-03-25,22,0
plum,2026-03-25,23,0
plum,2026-03-25,24,0
plum,2026-03-25,25,0
plum,2026-03-25,26,0
plum,2026-03-25,27,0
plum,2026-03-25,28,0
plum,2026-03-25,29,0
plum,2026-03-25,30,0
plum,2026-03-25,31,0
plum,2026-03-25,32,0
plum,2026-03-25,33,1
plum,2026-03-25,34,0
plum,2026-03-25,35,0
plum,2026-03-25,36,0
plum,2026-03-25,37,0
plum,2026-03-25,38,0
plum,2026-03-25,39,0
plum,2026-03-25,40,0
plum,2026-03-25,41,0
plum,2026-03-25,42,0
plum,2026-03-25,43,0
plum,2026-03-25,44,0
plum,2026-03-25,45,0
plum,2026-03-25,46,0
plum,2026-03-25,47,0
plum,2026-03-26,0,0
plum,2026-03-26,1,0
plum,2026-03-26,2,0
plum,2026-03-26,3,0
plum,2026-03-26,4,0
plum,2026-03-26,5,0
plum,2026-03-26,6,0
plum,2026-03-26,7,0
plum,2026-03-26,8,0
plum,2026-03-26,9,0
plum,2026-03-26,10,0
plum,2026-03-26,11,0
plum,2026-03-26,12,0
plum,2026-03-26,13,0
plum,2026-03-26,14,0
plum,2026-03-26,15,0
plum,2026-03-26,16,0
plum,2026-03-26,17,0
plum,2026-03-26,18,2
plum,2026-03-26,19,0
plum,2026-03-26,20,0
plum,2026-03-26,21,0
plum,2026-03-26,22,9
plum,2026-03-26,23,0
plum,2026-03-26,24,5
plum,2026-03-26,25,28
plum,2026-03-26,26,1
plum,2026-03-26,27,1
plum,2026-03-26,28,0
plum,2026-03-26,29,0
plum,2026-03-26,30,2
plum,2026-03-26,31,0
plum,2026-03-26,32,0
plum,2026-03-26,33,0
plum,2026-03-26,34,6
plum,2026-03-26,35,1
plum,2026-03-26,36,3
plum,2026-03-26,37,0
plum,2026-03-26,38,0
plum,2026-03-26,39,0
plum,2026-03-26,40,0
plum,2026-03-26,41,0
plum,2026-03-26,42,0
plum,2026-03-26,43,0
plum,2026-03-26,44,0
plum,2026-03-26,45,0
plum,2026-03-26,46,0
plum,2026-03-26,47,0
plum,2026-03-27,0,0
plum,2026-03-27,1,0
plum,2026-03-27,2,0
plum,2026-03-27,3,0
plum,2026-03-27,4,0
plum,2026-03-27,5,0
plum,2026-03-27,6,0
plum,2026-03-27,7,0
plum,2026-03-27,8,0
plum,2026-03-27,9,0
plum,2026-03-27,10,0
plum,2026-03-27,11,0
plum,2026-03-27,12,0
plum,2026-03-27,13,0
plum,2026-03-27,14,0
plum,2026-03-27,15,0
plum,2026-03-27,16,0
plum,2026-03-27,17,0
plum,2026-03-27,18,0
plum,2026-03-27,19,0
plum,2026-03-27,20,0
plum,2026-03-27,21,1
plum,2026-03-27,22,1
plum,2026-03-27,23,0
plum,2026-03-27,24,0
plum,2026-03-27,25,0
plum,2026-03-27,26,0
plum,2026-03-27,27,0
plum,2026-03-27,28,0
plum,2026-03-27,29,0
plum,2026-03-27,30,0
plum,2026-03-27,31,0
plum,2026-03-27,32,0
plum,2026-03-27,33,0
plum,2026-03-27,34,1
plum,2026-03-27,35,0
plum,2026-03-27,36,0
plum,2026-03-27,37,1
plum,2026-03-27,38,0
plum,2026-03-27,39,0
plum,2026-03-27,40,0
plum,2026-03-27,41,0
plum,2026-03-27,42,0
plum,2026-03-27,43,0
plum,2026-03-27,44,0
plum,2026-03-27,45,0
plum,2026-03-27,46,0
plum,2026-03-27,47,0
plum,2026-03-28,0,0
plum,2026-03-28,1,0
plum,2026-03-28,2,0
plum,2026-03-28,3,0
plum,2026-03-28,4,0
plum,2026-03-28,5,0
plum,2026-03-28,6,0
plum,2026-03-28,7,0
plum,2026-03-28,8,0
plum,2026-03-28,9,0
plum,2026-03-28,10,0
plum,2026-03-28,11,0
plum,2026-03-28,12,0
plum,2026-03-28,13,0
plum,2026-03-28,14,0
plum,2026-03-28,15,0
plum,2026-03-28,16,0
plum,2026-03-28,17,0
plum,2026-03-28,18,0
plum,2026-03-28,19,0
plum,2026-03-28,20,0
plum,2026-03-28,21,0
plum,2026-03-28,22,10
plum,2026-03-28,23,12
plum,2026-03-28,24,0
plum,2026-03-28,25,0
plum,2026-03-28,26,0
plum,2026-03-28,27,0
plum,2026-03-28,28,0
plum,2026-03-28,29,0
plum,2026-03-28,30,0
plum,2026-03-28,31,0
plum,2026-03-28,32,0
plum,2026-03-28,33,1
plum,2026-03-28,34,0
plum,2026-03-28,35,0
plum,2026-03-28,36,0
plum,2026-03-28,37,9
plum,2026-03-28,38,0
plum,2026-03-28,39,0
plum,2026-03-28,40,16
plum,2026-03-28,41,0
plum,2026-03-28,42,0
plum,2026-03-28,43,0
plum,2026-03-28,44,0
plum,2026-03-28,45,0
plum,2026-03-28,46,0
plum,2026-03-28,47,0
plum,2026-03-29,0,0
plum,2026-03-29,1,1
plum,2026-03-29,2,0
plum,2026-03-29,3,0
plum,2026-03-29,4,0
plum,2026-03-29,5,0
plum,2026-03-29,6,0
plum,2026-03-29,7,0
plum,2026-03-29,8,0
plum,2026-03-29,9,0
plum,2026-03-29,10,0
plum,2026-03-29,11,0
plum,2026-03-29,12,0
plum,2026-03-29,13,0
plum,2026-03-29,14,0
plum,2026-03-29,15,0
plum,2026-03-29,16,0
plum,2026-03-29,17,0
plum,2026-03-29,18,0
plum,2026-03-29,19,0
plum,2026-03-29,20,0
plum,2026-03-29,21,0
plum,2026-03-29,22,0
plum,2026-03-29,23,0
plum,2026-03-29,24,0
plum,2026-03-29,25,0
plum,2026-03-29,26,0
plum,2026-03-29,27,5
plum,2026-03-29,28,2
plum,2026-03-29,29,6
plum,2026-03-29,30,0
plum,2026-03-29,31,0
plum,2026-03-29,32,0
plum,2026-03-29,33,0
plum,2026-03-29,34,4
plum,2026-03-29,35,0
plum,2026-03-29,36,0
plum,2026-03-29,37,0
plum,2026-03-29,38,3
plum,2026-03-29,39,0
plum,2026-03-29,40,8
plum,2026-03-29,41,0
plum,2026-03-29,42,0
plum,2026-03-29,43,0
plum,2026-03-29,44,0
plum,2026-03-29,45,0
plum,2026-03-29,46,0
plum,2026-03-29,47,0
plum,2026-03-30,0,0
plum,2026-03-30,1,0
plum,2026-03-30,2,0
plum,2026-03-30,3,0
plum,2026-03-30,4,0
plum,2026-03-30,5,0
plum,2026-03-30,6,0
plum,2026-03-30,7,0
plum,2026-03-30,8,0
plum,2026-03-30,9,0
plum,2026-03-30,10,0
plum,2026-03-30,11,0
plum,2026-03-30,12,0
plum,2026-03-30,13,0
plum,2026-03-30,14,0
plum,2026-03-30,15,0
plum,2026-03-30,16,0
plum,2026-03-30,17,0
plum,2026-03-30,18,0
plum,2026-03-30,19,0
plum,2026-03-30,20,0
plum,2026-03-30,21,0
plum,2026-03-30,22,0
plum,2026-03-30,23,0
plum,2026-03-30,24,0
plum,2026-03-30,25,0
plum,2026-03-30,26,8
plum,2026-03-30,27,0
plum,2026-03-30,28,0
plum,2026-03-30,29,0
plum,2026-03-30,30,0
plum,2026-03-30,31,0
plum,2026-03-30,32,1
plum,2026-03-30,33,0
plum,2026-03-30,34,0
plum,2026-03-30,35,5
plum,2026-03-30,36,0
plum,2026-03-30,37,8
plum,2026-03-30,38,0
plum,2026-03-30,39,16
plum,2026-03-30,40,1
plum,2026-03-30,41,0
plum,2026-03-30,42,0
plum,2026-03-30,43,0
plum,2026-03-30,44,0
plum,2026-03-30,45,0
plum,2026-03-30,46,0
plum,2026-03-30,47,0
plum,2026-03-31,0,0
plum,2026-03-31,1,0
plum,2026-03-31,2,0
plum,2026-03-31,3,0
plum,2026-03-31,4,0
plum,2026-03-31,5,0
plum,2026-03-31,6,0
plum,2026-03-31,7,0
plum,2026-03-31,8,0
plum,2026-03-31,9,0
plum,2026-03-31,10,0
plum,2026-03-31,11,0
plum,2026-03-31,12,0
plum,2026-03-31,13,0
plum,2026-03-31,14,0
plum,2026-03-31,15,0
plum,2026-03-31,16,0
plum,2026-03-31,17,0
plum,2026-03-31,18,0
plum,2026-03-31,19,1
plum,2026-03-31,20,0
plum,2026-03-31,21,0
plum,2026-03-31,22,0
plum,2026-03-31,23,0
plum,2026-03-31,24,0
plum,2026-03-31,25,0
plum,2026-03-31,26,0
plum,2026-03-31,27,0
plum,2026-03-31,28,0
plum,2026-03-31,29,5
plum,2026-03-31,30,0
plum,2026-03-31,31,0
plum,2026-03-31,32,0
plum,2026-03-31,33,0
plum,2026-03-31,34,1
plum,2026-03-31,35,0
plum,2026-03-31,36,1
plum,2026-03-31,37,8
plum,2026-03-31,38,1
plum,2026-03-31,39,25
plum,2026-03-31,40,0
plum,2026-03-31,41,0
plum,2026-03-31,42,0
plum,2026-03-31,43,0
plum,2026-03-31,44,0
plum,2026-03-31,45,0
plum,2026-03-31,46,0
plum,2026-03-31,47,0
plum,2026-04-01,0,0
plum,2026-04-01,1,0
plum,2026-04-01,2,0
plum,2026-04-01,3,0
plum,2026-04-01,4,0
plum,2026-04-01,5,0
plum,2026-04-01,6,0
plum,2026-04-01,7,0
plum,2026-04-01,8,0
plum,2026-04-01,9,0
plum,2026-04-01,10,0
plum,2026-04-01,11,0
plum,2026-04-01,12,0
plum,2026-04-01,13,0
plum,2026-04-01,14,0
plum,2026-04-01,15,0
plum,2026-04-01,16,0
plum,2026-04-01,17,0
plum,2026-04-01,18,0
plum,2026-04-01,19,0
plum,2026-04-01,20,0
plum,2026-04-01,21,0
plum,2026-04-01,22,5
plum,2026-04-01,23,1
plum,2026-04-01,24,0
plum,2026-04-01,25,0
plum,2026-04-01,26,0
plum,2026-04-01,27,0
plum,2026-04-01,28,1
plum,2026-04-01,29,0
plum,2026-04-01,30,0
plum,2026-04-01,31,0
plum,2026-04-01,32,1
plum,2026-04-01,33,1
plum,2026-04-01,34,35
plum,2026-04-01,35,1
plum,2026-04-01,36,3
plum,2026-04-01,37,1
plum,2026-04-01,38,1
plum,2026-04-01,39,3
plum,2026-04-01,40,0
plum,2026-04-01,41,0
plum,2026-04-01,42,0
plum,2026-04-01,43,0
plum,2026-04-01,44,0
plum,2026-04-01,45,0
plum,2026-04-01,46,0
plum,2026-04-01,47,0
plum,2026-04-02,0,0
plum,2026-04-02,1,0
plum,2026-04-02,2,0
plum,2026-04-02,3,0
plum,2026-04-02,4,0
plum,2026-04-02,5,0
plum,2026-04-02,6,0
plum,2026-04-02,7,0
plum,2026-04-02,8,0
plum,2026-04-02,9,0
plum,2026-04-02,10,0
plum,2026-04-02,11,0
plum,2026-04-02,12,0
plum,2026-04-02,13,0
plum,2026-04-02,14,0
plum,2026-04-02,15,0
plum,2026-04-02,16,0
plum,2026-04-02,17,0
plum,2026-04-02,18,0
plum,2026-04-02,19,5
plum,2026-04-02,20,1
plum,2026-04-02,21,0
plum,2026-04-02,22,2
plum,2026-04-02,23,0
plum,2026-04-02,24,0
plum,2026-04-02,25,0
plum,2026-04-02,26,0
plum,2026-04-02,27,0
plum,2026-04-02,28,0
plum,2026-04-02,29,0
plum,2026-04-02,30,5
plum,2026-04-02,31,0
plum,2026-04-02,32,0
plum,2026-04-02,33,1
plum,2026-04-02,34,0
plum,2026-04-02,35,2
plum,2026-04-02,36,0
plum,2026-04-02,37,13
plum,2026-04-02,38,3
plum,2026-04-02,39,25
plum,2026-04-02,40,32
plum,2026-04-02,41,0
plum,2026-04-02,42,0
plum,2026-04-02,43,0
plum,2026-04-02,44,0
plum,2026-04-02,45,0
plum,2026-04-02,46,0
plum,2026-04-02,47,0
plum,2026-04-03,0,0
plum,2026-04-03,1,0
plum,2026-04-03,2,0
plum,2026-04-03,3,0
plum,2026-04-03,4,0
plum,2026-04-03,5,0
plum,2026-04-03,6,0
plum,2026-04-03,7,0
plum,2026-04-03,8,0
plum,2026-04-03,9,0
plum,2026-04-03,10,0
plum,2026-04-03,11,0
plum,2026-04-03,12,0
plum,2026-04-03,13,0
plum,2026-04-03,14,0
plum,2026-04-03,15,0
plum,2026-04-03,16,0
plum,2026-04-03,17,0
plum,2026-04-03,18,0
plum,2026-04-03,19,0
plum,2026-04-03,20,0
plum,2026-04-03,21,0
plum,2026-04-03,22,0
plum,2026-04-03,23,0
plum,2026-04-03,24,0
plum,2026-04-03,25,0
plum,2026-04-03,26,0
plum,2026-04-03,27,0
plum,2026-04-03,28,0
plum,2026-04-03,29,0
plum,2026-04-03,30,0
plum,2026-04-03,31,0
plum,2026-04-03,32,0
plum,2026-04-03,33,0
plum,2026-04-03,34,0
plum,2026-04-03,35,0
plum,2026-04-03,36,0
plum,2026-04-03,37,1
plum,2026-04-03,38,0
plum,2026-04-03,39,0
plum,2026-04-03,40,22
plum,2026-04-03,41,2
plum,2026-04-03,42,0
plum,2026-04-03,43,0
plum,2026-04-03,44,0
plum,2026-04-03,45,0
plum,2026-04-03,46,0
plum,2026-04-03,47,0
plum,2026-04-04,0,0
plum,2026-04-04,1,0
plum,2026-04-04,2,0
plum,2026-04-04,3,0
plum,2026-04-04,4,0
plum,2026-04-04,5,0
plum,2026-04-04,6,0
plum,2026-04-04,7,0
plum,2026-04-04,8,0
plum,2026-04-04,9,0
plum,2026-04-04,10,0
plum,2026-04-04,11,0
plum,2026-04-04,12,0
plum,2026-04-04,13,0
plum,2026-04-04,14,0
plum,2026-04-04,15,0
plum,2026-04-04,16,1
plum,2026-04-04,17,0
plum,2026-04-04,18,0
plum,2026-04-04,19,0
plum,2026-04-04,20,0
plum,2026-04-04,21,1
plum,2026-04-04,22,0
plum,2026-04-04,23,0
plum,2026-04-04,24,0
plum,2026-04-04,25,3
plum,2026-04-04,26,0
plum,2026-04-04,27,0
plum,2026-04-04,28,0
plum,2026-04-04,29,0
plum,2026-04-04,30,0
plum,2026-04-04,31,0
plum,2026-04-04,32,0
plum,2026-04-04,33,0
plum,2026-04-04,34,0
plum,2026-04-04,35,0
plum,2026-04-04,36,0
plum,2026-04-04,37,0
plum,2026-04-04,38,5
plum,2026-04-04,39,1
plum,2026-04-04,40,0
plum,2026-04-04,41,2
plum,2026-04-04,42,0
plum,2026-04-04,43,0
plum,2026-04-04,44,0
plum,2026-04-04,45,0
plum,2026-04-04,46,0
plum,2026-04-04,47,0
plum,2026-04-05,0,0
plum,2026-04-05,1,0
plum,2026-04-05,2,0
plum,2026-04-05,3,0
plum,2026-04-05,4,0
plum,2026-04-05,5,0
plum,2026-04-05,6,0
plum,2026-04-05,7,0
plum,2026-04-05,8,0
plum,2026-04-05,9,0
plum,2026-04-05,10,0
plum,2026-04-05,11,0
plum,2026-04-05,12,0
plum,2026-04-05,13,0
plum,2026-04-05,14,0
plum,2026-04-05,15,0
plum,2026-04-05,16,1
plum,2026-04-05,17,0
plum,2026-04-05,18,0
plum,2026-04-05,19,0
plum,2026-04-05,20,0
plum,2026-04-05,21,0
plum,2026-04-05,22,0
plum,2026-04-05,23,0
plum,2026-04-05,24,0
plum,2026-04-05,25,0
plum,2026-04-05,26,0
plum,2026-04-05,27,0
plum,2026-04-05,28,0
plum,2026-04-05,29,0
plum,2026-04-05,30,0
plum,2026-04-05,31,0
plum,2026-04-05,32,0
plum,2026-04-05,33,0
plum,2026-04-05,34,0
plum,2026-04-05,35,0
plum,2026-04-05,36,0
plum,2026-04-05,37,0
plum,2026-04-05,38,0
plum,2026-04-05,39,4
plum,2026-04-05,40,1
plum,2026-04-05,41,0
plum,2026-04-05,42,0
plum,2026-04-05,43,0
plum,2026-04-05,44,0
plum,2026-04-05,45,0
plum,2026-04-05,46,0
plum,2026-04-05,47,0
plum,2026-04-06,0,0
plum,2026-04-06,1,0
plum,2026-04-06,2,0
plum,2026-04-06,3,0
plum,2026-04-06,4,0
plum,2026-04-06,5,0
plum,2026-04-06,6,0
plum,2026-04-06,7,0
plum,2026-04-06,8,0
plum,2026-04-06,9,0
plum,2026-04-06,10,0
plum,2026-04-06,11,0
plum,2026-04-06,12,0
plum,2026-04-06,13,0
plum,2026-04-06,14,0
plum,2026-04-06,15,0
plum,2026-04-06,16,0
plum,2026-04-06,17,4
plum,2026-04-06,18,0
plum,2026-04-06,19,0
plum,2026-04-06,20,0
plum,2026-04-06,21,0
plum,2026-04-06,22,0
plum,2026-04-06,23,2
plum,2026-04-06,24,0
plum,2026-04-06,25,0
plum,2026-04-06,26,0
plum,2026-04-06,27,0
plum,2026-04-06,28,0
plum,2026-04-06,29,0
plum,2026-04-06,30,0
plum,2026-04-06,31,0
plum,2026-04-06,32,0
plum,2026-04-06,33,0
plum,2026-04-06,34,0
plum,2026-04-06,35,0
plum,2026-04-06,36,0
plum,2026-04-06,37,0
plum,2026-04-06,38,2
plum,2026-04-06,39,2
plum,2026-04-06,40,14
plum,2026-04-06,41,4
plum,2026-04-06,42,0
plum,2026-04-06,43,0
plum,2026-04-06,44,0
plum,2026-04-06,45,0
plum,2026-04-06,46,0
plum,2026-04-06,47,0
plum,2026-04-07,0,0
plum,2026-04-07,1,0
plum,2026-04-07,2,0
plum,2026-04-07,3,0
plum,2026-04-07,4,0
plum,2026-04-07,5,0
plum,2026-04-07,6,0
plum,2026-04-07,7,0
plum,2026-04-07,8,0
plum,2026-04-07,9,0
plum,2026-04-07,10,0
plum,2026-04-07,11,0
plum,2026-04-07,12,0
plum,2026-04-07,13,0
plum,2026-04-07,14,0
plum,2026-04-07,15,0
plum,2026-04-07,16,0
plum,2026-04-07,17,0
plum,2026-04-07,18,1
plum,2026-04-07,19,0
plum,2026-04-07,20,0
plum,2026-04-07,21,2
plum,2026-04-07,22,4
plum,2026-04-07,23,0
plum,2026-04-07,24,0
plum,2026-04-07,25,0
plum,2026-04-07,26,1
plum,2026-04-07,27,0
plum,2026-04-07,28,0
plum,2026-04-07,29,0
plum,2026-04-07,30,0
plum,2026-04-07,31,1
plum,2026-04-07,32,0
plum,2026-04-07,33,1
plum,2026-04-07,34,0
plum,2026-04-07,35,0
plum,2026-04-07,36,2
plum,2026-04-07,37,0
plum,2026-04-07,38,0
plum,2026-04-07,39,0
plum,2026-04-07,40,18
plum,2026-04-07,41,0
plum,2026-04-07,42,0
plum,2026-04-07,43,0
plum,2026-04-07,44,0
plum,2026-04-07,45,0
plum,2026-04-07,46,0
plum,2026-04-07,47,0
plum,2026-04-08,0,0
plum,2026-04-08,1,0
plum,2026-04-08,2,0
plum,2026-04-08,3,0
plum,2026-04-08,4,0
plum,2026-04-08,5,0
plum,2026-04-08,6,0
plum,2026-04-08,7,0
plum,2026-04-08,8,0
plum,2026-04-08,9,0
plum,2026-04-08,10,0
plum,2026-04-08,11,0
plum,2026-04-08,12,0
plum,2026-04-08,13,0
plum,2026-04-08,14,0
plum,2026-04-08,15,0
plum,2026-04-08,16,0
plum,2026-04-08,17,0
plum,2026-04-08,18,0
plum,2026-04-08,19,0
plum,2026-04-08,20,0
plum,2026-04-08,21,0
plum,2026-04-08,22,2
plum,2026-04-08,23,0
plum,2026-04-08,24,0
plum,2026-04-08,25,0
plum,2026-04-08,26,0
plum,2026-04-08,27,0
plum,2026-04-08,28,0
plum,2026-04-08,29,0
plum,2026-04-08,30,0
plum,2026-04-08,31,0
plum,2026-04-08,32,0
plum,2026-04-08,33,0
plum,2026-04-08,34,0
plum,2026-04-08,35,0
plum,2026-04-08,36,0
plum,2026-04-08,37,3
plum,2026-04-08,38,0
plum,2026-04-08,39,1
plum,2026-04-08,40,0
plum,2026-04-08,41,0
plum,2026-04-08,42,5
plum,2026-04-08,43,0
plum,2026-04-08,44,0
plum,2026-04-08,45,0
plum,2026-04-08,46,0
plum,2026-04-08,47,0
plum,2026-04-09,0,0
plum,2026-04-09,1,0
plum,2026-04-09,2,0
plum,2026-04-09,3,0
plum,2026-04-09,4,0
plum,2026-04-09,5,0
plum,2026-04-09,6,0
plum,2026-04-09,7,0
plum,2026-04-09,8,0
plum,2026-04-09,9,0
plum,2026-04-09,10,0
plum,2026-04-09,11,0
plum,2026-04-09,12,0
plum,2026-04-09,13,0
plum,2026-04-09,14,0
plum,2026-04-09,15,0
plum,2026-04-09,16,0
plum,2026-04-09,17,0
plum,2026-04-09,18,0
plum,2026-04-09,19,1
plum,2026-04-09,20,0
plum,2026-04-09,21,0
plum,2026-04-09,22,0
plum,2026-04-09,23,0
plum,2026-04-09,24,0
plum,2026-04-09,25,0
plum,2026-04-09,26,0
plum,2026-04-09,27,9
plum,2026-04-09,28,0
plum,2026-04-09,29,1
plum,2026-04-09,30,0
plum,2026-04-09,31,0
plum,2026-04-09,32,0
plum,2026-04-09,33,0
plum,2026-04-09,34,0
plum,2026-04-09,35,0
plum,2026-04-09,36,0
plum,2026-04-09,37,0
plum,2026-04-09,38,1
plum,2026-04-09,39,4
plum,2026-04-09,40,0
plum,2026-04-09,41,15
plum,2026-04-09,42,0
plum,2026-04-09,43,0
plum,2026-04-09,44,0
plum,2026-04-09,45,0
plum,2026-04-09,46,0
plum,2026-04-09,47,0
plum,2026-04-10,0,0
plum,2026-04-10,1,0
plum,2026-04-10,2,0
plum,2026-04-10,3,0
plum,2026-04-10,4,0
plum,2026-04-10,5,0
plum,2026-04-10,6,0
plum,2026-04-10,7,0
plum,2026-04-10,8,0
plum,2026-04-10,9,0
plum,2026-04-10,10,0
plum,2026-04-10,11,0
plum,2026-04-10,12,0
plum,2026-04-10,13,0
plum,2026-04-10,14,0
plum,2026-04-10,15,0
plum,2026-04-10,16,0
plum,2026-04-10,17,0
plum,2026-04-10,18,0
plum,2026-04-10,19,0
plum,2026-04-10,20,0
plum,2026-04-10,21,0
plum,2026-04-10,22,0
plum,2026-04-10,23,0
plum,2026-04-10,24,0
plum,2026-04-10,25,0
plum,2026-04-10,26,0
plum,2026-04-10,27,1
plum,2026-04-10,28,0
plum,2026-04-10,29,0
plum,2026-04-10,30,0
plum,2026-04-10,31,0
plum,2026-04-10,32,0
plum,2026-04-10,33,0
plum,2026-04-10,34,0
plum,2026-04-10,35,0
plum,2026-04-10,36,0
plum,2026-04-10,37,6
plum,2026-04-10,38,0
plum,2026-04-10,39,0
plum,2026-04-10,40,0
plum,2026-04-10,41,0
plum,2026-04-10,42,0
plum,2026-04-10,43,0
plum,2026-04-10,44,0
plum,2026-04-10,45,0
plum,2026-04-10,46,0
plum,2026-04-10,47,0
plum,2026-04-11,0,0
plum,2026-04-11,1,0
plum,2026-04-11,2,0
plum,2026-04-11,3,0
plum,2026-04-11,4,0
plum,2026-04-11,5,0
plum,2026-04-11,6,0
plum,2026-04-11,7,0
plum,2026-04-11,8,0
plum,2026-04-11,9,0
plum,2026-04-11,10,0
plum,2026-04-11,11,0
plum,2026-04-11,12,0
plum,2026-04-11,13,0
plum,2026-04-11,14,0
plum,2026-04-11,15,0
plum,2026-04-11,16,0
plum,2026-04-11,17,0
plum,2026-04-11,18,0
plum,2026-04-11,19,0
plum,2026-04-11,20,0
plum,2026-04-11,21,0
plum,2026-04-11,22,0
plum,2026-04-11,23,0
plum,2026-04-11,24,0
plum,2026-04-11,25,0
plum,2026-04-11,26,1
plum,2026-04-11,27,0
plum,2026-04-11,28,0
plum,2026-04-11,29,0
plum,2026-04-11,30,0
plum,2026-04-11,31,0
plum,2026-04-11,32,0
plum,2026-04-11,33,0
plum,2026-04-11,34,1
plum,2026-04-11,35,0
plum,2026-04-11,36,0
plum,2026-04-11,37,1
plum,2026-04-11,38,13
plum,2026-04-11,39,0
plum,2026-04-11,40,0
plum,2026-04-11,41,7
plum,2026-04-11,42,0
plum,2026-04-11,43,0
plum,2026-04-11,44,0
plum,2026-04-11,45,0
plum,2026-04-11,46,0
plum,2026-04-11,47,0
plum,2026-04-12,0,0
plum,2026-04-12,1,0
plum,2026-04-12,2,0
plum,2026-04-12,3,0
plum,2026-04-12,4,0
plum,2026-04-12,5,0
plum,2026-04-12,6,0
plum,2026-04-12,7,0
plum,2026-04-12,8,0
plum,2026-04-12,9,0
plum,2026-04-12,10,0
plum,2026-04-12,11,0
plum,2026-04-12,12,0
plum,2026-04-12,13,0
plum,2026-04-12,14,0
plum,2026-04-12,15,0
plum,2026-04-12,16,0
plum,2026-04-12,17,0
plum,2026-04-12,18,0
plum,2026-04-12,19,0
plum,2026-04-12,20,0
plum,2026-04-12,21,0
plum,2026-04-12,22,0
plum,2026-04-12,23,0
plum,2026-04-12,24,0
plum,2026-04-12,25,0
plum,2026-04-12,26,7
plum,2026-04-12,27,0
plum,2026-04-12,28,0
plum,2026-04-12,29,0
plum,2026-04-12,30,0
plum,2026-04-12,31,0
plum,2026-04-12,32,0
plum,2026-04-12,33,0
plum,2026-04-12,34,0
plum,2026-04-12,35,0
plum,2026-04-12,36,0
plum,2026-04-12,37,0
plum,2026-04-12,38,0
plum,2026-04-12,39,0
plum,2026-04-12,40,0
plum,2026-04-12,41,0
plum,2026-04-12,42,0
plum,2026-04-12,43,0
plum,2026-04-12,44,0
plum,2026-04-12,45,0
plum,2026-04-12,46,0
plum,2026-04-12,47,1
plum,2026-04-13,0,0
plum,2026-04-13,1,0
plum,2026-04-13,2,0
plum,2026-04-13,3,0
plum,2026-04-13,4,0
plum,2026-04-13,5,0
plum,2026-04-13,6,0
plum,2026-04-13,7,0
plum,2026-04-13,8,0
plum,2026-04-13,9,0
plum,2026-04-13,10,0
plum,2026-04-13,11,0
plum,2026-04-13,12,0
plum,2026-04-13,13,0
plum,2026-04-13,14,0
plum,2026-04-13,15,0
plum,2026-04-13,16,0
plum,2026-04-13,17,0
plum,2026-04-13,18,0
plum,2026-04-13,19,0
plum,2026-04-13,20,0
plum,2026-04-13,21,0
plum,2026-04-13,22,2
plum,2026-04-13,23,0
plum,2026-04-13,24,0
plum,2026-04-13,25,0
plum,2026-04-13,26,0
plum,2026-04-13,27,1
plum,2026-04-13,28,0
plum,2026-04-13,29,3
plum,2026-04-13,30,0
plum,2026-04-13,31,0
plum,2026-04-13,32,0
plum,2026-04-13,33,0
plum,2026-04-13,34,0
plum,2026-04-13,35,0
plum,2026-04-13,36,0
plum,2026-04-13,37,1
plum,2026-04-13,38,0
plum,2026-04-13,39,0
plum,2026-04-13,40,1
plum,2026-04-13,41,2
plum,2026-04-13,42,0
plum,2026-04-13,43,0
plum,2026-04-13,44,0
plum,2026-04-13,45,0
plum,2026-04-13,46,0
plum,2026-04-13,47,0
plum,2026-04-14,0,0
plum,2026-04-14,1,0
plum,2026-04-14,2,0
plum,2026-04-14,3,0
plum,2026-04-14,4,0
plum,2026-04-14,5,0
plum,2026-04-14,6,0
plum,2026-04-14,7,0
plum,2026-04-14,8,0
plum,2026-04-14,9,0
plum,2026-04-14,10,0
plum,2026-04-14,11,0
plum,2026-04-14,12,0
plum,2026-04-14,13,0
plum,2026-04-14,14,0
plum,2026-04-14,15,0
plum,2026-04-14,16,3
plum,2026-04-14,17,0
plum,2026-04-14,18,0
plum,2026-04-14,19,0
plum,2026-04-14,20,0
plum,2026-04-14,21,0
plum,2026-04-14,22,0
plum,2026-04-14,23,0
plum,2026-04-14,24,0
plum,2026-04-14,25,0
plum,2026-04-14,26,1
plum,2026-04-14,27,0
plum,2026-04-14,28,0
plum,2026-04-14,29,0
plum,2026-04-14,30,0
plum,2026-04-14,31,0
plum,2026-04-14,32,0
plum,2026-04-14,33,0
plum,2026-04-14,34,0
plum,2026-04-14,35,0
plum,2026-04-14,36,0
plum,2026-04-14,37,0
plum,2026-04-14,38,0
plum,2026-04-14,39,0
plum,2026-04-14,40,0
plum,2026-04-14,41,2
plum,2026-04-14,42,6
plum,2026-04-14,43,0
plum,2026-04-14,44,0
plum,2026-04-14,45,0
plum,2026-04-14,46,0
plum,2026-04-14,47,0
plum,2026-04-15,0,0
plum,2026-04-15,1,1
plum,2026-04-15,2,0
plum,2026-04-15,3,0
plum,2026-04-15,4,0
plum,2026-04-15,5,0
plum,2026-04-15,6,0
plum,2026-04-15,7,0
plum,2026-04-15,8,0
plum,2026-04-15,9,0
plum,2026-04-15,10,0
plum,2026-04-15,11,0
plum,2026-04-15,12,0
plum,2026-04-15,13,0
plum,2026-04-15,14,0
plum,2026-04-15,15,0
plum,2026-04-15,16,0
plum,2026-04-15,17,0
plum,2026-04-15,18,0
plum,2026-04-15,19,0
plum,2026-04-15,20,0
plum,2026-04-15,21,0
plum,2026-04-15,22,0
plum,2026-04-15,23,0
plum,2026-04-15,24,0
plum,2026-04-15,25,0
plum,2026-04-15,26,0
plum,2026-04-15,27,0
plum,2026-04-15,28,0
plum,2026-04-15,29,0
plum,2026-04-15,30,0
plum,2026-04-15,31,1
plum,2026-04-15,32,0
plum,2026-04-15,33,0
plum,2026-04-15,34,0
plum,2026-04-15,35,0
plum,2026-04-15,36,0
plum,2026-04-15,37,0
plum,2026-04-15,38,3
plum,2026-04-15,39,0
plum,2026-04-15,40,0
plum,2026-04-15,41,5
plum,2026-04-15,42,2
plum,2026-04-15,43,0
plum,2026-04-15,44,0
plum,2026-04-15,45,1
plum,2026-04-15,46,0
plum,2026-04-15,47,0
plum,2026-04-16,0,0
plum,2026-04-16,1,0
plum,2026-04-16,2,0
plum,2026-04-16,3,0
plum,2026-04-16,4,0
plum,2026-04-16,5,0
plum,2026-04-16,6,0
plum,2026-04-16,7,0
plum,2026-04-16,8,0
plum,2026-04-16,9,0
plum,2026-04-16,10,0
plum,2026-04-16,11,0
plum,2026-04-16,12,0
plum,2026-04-16,13,0
plum,2026-04-16,14,0
plum,2026-04-16,15,0
plum,2026-04-16,16,0
plum,2026-04-16,17,4
plum,2026-04-16,18,12
plum,2026-04-16,19,0
plum,2026-04-16,20,0
plum,2026-04-16,21,0
plum,2026-04-16,22,0
plum,2026-04-16,23,2
plum,2026-04-16,24,6
plum,2026-04-16,25,1
plum,2026-04-16,26,0
plum,2026-04-16,27,0
plum,2026-04-16,28,0
plum,2026-04-16,29,0
plum,2026-04-16,30,0
plum,2026-04-16,31,0
plum,2026-04-16,32,0
plum,2026-04-16,33,0
plum,2026-04-16,34,17
plum,2026-04-16,35,1
plum,2026-04-16,36,1
plum,2026-04-16,37,0
plum,2026-04-16,38,0
plum,2026-04-16,39,1
plum,2026-04-16,40,0
plum,2026-04-16,41,19
plum,2026-04-16,42,1
plum,2026-04-16,43,0
plum,2026-04-16,44,0
plum,2026-04-16,45,0
plum,2026-04-16,46,0
plum,2026-04-16,47,0
plum,2026-04-17,0,0
plum,2026-04-17,1,0
plum,2026-04-17,2,0
plum,2026-04-17,3,0
plum,2026-04-17,4,0
plum,2026-04-17,5,0
plum,2026-04-17,6,0
plum,2026-04-17,7,0
plum,2026-04-17,8,0
plum,2026-04-17,9,0
plum,2026-04-17,10,0
plum,2026-04-17,11,0
plum,2026-04-17,12,0
plum,2026-04-17,13,0
plum,2026-04-17,14,0
plum,2026-04-17,15,0
plum,2026-04-17,16,0
plum,2026-04-17,17,0
plum,2026-04-17,18,1
plum,2026-04-17,19,0
plum,2026-04-17,20,0
plum,2026-04-17,21,0
plum,2026-04-17,22,0
plum,2026-04-17,23,1
plum,2026-04-17,24,0
plum,2026-04-17,25,3
plum,2026-04-17,26,0
plum,2026-04-17,27,0
plum,2026-04-17,28,0
plum,2026-04-17,29,0
plum,2026-04-17,30,0
plum,2026-04-17,31,0
plum,2026-04-17,32,0
plum,2026-04-17,33,0
plum,2026-04-17,34,0
plum,2026-04-17,35,0
plum,2026-04-17,36,1
plum,2026-04-17,37,0
plum,2026-04-17,38,0
plum,2026-04-17,39,0
plum,2026-04-17,40,0
plum,2026-04-17,41,0
plum,2026-04-17,42,0
plum,2026-04-17,43,0
plum,2026-04-17,44,0
plum,2026-04-17,45,0
plum,2026-04-17,46,0
plum,2026-04-17,47,0
plum,2026-04-18,0,0
plum,2026-04-18,1,0
plum,2026-04-18,2,0
plum,2026-04-18,3,0
plum,2026-04-18,4,0
plum,2026-04-18,5,0
plum,2026-04-18,6,0
plum,2026-04-18,7,0
plum,2026-04-18,8,0
plum,2026-04-18,9,0
plum,2026-04-18,10,0
plum,2026-04-18,11,0
plum,2026-04-18,12,0
plum,2026-04-18,13,0
plum,2026-04-18,14,0
plum,2026-04-18,15,0
plum,2026-04-18,16,0
plum,2026-04-18,17,1
plum,2026-04-18,18,0
plum,2026-04-18,19,0
plum,2026-04-18,20,0
plum,2026-04-18,21,0
plum,2026-04-18,22,5
plum,2026-04-18,23,0
plum,2026-04-18,24,0
plum,2026-04-18,25,0
plum,2026-04-18,26,0
plum,2026-04-18,27,0
plum,2026-04-18,28,0
plum,2026-04-18,29,0
plum,2026-04-18,30,0
plum,2026-04-18,31,5
plum,2026-04-18,32,0
plum,2026-04-18,33,0
plum,2026-04-18,34,0
plum,2026-04-18,35,0
plum,2026-04-18,36,0
plum,2026-04-18,37,0
plum,2026-04-18,38,0
plum,2026-04-18,39,0
plum,2026-04-18,40,3
plum,2026-04-18,41,2
plum,2026-04-18,42,7
plum,2026-04-18,43,0
plum,2026-04-18,44,0
plum,2026-04-18,45,0
plum,2026-04-18,46,0
plum,2026-04-18,47,0
plum,2026-04-19,0,0
plum,2026-04-19,1,0
plum,2026-04-19,2,0
plum,2026-04-19,3,0
plum,2026-04-19,4,0
plum,2026-04-19,5,0
plum,2026-04-19,6,0
plum,2026-04-19,7,0
plum,2026-04-19,8,0
plum,2026-04-19,9,0
plum,2026-04-19,10,0
plum,2026-04-19,11,0
plum,2026-04-19,12,0
plum,2026-04-19,13,0
plum,2026-04-19,14,0
plum,2026-04-19,15,0
plum,2026-04-19,16,0
plum,2026-04-19,17,0
plum,2026-04-19,18,0
plum,2026-04-19,19,0
plum,2026-04-19,20,13
plum,2026-04-19,21,0
plum,2026-04-19,22,0
plum,2026-04-19,23,0
plum,2026-04-19,24,2
plum,2026-04-19,25,1
plum,2026-04-19,26,0
plum,2026-04-19,27,0
plum,2026-04-19,28,0
plum,2026-04-19,29,0
plum,2026-04-19,30,0
plum,2026-04-19,31,0
plum,2026-04-19,32,0
plum,2026-04-19,33,0
plum,2026-04-19,34,0
plum,2026-04-19,35,0
plum,2026-04-19,36,0
plum,2026-04-19,37,0
plum,2026-04-19,38,0
plum,2026-04-19,39,0
plum,2026-04-19,40,3
plum,2026-04-19,41,0
plum,2026-04-19,42,0
plum,2026-04-19,43,0
plum,2026-04-19,44,0
plum,2026-04-19,45,0
plum,2026-04-19,46,0
plum,2026-04-19,47,0
plum,2026-04-20,0,0
plum,2026-04-20,1,0
plum,2026-04-20,2,0
plum,2026-04-20,3,0
plum,2026-04-20,4,0
plum,2026-04-20,5,0
plum,2026-04-20,6,0
plum,2026-04-20,7,0
plum,2026-04-20,8,0
plum,2026-04-20,9,0
plum,2026-04-20,10,0
plum,2026-04-20,11,0
plum,2026-04-20,12,0
plum,2026-04-20,13,0
plum,2026-04-20,14,0
plum,2026-04-20,15,0
plum,2026-04-20,16,0
plum,2026-04-20,17,0
plum,2026-04-20,18,0
plum,2026-04-20,19,0
plum,2026-04-20,20,0
plum,2026-04-20,21,0
plum,2026-04-20,22,0
plum,2026-04-20,23,0
plum,2026-04-20,24,0
plum,2026-04-20,25,0
plum,2026-04-20,26,0
plum,2026-04-20,27,0
plum,2026-04-20,28,0
plum,2026-04-20,29,0
plum,2026-04-20,30,0
plum,2026-04-20,31,2
plum,2026-04-20,32,0
plum,2026-04-20,33,0
plum,2026-04-20,34,0
plum,2026-04-20,35,0
plum,2026-04-20,36,1
plum,2026-04-20,37,0
plum,2026-04-20,38,1
plum,2026-04-20,39,2
plum,2026-04-20,40,0
plum,2026-04-20,41,45
plum,2026-04-20,42,1
plum,2026-04-20,43,0
plum,2026-04-20,44,0
plum,2026-04-20,45,0
plum,2026-04-20,46,1
plum,2026-04-20,47,0
plum,2026-04-21,0,0
plum,2026-04-21,1,0
plum,2026-04-21,2,0
plum,2026-04-21,3,0
plum,2026-04-21,4,0
plum,2026-04-21,5,0
plum,2026-04-21,6,0
plum,2026-04-21,7,0
plum,2026-04-21,8,0
plum,2026-04-21,9,0
plum,2026-04-21,10,0
plum,2026-04-21,11,0
plum,2026-04-21,12,0
plum,2026-04-21,13,0
plum,2026-04-21,14,0
plum,2026-04-21,15,0
plum,2026-04-21,16,0
plum,2026-04-21,17,0
plum,2026-04-21,18,0
plum,2026-04-21,19,0
plum,2026-04-21,20,1
plum,2026-04-21,21,0
plum,2026-04-21,22,0
plum,2026-04-21,23,4
plum,2026-04-21,24,0
plum,2026-04-21,25,2
plum,2026-04-21,26,0
plum,2026-04-21,27,0
plum,2026-04-21,28,0
plum,2026-04-21,29,0
plum,2026-04-21,30,0
plum,2026-04-21,31,0
plum,2026-04-21,32,0
plum,2026-04-21,33,0
plum,2026-04-21,34,1
plum,2026-04-21,35,0
plum,2026-04-21,36,0
plum,2026-04-21,37,1
plum,2026-04-21,38,0
plum,2026-04-21,39,3
plum,2026-04-21,40,3
plum,2026-04-21,41,0
plum,2026-04-21,42,0
plum,2026-04-21,43,0
plum,2026-04-21,44,0
plum,2026-04-21,45,0
plum,2026-04-21,46,0
plum,2026-04-21,47,0
plum,2026-04-22,0,0
plum,2026-04-22,1,0
plum,2026-04-22,2,0
plum,2026-04-22,3,0
plum,2026-04-22,4,0
plum,2026-04-22,5,0
plum,2026-04-22,6,0
plum,2026-04-22,7,0
plum,2026-04-22,8,0
plum,2026-04-22,9,0
plum,2026-04-22,10,0
plum,2026-04-22,11,0
plum,2026-04-22,12,0
plum,2026-04-22,13,0
plum,2026-04-22,14,0
plum,2026-04-22,15,0
plum,2026-04-22,16,0
plum,2026-04-22,17,0
plum,2026-04-22,18,0
plum,2026-04-22,19,0
plum,2026-04-22,20,1
plum,2026-04-22,21,0
plum,2026-04-22,22,0
plum,2026-04-22,23,0
plum,2026-04-22,24,0
plum,2026-04-22,25,1
plum,2026-04-22,26,0
plum,2026-04-22,27,0
plum,2026-04-22,28,0
plum,2026-04-22,29,1
plum,2026-04-22,30,0
plum,2026-04-22,31,0
plum,2026-04-22,32,0
plum,2026-04-22,33,0
plum,2026-04-22,34,0
plum,2026-04-22,35,0
plum,2026-04-22,36,1
plum,2026-04-22,37,0
plum,2026-04-22,38,1
plum,2026-04-22,39,1
plum,2026-04-22,40,1
plum,2026-04-22,41,4
plum,2026-04-22,42,5
plum,2026-04-22,43,0
plum,2026-04-22,44,0
plum,2026-04-22,45,0
plum,2026-04-22,46,0
plum,2026-04-22,47,0
plum,2026-04-23,0,0
plum,2026-04-23,1,0
plum,2026-04-23,2,0
plum,2026-04-23,3,0
plum,2026-04-23,4,0
plum,2026-04-23,5,0
plum,2026-04-23,6,0
plum,2026-04-23,7,0
plum,2026-04-23,8,0
plum,2026-04-23,9,0
plum,2026-04-23,10,0
plum,2026-04-23,11,0
plum,2026-04-23,12,0
plum,2026-04-23,13,0
plum,2026-04-23,14,0
plum,2026-04-23,15,0
plum,2026-04-23,16,0
plum,2026-04-23,17,0
plum,2026-04-23,18,0
plum,2026-04-23,19,0
plum,2026-04-23,20,2
plum,2026-04-23,21,3
plum,2026-04-23,22,0
plum,2026-04-23,23,0
plum,2026-04-23,24,0
plum,2026-04-23,25,0
plum,2026-04-23,26,0
plum,2026-04-23,27,0
plum,2026-04-23,28,0
plum,2026-04-23,29,1
plum,2026-04-23,30,0
plum,2026-04-23,31,0
plum,2026-04-23,32,0
plum,2026-04-23,33,0
plum,2026-04-23,34,2
plum,2026-04-23,35,0
plum,2026-04-23,36,0
plum,2026-04-23,37,0
plum,2026-04-23,38,0
plum,2026-04-23,39,1
plum,2026-04-23,40,5
plum,2026-04-23,41,0
plum,2026-04-23,42,0
plum,2026-04-23,43,0
plum,2026-04-23,44,0
plum,2026-04-23,45,0
plum,2026-04-23,46,0
plum,2026-04-23,47,0
plum,2026-04-24,0,0
plum,2026-04-24,1,0
plum,2026-04-24,2,0
plum,2026-04-24,3,0
plum,2026-04-24,4,0
plum,2026-04-24,5,0
plum,2026-04-24,6,0
plum,2026-04-24,7,0
plum,2026-04-24,8,0
plum,2026-04-24,9,0
plum,2026-04-24,10,0
plum,2026-04-24,11,0
plum,2026-04-24,12,0
plum,2026-04-24,13,0
plum,2026-04-24,14,0
plum,2026-04-24,15,0
plum,2026-04-24,16,0
plum,2026-04-24,17,0
plum,2026-04-24,18,0
plum,2026-04-24,19,0
plum,2026-04-24,20,0
plum,2026-04-24,21,0
plum,2026-04-24,22,0
plum,2026-04-24,23,1
plum,2026-04-24,24,1
plum,2026-04-24,25,0
plum,2026-04-24,26,6
plum,2026-04-24,27,0
plum,2026-04-24,28,0
plum,2026-04-24,29,1
plum,2026-04-24,30,0
plum,2026-04-24,31,0
plum,2026-04-24,32,0
plum,2026-04-24,33,0
plum,2026-04-24,34,0
plum,2026-04-24,35,0
plum,2026-04-24,36,0
plum,2026-04-24,37,1
plum,2026-04-24,38,0
plum,2026-04-24,39,1
plum,2026-04-24,40,2
plum,2026-04-24,41,0
plum,2026-04-24,42,0
plum,2026-04-24,43,0
plum,2026-04-24,44,0
plum,2026-04-24,45,0
plum,2026-04-24,46,0
plum,2026-04-24,47,0
plum,2026-04-25,0,0
plum,2026-04-25,1,0
plum,2026-04-25,2,0
plum,2026-04-25,3,0
plum,2026-04-25,4,0
plum,2026-04-25,5,0
plum,2026-04-25,6,0
plum,2026-04-25,7,0
plum,2026-04-25,8,0
plum,2026-04-25,9,0
plum,2026-04-25,10,0
plum,2026-04-25,11,0
plum,2026-04-25,12,0
plum,2026-04-25,13,0
plum,2026-04-25,14,0
plum,2026-04-25,15,0
plum,2026-04-25,16,0
plum,2026-04-25,17,0
plum,2026-04-25,18,0
plum,2026-04-25,19,0
plum,2026-04-25,20,0
plum,2026-04-25,21,0
plum,2026-04-25,22,0
plum,2026-04-25,23,0
plum,2026-04-25,24,0
plum,2026-04-25,25,0
plum,2026-04-25,26,0
plum,2026-04-25,27,0
plum,2026-04-25,28,0
plum,2026-04-25,29,0
plum,2026-04-25,30,0
plum,2026-04-25,31,0
plum,2026-04-25,32,0
plum,2026-04-25,33,0
plum,2026-04-25,34,0
plum,2026-04-25,35,0
plum,2026-04-25,36,0
plum,2026-04-25,37,0
plum,2026-04-25,38,0
plum,2026-04-25,39,0
plum,2026-04-25,40,0
plum,2026-04-25,41,0
plum,2026-04-25,42,0
plum,2026-04-25,43,0
plum,2026-04-25,44,0
plum,2026-04-25,45,0
plum,2026-04-25,46,0
plum,2026-04-25,47,0
plum,2026-04-26,0,0
plum,2026-04-26,1,0
plum,2026-04-26,2,0
plum,2026-04-26,3,0
plum,2026-04-26,4,0
plum,2026-04-26,5,0
plum,2026-04-26,6,0
plum,2026-04-26,7,0
plum,2026-04-26,8,0
plum,2026-04-26,9,0
plum,2026-04-26,10,0
plum,2026-04-26,11,0
plum,2026-04-26,12,0
plum,2026-04-26,13,0
plum,2026-04-26,14,0
plum,2026-04-26,15,0
plum,2026-04-26,16,0
plum,2026-04-26,17,0
plum,2026-04-26,18,0
plum,2026-04-26,19,0
plum,2026-04-26,20,0
plum,2026-04-26,21,0
plum,2026-04-26,22,0
plum,2026-04-26,23,0
plum,2026-04-26,24,0
plum,2026-04-26,25,0
plum,2026-04-26,26,0
plum,2026-04-26,27,0
plum,2026-04-26,28,0
plum,2026-04-26,29,1
plum,2026-04-26,30,0
plum,2026-04-26,31,0
plum,2026-04-26,32,0
plum,2026-04-26,33,0
plum,2026-04-26,34,0
plum,2026-04-26,35,0
plum,2026-04-26,36,0
plum,2026-04-26,37,0
plum,2026-04-26,38,0
plum,2026-04-26,39,0
plum,2026-04-26,40,0
plum,2026-04-26,41,0
plum,2026-04-26,42,0
plum,2026-04-26,43,0
plum,2026-04-26,44,0
plum,2026-04-26,45,0
plum,2026-04-26,46,0
plum,2026-04-26,47,0
plum,2026-04-27,0,0
plum,2026-04-27,1,1
plum,2026-04-27,2,1
plum,2026-04-27,3,0
plum,2026-04-27,4,0
plum,2026-04-27,5,0
plum,2026-04-27,6,0
plum,2026-04-27,7,0
plum,2026-04-27,8,0
plum,2026-04-27,9,0
plum,2026-04-27,10,0
plum,2026-04-27,11,0
plum,2026-04-27,12,0
plum,2026-04-27,13,0
plum,2026-04-27,14,0
plum,2026-04-27,15,0
plum,2026-04-27,16,0
plum,2026-04-27,17,0
plum,2026-04-27,18,0
plum,2026-04-27,19,0
plum,2026-04-27,20,0
plum,2026-04-27,21,0
plum,2026-04-27,22,0
plum,2026-04-27,23,0
plum,2026-04-27,24,0
plum,2026-04-27,25,1
plum,2026-04-27,26,0
plum,2026-04-27,27,1
plum,2026-04-27,28,0
plum,2026-04-27,29,1
plum,2026-04-27,30,0
plum,2026-04-27,31,0
plum,2026-04-27,32,0
plum,2026-04-27,33,0
plum,2026-04-27,34,10
plum,2026-04-27,35,0
plum,2026-04-27,36,0
plum,2026-04-27,37,0
plum,2026-04-27,38,0
plum,2026-04-27,39,0
plum,2026-04-27,40,0
plum,2026-04-27,41,2
plum,2026-04-27,42,0
plum,2026-04-27,43,0
plum,2026-04-27,44,0
plum,2026-04-27,45,1
plum,2026-04-27,46,0
plum,2026-04-27,47,0
plum,2026-04-28,0,0
plum,2026-04-28,1,0
plum,2026-04-28,2,0
plum,2026-04-28,3,0
plum,2026-04-28,4,0
plum,2026-04-28,5,0
plum,2026-04-28,6,0
plum,2026-04-28,7,0
plum,2026-04-28,8,0
plum,2026-04-28,9,0
plum,2026-04-28,10,0
plum,2026-04-28,11,0
plum,2026-04-28,12,0
plum,2026-04-28,13,0
plum,2026-04-28,14,0
plum,2026-04-28,15,0
plum,2026-04-28,16,0
plum,2026-04-28,17,0
plum,2026-04-28,18,0
plum,2026-04-28,19,0
plum,2026-04-28,20,1
plum,2026-04-28,21,0
plum,2026-04-28,22,0
plum,2026-04-28,23,0
plum,2026-04-28,24,0
plum,2026-04-28,25,0
plum,2026-04-28,26,0
plum,2026-04-28,27,0
plum,2026-04-28,28,0
plum,2026-04-28,29,0
plum,2026-04-28,30,0
plum,2026-04-28,31,0
plum,2026-04-28,32,0
plum,2026-04-28,33,0
plum,2026-04-28,34,0
plum,2026-04-28,35,0
plum,2026-04-28,36,0
plum,2026-04-28,37,0
plum,2026-04-28,38,0
plum,2026-04-28,39,5
plum,2026-04-28,40,1
plum,2026-04-28,41,1
plum,2026-04-28,42,0
plum,2026-04-28,43,0
plum,2026-04-28,44,0
plum,2026-04-28,45,0
plum,2026-04-28,46,0
plum,2026-04-28,47,2
plum,2026-04-29,0,0
plum,2026-04-29,1,0
plum,2026-04-29,2,0
plum,2026-04-29,3,0
plum,2026-04-29,4,0
plum,2026-04-29,5,0
plum,2026-04-29,6,0
plum,2026-04-29,7,0
plum,2026-04-29,8,0
plum,2026-04-29,9,0
plum,2026-04-29,10,0
plum,2026-04-29,11,0
plum,2026-04-29,12,0
plum,2026-04-29,13,0
plum,2026-04-29,14,0
plum,2026-04-29,15,0
plum,2026-04-29,16,0
plum,2026-04-29,17,0
plum,2026-04-29,18,0
plum,2026-04-29,19,0
plum,2026-04-29,20,0
plum,2026-04-29,21,0
plum,2026-04-29,22,0
plum,2026-04-29,23,0
plum,2026-04-29,24,0
plum,2026-04-29,25,0
plum,2026-04-29,26,0
plum,2026-04-29,27,0
plum,2026-04-29,28,0
plum,2026-04-29,29,0
plum,2026-04-29,30,0
plum,2026-04-29,31,0
plum,2026-04-29,32,0
plum,2026-04-29,33,0
plum,2026-04-29,34,0
plum,2026-04-29,35,0
plum,2026-04-29,36,0
plum,2026-04-29,37,0
plum,2026-04-29,38,0
plum,2026-04-29,39,0
plum,2026-04-29,40,0
plum,2026-04-29,41,1
plum,2026-04-29,42,0
plum,2026-04-29,43,0
plum,2026-04-29,44,0
plum,2026-04-29,45,0
plum,2026-04-29,46,0
plum,2026-04-29,47,0
plum,2026-04-30,0,0
plum,2026-04-30,1,0
plum,2026-04-30,2,0
plum,2026-04-30,3,0
plum,2026-04-30,4,0
plum,2026-04-30,5,0
plum,2026-04-30,6,0
plum,2026-04-30,7,0
plum,2026-04-30,8,0
plum,2026-04-30,9,0
plum,2026-04-30,10,0
plum,2026-04-30,11,0
plum,2026-04-30,12,0
plum,2026-04-30,13,0
plum,2026-04-30,14,0
plum,2026-04-30,15,0
plum,2026-04-30,16,0
plum,2026-04-30,17,0
plum,2026-04-30,18,0
plum,2026-04-30,19,0
plum,2026-04-30,20,1
plum,2026-04-30,21,0
plum,2026-04-30,22,0
plum,2026-04-30,23,0
plum,2026-04-30,24,0
plum,2026-04-30,25,0
plum,2026-04-30,26,0
plum,2026-04-30,27,2
plum,2026-04-30,28,0
plum,2026-04-30,29,0
plum,2026-04-30,30,0
plum,2026-04-30,31,0
plum,2026-04-30,32,0
plum,2026-04-30,33,0
plum,2026-04-30,34,0
plum,2026-04-30,35,0
plum,2026-04-30,36,0
plum,2026-04-30,37,0
plum,2026-04-30,38,0
plum,2026-04-30,39,0
plum,2026-04-30,40,0
plum,2026-04-30,41,0
plum,2026-04-30,42,0
plum,2026-04-30,43,0
plum,2026-04-30,44,0
plum,2026-04-30,45,0
plum,2026-04-30,46,0
plum,2026-04-30,47,0
plum,2026-05-01,0,0
plum,2026-05-01,1,0
plum,2026-05-01,2,0
plum,2026-05-01,3,0
plum,2026-05-01,4,0
plum,2026-05-01,5,0
plum,2026-05-01,6,0
plum,2026-05-01,7,0
plum,2026-05-01,8,0
plum,2026-05-01,9,0
plum,2026-05-01,10,0
plum,2026-05-01,11,0
plum,2026-05-01,12,0
plum,2026-05-01,13,0
plum,2026-05-01,14,0
plum,2026-05-01,15,0
plum,2026-05-01,16,0
plum,2026-05-01,17,2
plum,2026-05-01,18,0
plum,2026-05-01,19,0
plum,2026-05-01,20,0
plum,2026-05-01,21,1
plum,2026-05-01,22,1
plum,2026-05-01,23,0
plum,2026-05-01,24,0
plum,2026-05-01,25,0
plum,2026-05-01,26,0
plum,2026-05-01,27,1
plum,2026-05-01,28,0
plum,2026-05-01,29,0
plum,2026-05-01,30,0
plum,2026-05-01,31,0
plum,2026-05-01,32,0
plum,2026-05-01,33,0
plum,2026-05-01,34,0
plum,2026-05-01,35,0
plum,2026-05-01,36,1
plum,2026-05-01,37,0
plum,2026-05-01,38,1
plum,2026-05-01,39,0
plum,2026-05-01,40,2
plum,2026-05-01,41,0
plum,2026-05-01,42,3
plum,2026-05-01,43,0
plum,2026-05-01,44,0
plum,2026-05-01,45,0
plum,2026-05-01,46,0
plum,2026-05-01,47,0
plum,2026-05-02,0,0
plum,2026-05-02,1,0
plum,2026-05-02,2,0
plum,2026-05-02,3,0
plum,2026-05-02,4,0
plum,2026-05-02,5,0
plum,2026-05-02,6,0
plum,2026-05-02,7,0
plum,2026-05-02,8,0
plum,2026-05-02,9,0
plum,2026-05-02,10,0
plum,2026-05-02,11,0
plum,2026-05-02,12,0
plum,2026-05-02,13,0
plum,2026-05-02,14,0
plum,2026-05-02,15,0
plum,2026-05-02,16,0
plum,2026-05-02,17,0
plum,2026-05-02,18,0
plum,2026-05-02,19,0
plum,2026-05-02,20,0
plum,2026-05-02,21,0
plum,2026-05-02,22,0
plum,2026-05-02,23,0
plum,2026-05-02,24,0
plum,2026-05-02,25,0
plum,2026-05-02,26,0
plum,2026-05-02,27,0
plum,2026-05-02,28,0
plum,2026-05-02,29,0
plum,2026-05-02,30,0
plum,2026-05-02,31,0
plum,2026-05-02,32,0
plum,2026-05-02,33,1
plum,2026-05-02,34,1
plum,2026-05-02,35,0
plum,2026-05-02,36,0
plum,2026-05-02,37,0
plum,2026-05-02,38,0
plum,2026-05-02,39,0
plum,2026-05-02,40,0
plum,2026-05-02,41,0
plum,2026-05-02,42,0
plum,2026-05-02,43,0
plum,2026-05-02,44,0
plum,2026-05-02,45,0
plum,2026-05-02,46,0
plum,2026-05-02,47,0
plum,2026-05-03,0,0
plum,2026-05-03,1,0
plum,2026-05-03,2,0
plum,2026-05-03,3,0
plum,2026-05-03,4,0
plum,2026-05-03,5,0
plum,2026-05-03,6,0
plum,2026-05-03,7,0
plum,2026-05-03,8,0
plum,2026-05-03,9,0
plum,2026-05-03,10,0
plum,2026-05-03,11,0
plum,2026-05-03,12,0
plum,2026-05-03,13,0
plum,2026-05-03,14,0
plum,2026-05-03,15,0
plum,2026-05-03,16,0
plum,2026-05-03,17,0
plum,2026-05-03,18,0
plum,2026-05-03,19,0
plum,2026-05-03,20,0
plum,2026-05-03,21,0
plum,2026-05-03,22,0
plum,2026-05-03,23,0
plum,2026-05-03,24,0
plum,2026-05-03,25,0
plum,2026-05-03,26,0
plum,2026-05-03,27,0
plum,2026-05-03,28,0
plum,2026-05-03,29,0
plum,2026-05-03,30,0
plum,2026-05-03,31,0
plum,2026-05-03,32,0
plum,2026-05-03,33,0
plum,2026-05-03,34,0
plum,2026-05-03,35,0
plum,2026-05-03,36,0
plum,2026-05-03,37,0
plum,2026-05-03,38,0
plum,2026-05-03,39,0
plum,2026-05-03,40,0
plum,2026-05-03,41,0
plum,2026-05-03,42,0
plum,2026-05-03,43,0
plum,2026-05-03,44,0
plum,2026-05-03,45,0
plum,2026-05-03,46,1
plum,2026-05-03,47,0
plum,2026-05-04,0,0
plum,2026-05-04,1,0
plum,2026-05-04,2,0
plum,2026-05-04,3,0
plum,2026-05-04,4,0
plum,2026-05-04,5,0
plum,2026-05-04,6,0
plum,2026-05-04,7,0
plum,2026-05-04,8,0
plum,2026-05-04,9,0
plum,2026-05-04,10,0
plum,2026-05-04,11,0
plum,2026-05-04,12,0
plum,2026-05-04,13,0
plum,2026-05-04,14,0
plum,2026-05-04,15,0
plum,2026-05-04,16,0
plum,2026-05-04,17,0
plum,2026-05-04,18,0
plum,2026-05-04,19,0
plum,2026-05-04,20,0
plum,2026-05-04,21,3
plum,2026-05-04,22,2
plum,2026-05-04,23,0
plum,2026-05-04,24,0
plum,2026-05-04,25,0
plum,2026-05-04,26,0
plum,2026-05-04,27,0
plum,2026-05-04,28,1
plum,2026-05-04,29,0
plum,2026-05-04,30,0
plum,2026-05-04,31,1
plum,2026-05-04,32,0
plum,2026-05-04,33,0
plum,2026-05-04,34,0
plum,2026-05-04,35,0
plum,2026-05-04,36,0
plum,2026-05-04,37,0
plum,2026-05-04,38,0
plum,2026-05-04,39,0
plum,2026-05-04,40,0
plum,2026-05-04,41,0
plum,2026-05-04,42,0
plum,2026-05-04,43,0
plum,2026-05-04,44,0
plum,2026-05-04,45,0
plum,2026-05-04,46,0
plum,2026-05-04,47,0
plum,2026-05-05,0,0
plum,2026-05-05,1,0
plum,2026-05-05,2,0
plum,2026-05-05,3,0
plum,2026-05-05,4,0
plum,2026-05-05,5,0
plum,2026-05-05,6,0
plum,2026-05-05,7,0
plum,2026-05-05,8,0
plum,2026-05-05,9,0
plum,2026-05-05,10,0
plum,2026-05-05,11,0
plum,2026-05-05,12,0
plum,2026-05-05,13,0
plum,2026-05-05,14,0
plum,2026-05-05,15,0
plum,2026-05-05,16,0
plum,2026-05-05,17,0
plum,2026-05-05,18,0
plum,2026-05-05,19,1
plum,2026-05-05,20,0
plum,2026-05-05,21,0
plum,2026-05-05,22,0
plum,2026-05-05,23,0
plum,2026-05-05,24,0
plum,2026-05-05,25,0
plum,2026-05-05,26,0
plum,2026-05-05,27,0
plum,2026-05-05,28,0
plum,2026-05-05,29,0
plum,2026-05-05,30,0
plum,2026-05-05,31,0
plum,2026-05-05,32,0
plum,2026-05-05,33,0
plum,2026-05-05,34,0
plum,2026-05-05,35,0
plum,2026-05-05,36,0
plum,2026-05-05,37,0
plum,2026-05-05,38,0
plum,2026-05-05,39,0
plum,2026-05-05,40,0
plum,2026-05-05,41,1
plum,2026-05-05,42,0
plum,2026-05-05,43,0
plum,2026-05-05,44,0
plum,2026-05-05,45,0
plum,2026-05-05,46,0
plum,2026-05-05,47,0
plum,2026-05-06,0,0
plum,2026-05-06,1,0
plum,2026-05-06,2,0
plum,2026-05-06,3,0
plum,2026-05-06,4,0
plum,2026-05-06,5,0
plum,2026-05-06,6,0
plum,2026-05-06,7,0
plum,2026-05-06,8,0
plum,2026-05-06,9,0
plum,2026-05-06,10,0
plum,2026-05-06,11,0
plum,2026-05-06,12,0
plum,2026-05-06,13,0
plum,2026-05-06,14,0
plum,2026-05-06,15,0
plum,2026-05-06,16,0
plum,2026-05-06,17,0
plum,2026-05-06,18,0
plum,2026-05-06,19,0
plum,2026-05-06,20,0
plum,2026-05-06,21,0
plum,2026-05-06,22,1
plum,2026-05-06,23,0
plum,2026-05-06,24,0
plum,2026-05-06,25,0
plum,2026-05-06,26,0
plum,2026-05-06,27,0
plum,2026-05-06,28,0
plum,2026-05-06,29,0
plum,2026-05-06,30,0
plum,2026-05-06,31,0
plum,2026-05-06,32,0
plum,2026-05-06,33,0
plum,2026-05-06,34,0
plum,2026-05-06,35,1
plum,2026-05-06,36,0
plum,2026-05-06,37,0
plum,2026-05-06,38,1
plum,2026-05-06,39,1
plum,2026-05-06,40,1
plum,2026-05-06,41,2
plum,2026-05-06,42,2
plum,2026-05-06,43,0
plum,2026-05-06,44,0
plum,2026-05-06,45,0
plum,2026-05-06,46,0
plum,2026-05-06,47,0
plum,2026-05-07,0,0
plum,2026-05-07,1,0
plum,2026-05-07,2,0
plum,2026-05-07,3,0
plum,2026-05-07,4,0
plum,2026-05-07,5,0
plum,2026-05-07,6,0
plum,2026-05-07,7,0
plum,2026-05-07,8,0
plum,2026-05-07,9,0
plum,2026-05-07,10,0
plum,2026-05-07,11,0
plum,2026-05-07,12,0
plum,2026-05-07,13,0
plum,2026-05-07,14,0
plum,2026-05-07,15,0
plum,2026-05-07,16,0
plum,2026-05-07,17,1
plum,2026-05-07,18,3
plum,2026-05-07,19,1
plum,2026-05-07,20,0
plum,2026-05-07,21,0
plum,2026-05-07,22,0
plum,2026-05-07,23,0
plum,2026-05-07,24,0
plum,2026-05-07,25,0
plum,2026-05-07,26,0
plum,2026-05-07,27,0
plum,2026-05-07,28,0
plum,2026-05-07,29,0
plum,2026-05-07,30,0
plum,2026-05-07,31,1
plum,2026-05-07,32,0
plum,2026-05-07,33,0
plum,2026-05-07,34,0
plum,2026-05-07,35,0
plum,2026-05-07,36,0
plum,2026-05-07,37,3
plum,2026-05-07,38,0
plum,2026-05-07,39,0
plum,2026-05-07,40,0
plum,2026-05-07,41,0
plum,2026-05-07,42,0
plum,2026-05-07,43,0
plum,2026-05-07,44,0
plum,2026-05-07,45,0
plum,2026-05-07,46,0
plum,2026-05-07,47,0
plum,2026-05-08,0,0
plum,2026-05-08,1,0
plum,2026-05-08,2,0
plum,2026-05-08,3,0
plum,2026-05-08,4,0
plum,2026-05-08,5,0
plum,2026-05-08,6,0
plum,2026-05-08,7,0
plum,2026-05-08,8,0
plum,2026-05-08,9,0
plum,2026-05-08,10,0
plum,2026-05-08,11,0
plum,2026-05-08,12,0
plum,2026-05-08,13,0
plum,2026-05-08,14,0
plum,2026-05-08,15,0
plum,2026-05-08,16,0
plum,2026-05-08,17,0
plum,2026-05-08,18,1
plum,2026-05-08,19,4
plum,2026-05-08,20,0
plum,2026-05-08,21,0
plum,2026-05-08,22,0
plum,2026-05-08,23,0
plum,2026-05-08,24,0
plum,2026-05-08,25,0
plum,2026-05-08,26,0
plum,2026-05-08,27,0
plum,2026-05-08,28,1
plum,2026-05-08,29,0
plum,2026-05-08,30,0
plum,2026-05-08,31,0
plum,2026-05-08,32,0
plum,2026-05-08,33,1
plum,2026-05-08,34,3
plum,2026-05-08,35,0
plum,2026-05-08,36,0
plum,2026-05-08,37,0
plum,2026-05-08,38,0
plum,2026-05-08,39,0
plum,2026-05-08,40,0
plum,2026-05-08,41,0
plum,2026-05-08,42,0
plum,2026-05-08,43,0
plum,2026-05-08,44,0
plum,2026-05-08,45,0
plum,2026-05-08,46,0
plum,2026-05-08,47,0
plum,2026-05-09,0,0
plum,2026-05-09,1,0
plum,2026-05-09,2,0
plum,2026-05-09,3,0
plum,2026-05-09,4,0
plum,2026-05-09,5,0
plum,2026-05-09,6,0
plum,2026-05-09,7,0
plum,2026-05-09,8,0
plum,2026-05-09,9,0
plum,2026-05-09,10,0
plum,2026-05-09,11,0
plum,2026-05-09,12,0
plum,2026-05-09,13,0
plum,2026-05-09,14,0
plum,2026-05-09,15,0
plum,2026-05-09,16,0
plum,2026-05-09,17,0
plum,2026-05-09,18,0
plum,2026-05-09,19,0
plum,2026-05-09,20,0
plum,2026-05-09,21,0
plum,2026-05-09,22,0
plum,2026-05-09,23,0
plum,2026-05-09,24,0
plum,2026-05-09,25,0
plum,2026-05-09,26,0
plum,2026-05-09,27,0
plum,2026-05-09,28,0
plum,2026-05-09,29,0
plum,2026-05-09,30,0
plum,2026-05-09,31,0
plum,2026-05-09,32,0
plum,2026-05-09,33,1
plum,2026-05-09,34,0
plum,2026-05-09,35,0
plum,2026-05-09,36,0
plum,2026-05-09,37,0
plum,2026-05-09,38,0
plum,2026-05-09,39,0
plum,2026-05-09,40,0
plum,2026-05-09,41,0
plum,2026-05-09,42,0
plum,2026-05-09,43,0
plum,2026-05-09,44,0
plum,2026-05-09,45,0
plum,2026-05-09,46,0
plum,2026-05-09,47,0
plum,2026-05-10,0,0
plum,2026-05-10,1,0
plum,2026-05-10,2,0
plum,2026-05-10,3,0
plum,2026-05-10,4,0
plum,2026-05-10,5,0
plum,2026-05-10,6,0
plum,2026-05-10,7,0
plum,2026-05-10,8,0
plum,2026-05-10,9,0
plum,2026-05-10,10,0
plum,2026-05-10,11,0
plum,2026-05-10,12,0
plum,2026-05-10,13,0
plum,2026-05-10,14,0
plum,2026-05-10,15,0
plum,2026-05-10,16,0
plum,2026-05-10,17,0
plum,2026-05-10,18,0
plum,2026-05-10,19,0
plum,2026-05-10,20,0
plum,2026-05-10,21,0
plum,2026-05-10,22,0
plum,2026-05-10,23,0
plum,2026-05-10,24,0
plum,2026-05-10,25,0
plum,2026-05-10,26,0
plum,2026-05-10,27,0
plum,2026-05-10,28,0
plum,2026-05-10,29,0
plum,2026-05-10,30,0
plum,2026-05-10,31,0
plum,2026-05-10,32,0
plum,2026-05-10,33,0
plum,2026-05-10,34,0
plum,2026-05-10,35,0
plum,2026-05-10,36,4
plum,2026-05-10,37,0
plum,2026-05-10,38,0
plum,2026-05-10,39,0
plum,2026-05-10,40,0
plum,2026-05-10,41,1
plum,2026-05-10,42,0
plum,2026-05-10,43,0
plum,2026-05-10,44,0
plum,2026-05-10,45,0
plum,2026-05-10,46,0
plum,2026-05-10,47,0
plum,2026-05-11,0,0
plum,2026-05-11,1,0
plum,2026-05-11,2,0
plum,2026-05-11,3,0
plum,2026-05-11,4,0
plum,2026-05-11,5,0
plum,2026-05-11,6,0
plum,2026-05-11,7,0
plum,2026-05-11,8,0
plum,2026-05-11,9,0
plum,2026-05-11,10,0
plum,2026-05-11,11,0
plum,2026-05-11,12,0
plum,2026-05-11,13,0
plum,2026-05-11,14,0
plum,2026-05-11,15,0
plum,2026-05-11,16,0
plum,2026-05-11,17,0
plum,2026-05-11,18,0
plum,2026-05-11,19,0
plum,2026-05-11,20,1
plum,2026-05-11,21,0
plum,2026-05-11,22,0
plum,2026-05-11,23,0
plum,2026-05-11,24,0
plum,2026-05-11,25,0
plum,2026-05-11,26,0
plum,2026-05-11,27,0
plum,2026-05-11,28,0
plum,2026-05-11,29,0
plum,2026-05-11,30,0
plum,2026-05-11,31,0
plum,2026-05-11,32,0
plum,2026-05-11,33,0
plum,2026-05-11,34,0
plum,2026-05-11,35,0
plum,2026-05-11,36,2
plum,2026-05-11,37,0
plum,2026-05-11,38,0
plum,2026-05-11,39,0
plum,2026-05-11,40,0
plum,2026-05-11,41,1
plum,2026-05-11,42,0
plum,2026-05-11,43,0
plum,2026-05-11,44,0
plum,2026-05-11,45,0
plum,2026-05-11,46,0
plum,2026-05-11,47,0
plum,2026-05-12,0,0
plum,2026-05-12,1,0
plum,2026-05-12,2,0
plum,2026-05-12,3,0
plum,2026-05-12,4,0
plum,2026-05-12,5,0
plum,2026-05-12,6,0
plum,2026-05-12,7,0
plum,2026-05-12,8,0
plum,2026-05-12,9,0
plum,2026-05-12,10,0
plum,2026-05-12,11,0
plum,2026-05-12,12,0
plum,2026-05-12,13,0
plum,2026-05-12,14,0
plum,2026-05-12,15,0
plum,2026-05-12,16,0
plum,2026-05-12,17,0
plum,2026-05-12,18,0
plum,2026-05-12,19,0
plum,2026-05-12,20,0
plum,2026-05-12,21,0
plum,2026-05-12,22,0
plum,2026-05-12,23,0
plum,2026-05-12,24,0
plum,2026-05-12,25,0
plum,2026-05-12,26,0
plum,2026-05-12,27,0
plum,2026-05-12,28,0
plum,2026-05-12,29,0
plum,2026-05-12,30,0
plum,2026-05-12,31,0
plum,2026-05-12,32,0
plum,2026-05-12,33,0
plum,2026-05-12,34,0
plum,2026-05-12,35,0
plum,2026-05-12,36,0
plum,2026-05-12,37,0
plum,2026-05-12,38,0
plum,2026-05-12,39,1
plum,2026-05-12,40,0
plum,2026-05-12,41,0
plum,2026-05-12,42,0
plum,2026-05-12,43,0
plum,2026-05-12,44,0
plum,2026-05-12,45,0
plum,2026-05-12,46,0
plum,2026-05-12,47,0
plum,2026-05-13,0,2
plum,2026-05-13,1,0
plum,2026-05-13,2,0
plum,2026-05-13,3,0
plum,2026-05-13,4,0
plum,2026-05-13,5,0
plum,2026-05-13,6,0
plum,2026-05-13,7,0
plum,2026-05-13,8,0
plum,2026-05-13,9,0
plum,2026-05-13,10,0
plum,2026-05-13,11,0
plum,2026-05-13,12,0
plum,2026-05-13,13,0
plum,2026-05-13,14,0
plum,2026-05-13,15,0
plum,2026-05-13,16,0
plum,2026-05-13,17,0
plum,2026-05-13,18,0
plum,2026-05-13,19,0
plum,2026-05-13,20,0
plum,2026-05-13,21,0
plum,2026-05-13,22,0
plum,2026-05-13,23,0
plum,2026-05-13,24,0
plum,2026-05-13,25,1
plum,2026-05-13,26,2
plum,2026-05-13,27,2
plum,2026-05-13,28,0
plum,2026-05-13,29,0
plum,2026-05-13,30,0
plum,2026-05-13,31,0
plum,2026-05-13,32,0
plum,2026-05-13,33,0
plum,2026-05-13,34,0
plum,2026-05-13,35,0
plum,2026-05-13,36,0
plum,2026-05-13,37,0
plum,2026-05-13,38,0
plum,2026-05-13,39,1
plum,2026-05-13,40,0
plum,2026-05-13,41,0
plum,2026-05-13,42,0
plum,2026-05-13,43,0
plum,2026-05-13,44,0
plum,2026-05-13,45,0
plum,2026-05-13,46,0
plum,2026-05-13,47,0
plum,2026-05-14,0,0
plum,2026-05-14,1,0
plum,2026-05-14,2,0
plum,2026-05-14,3,0
plum,2026-05-14,4,0
plum,2026-05-14,5,0
plum,2026-05-14,6,0
plum,2026-05-14,7,0
plum,2026-05-14,8,0
plum,2026-05-14,9,0
plum,2026-05-14,10,0
plum,2026-05-14,11,0
plum,2026-05-14,12,0
plum,2026-05-14,13,0
plum,2026-05-14,14,0
plum,2026-05-14,15,0
plum,2026-05-14,16,0
plum,2026-05-14,17,0
plum,2026-05-14,18,0
plum,2026-05-14,19,0
plum,2026-05-14,20,0
plum,2026-05-14,21,0
plum,2026-05-14,22,0
plum,2026-05-14,23,0
plum,2026-05-14,24,0
plum,2026-05-14,25,0
plum,2026-05-14,26,7
plum,2026-05-14,27,1
plum,2026-05-14,28,0
plum,2026-05-14,29,0
plum,2026-05-14,30,0
plum,2026-05-14,31,0
plum,2026-05-14,32,0
plum,2026-05-14,33,0
plum,2026-05-14,34,0
plum,2026-05-14,35,0
plum,2026-05-14,36,0
plum,2026-05-14,37,0
plum,2026-05-14,38,0
plum,2026-05-14,39,0
plum,2026-05-14,40,0
plum,2026-05-14,41,0
plum,2026-05-14,42,0
plum,2026-05-14,43,1
plum,2026-05-14,44,0
plum,2026-05-14,45,0
plum,2026-05-14,46,0
plum,2026-05-14,47,0
plum,2026-05-15,0,0
plum,2026-05-15,1,0
plum,2026-05-15,2,0
plum,2026-05-15,3,0
plum,2026-05-15,4,0
plum,2026-05-15,5,0
plum,2026-05-15,6,0
plum,2026-05-15,7,0
plum,2026-05-15,8,0
plum,2026-05-15,9,0
plum,2026-05-15,10,0
plum,2026-05-15,11,0
plum,2026-05-15,12,0
plum,2026-05-15,13,0
plum,2026-05-15,14,0
plum,2026-05-15,15,0
plum,2026-05-15,16,0
plum,2026-05-15,17,0
plum,2026-05-15,18,0
plum,2026-05-15,19,0
plum,2026-05-15,20,0
plum,2026-05-15,21,0
plum,2026-05-15,22,0
plum,2026-05-15,23,0
plum,2026-05-15,24,1
plum,2026-05-15,25,2
plum,2026-05-15,26,0
plum,2026-05-15,27,0
plum,2026-05-15,28,0
plum,2026-05-15,29,0
plum,2026-05-15,30,0
plum,2026-05-15,31,0
plum,2026-05-15,32,0
plum,2026-05-15,33,0
plum,2026-05-15,34,0
plum,2026-05-15,35,0
plum,2026-05-15,36,0
plum,2026-05-15,37,0
plum,2026-05-15,38,0
plum,2026-05-15,39,0
plum,2026-05-15,40,0
plum,2026-05-15,41,0
plum,2026-05-15,42,0
plum,2026-05-15,43,0
plum,2026-05-15,44,0
plum,2026-05-15,45,0
plum,2026-05-15,46,0
plum,2026-05-15,47,0
plum,2026-05-16,0,0
plum,2026-05-16,1,0
plum,2026-05-16,2,0
plum,2026-05-16,3,0
plum,2026-05-16,4,0
plum,2026-05-16,5,0
plum,2026-05-16,6,0
plum,2026-05-16,7,0
plum,2026-05-16,8,0
plum,2026-05-16,9,0
plum,2026-05-16,10,0
plum,2026-05-16,11,0
plum,2026-05-16,12,0
plum,2026-05-16,13,0
plum,2026-05-16,14,0
plum,2026-05-16,15,0
plum,2026-05-16,16,0
plum,2026-05-16,17,0
plum,2026-05-16,18,0
plum,2026-05-16,19,1
plum,2026-05-16,20,0
plum,2026-05-16,21,0
plum,2026-05-16,22,0
plum,2026-05-16,23,0
plum,2026-05-16,24,1
plum,2026-05-16,25,0
plum,2026-05-16,26,0
plum,2026-05-16,27,0
plum,2026-05-16,28,0
plum,2026-05-16,29,0
plum,2026-05-16,30,0
plum,2026-05-16,31,0
plum,2026-05-16,32,0
plum,2026-05-16,33,0
plum,2026-05-16,34,0
plum,2026-05-16,35,0
plum,2026-05-16,36,0
plum,2026-05-16,37,0
plum,2026-05-16,38,0
plum,2026-05-16,39,0
plum,2026-05-16,40,0
plum,2026-05-16,41,0
plum,2026-05-16,42,0
plum,2026-05-16,43,0
plum,2026-05-16,44,0
plum,2026-05-16,45,0
plum,2026-05-16,46,0
plum,2026-05-16,47,0
plum,2026-05-17,0,0
plum,2026-05-17,1,0
plum,2026-05-17,2,0
plum,2026-05-17,3,0
plum,2026-05-17,4,0
plum,2026-05-17,5,0
plum,2026-05-17,6,0
plum,2026-05-17,7,0
plum,2026-05-17,8,0
plum,2026-05-17,9,0
plum,2026-05-17,10,0
plum,2026-05-17,11,0
plum,2026-05-17,12,0
plum,2026-05-17,13,0
plum,2026-05-17,14,0
plum,2026-05-17,15,0
plum,2026-05-17,16,0
plum,2026-05-17,17,0
plum,2026-05-17,18,0
plum,2026-05-17,19,0
plum,2026-05-17,20,0
plum,2026-05-17,21,0
plum,2026-05-17,22,0
plum,2026-05-17,23,0
plum,2026-05-17,24,0
plum,2026-05-17,25,0
plum,2026-05-17,26,0
plum,2026-05-17,27,1
plum,2026-05-17,28,0
plum,2026-05-17,29,0
plum,2026-05-17,30,0
plum,2026-05-17,31,0
plum,2026-05-17,32,0
plum,2026-05-17,33,0
plum,2026-05-17,34,0
plum,2026-05-17,35,1
plum,2026-05-17,36,0
plum,2026-05-17,37,0
plum,2026-05-17,38,0
plum,2026-05-17,39,0
plum,2026-05-17,40,0
plum,2026-05-17,41,0
plum,2026-05-17,42,0
plum,2026-05-17,43,0
plum,2026-05-17,44,0
plum,2026-05-17,45,0
plum,2026-05-17,46,0
plum,2026-05-17,47,0
plum,2026-05-18,0,0
plum,2026-05-18,1,0
plum,2026-05-18,2,0
plum,2026-05-18,3,0
plum,2026-05-18,4,0
plum,2026-05-18,5,0
plum,2026-05-18,6,0
plum,2026-05-18,7,0
plum,2026-05-18,8,0
plum,2026-05-18,9,0
plum,2026-05-18,10,0
plum,2026-05-18,11,0
plum,2026-05-18,12,0
plum,2026-05-18,13,0
plum,2026-05-18,14,0
plum,2026-05-18,15,0
plum,2026-05-18,16,0
plum,2026-05-18,17,0
plum,2026-05-18,18,0
plum,2026-05-18,19,0
plum,2026-05-18,20,0
plum,2026-05-18,21,0
plum,2026-05-18,22,0
plum,2026-05-18,23,0
plum,2026-05-18,24,0
plum,2026-05-18,25,0
plum,2026-05-18,26,0
plum,2026-05-18,27,0
plum,2026-05-18,28,0
plum,2026-05-18,29,1
plum,2026-05-18,30,0
plum,2026-05-18,31,0
plum,2026-05-18,32,0
plum,2026-05-18,33,0
plum,2026-05-18,34,0
plum,2026-05-18,35,0
plum,2026-05-18,36,0
plum,2026-05-18,37,0
plum,2026-05-18,38,0
plum,2026-05-18,39,0
plum,2026-05-18,40,0
plum,2026-05-18,41,0
plum,2026-05-18,42,0
plum,2026-05-18,43,0
plum,2026-05-18,44,0
plum,2026-05-18,45,0
plum,2026-05-18,46,0
plum,2026-05-18,47,0
plum,2026-05-19,0,0
plum,2026-05-19,1,0
plum,2026-05-19,2,0
plum,2026-05-19,3,0
plum,2026-05-19,4,0
plum,2026-05-19,5,0
plum,2026-05-19,6,0
plum,2026-05-19,7,0
plum,2026-05-19,8,0
plum,2026-05-19,9,0
plum,2026-05-19,10,0
plum,2026-05-19,11,0
plum,2026-05-19,12,0
plum,2026-05-19,13,0
plum,2026-05-19,14,0
plum,2026-05-19,15,0
plum,2026-05-19,16,0
plum,2026-05-19,17,0
plum,2026-05-19,18,0
plum,2026-05-19,19,1
plum,2026-05-19,20,0
plum,2026-05-19,21,0
plum,2026-05-19,22,0
plum,2026-05-19,23,0
plum,2026-05-19,24,0
plum,2026-05-19,25,0
plum,2026-05-19,26,2
plum,2026-05-19,27,0
plum,2026-05-19,28,0
plum,2026-05-19,29,0
plum,2026-05-19,30,0
plum,2026-05-19,31,1
plum,2026-05-19,32,0
plum,2026-05-19,33,0
plum,2026-05-19,34,0
plum,2026-05-19,35,0
plum,2026-05-19,36,0
plum,2026-05-19,37,0
plum,2026-05-19,38,0
plum,2026-05-19,39,0
plum,2026-05-19,40,0
plum,2026-05-19,41,0
plum,2026-05-19,42,0
plum,2026-05-19,43,0
plum,2026-05-19,44,0
plum,2026-05-19,45,0
plum,2026-05-19,46,0
plum,2026-05-19,47,0
plum,2026-05-20,0,0
plum,2026-05-20,1,0
plum,2026-05-20,2,0
plum,2026-05-20,3,0
plum,2026-05-20,4,0
plum,2026-05-20,5,0
plum,2026-05-20,6,0
plum,2026-05-20,7,0
plum,2026-05-20,8,0
plum,2026-05-20,9,0
plum,2026-05-20,10,0
plum,2026-05-20,11,0
plum,2026-05-20,12,0
plum,2026-05-20,13,0
plum,2026-05-20,14,0
plum,2026-05-20,15,0
plum,2026-05-20,16,2
plum,2026-05-20,17,0
plum,2026-05-20,18,0
plum,2026-05-20,19,0
plum,2026-05-20,20,0
plum,2026-05-20,21,0
plum,2026-05-20,22,0
plum,2026-05-20,23,0
plum,2026-05-20,24,0
plum,2026-05-20,25,0
plum,2026-05-20,26,0
plum,2026-05-20,27,0
plum,2026-05-20,28,1
plum,2026-05-20,29,0
plum,2026-05-20,30,0
plum,2026-05-20,31,0
plum,2026-05-20,32,0
plum,2026-05-20,33,0
plum,2026-05-20,34,0
plum,2026-05-20,35,0
plum,2026-05-20,36,0
plum,2026-05-20,37,0
plum,2026-05-20,38,0
plum,2026-05-20,39,1
plum,2026-05-20,40,0
plum,2026-05-20,41,0
plum,2026-05-20,42,0
plum,2026-05-20,43,0
plum,2026-05-20,44,0
plum,2026-05-20,45,0
plum,2026-05-20,46,0
plum,2026-05-20,47,0
plum,2026-05-21,0,0
plum,2026-05-21,1,0
plum,2026-05-21,2,0
plum,2026-05-21,3,0
plum,2026-05-21,4,0
plum,2026-05-21,5,0
plum,2026-05-21,6,0
plum,2026-05-21,7,0
plum,2026-05-21,8,0
plum,2026-05-21,9,0
plum,2026-05-21,10,0
plum,2026-05-21,11,0
plum,2026-05-21,12,0
plum,2026-05-21,13,0
plum,2026-05-21,14,0
plum,2026-05-21,15,0
plum,2026-05-21,16,0
plum,2026-05-21,17,0
plum,2026-05-21,18,0
plum,2026-05-21,19,0
plum,2026-05-21,20,0
plum,2026-05-21,21,1
plum,2026-05-21,22,3
plum,2026-05-21,23,0
plum,2026-05-21,24,0
plum,2026-05-21,25,0
plum,2026-05-21,26,0
plum,2026-05-21,27,0
plum,2026-05-21,28,0
plum,2026-05-21,29,0
plum,2026-05-21,30,0
plum,2026-05-21,31,0
plum,2026-05-21,32,0
plum,2026-05-21,33,0
plum,2026-05-21,34,0
plum,2026-05-21,35,0
plum,2026-05-21,36,0
plum,2026-05-21,37,0
plum,2026-05-21,38,0
plum,2026-05-21,39,0
plum,2026-05-21,40,0
plum,2026-05-21,41,0
plum,2026-05-21,42,1
plum,2026-05-21,43,1
plum,2026-05-21,44,0
plum,2026-05-21,45,1
plum,2026-05-21,46,1
plum,2026-05-21,47,0
plum,2026-05-22,0,0
plum,2026-05-22,1,0
plum,2026-05-22,2,0
plum,2026-05-22,3,0
plum,2026-05-22,4,0
plum,2026-05-22,5,0
plum,2026-05-22,6,0
plum,2026-05-22,7,0
plum,2026-05-22,8,0
plum,2026-05-22,9,0
plum,2026-05-22,10,0
plum,2026-05-22,11,0
plum,2026-05-22,12,0
plum,2026-05-22,13,0
plum,2026-05-22,14,0
plum,2026-05-22,15,0
plum,2026-05-22,16,0
plum,2026-05-22,17,0
plum,2026-05-22,18,0
plum,2026-05-22,19,0
plum,2026-05-22,20,0
plum,2026-05-22,21,0
plum,2026-05-22,22,0
plum,2026-05-22,23,0
plum,2026-05-22,24,0
plum,2026-05-22,25,0
plum,2026-05-22,26,0
plum,2026-05-22,27,0
plum,2026-05-22,28,0
plum,2026-05-22,29,0
plum,2026-05-22,30,0
plum,2026-05-22,31,0
plum,2026-05-22,32,0
plum,2026-05-22,33,0
plum,2026-05-22,34,0
plum,2026-05-22,35,0
plum,2026-05-22,36,0
plum,2026-05-22,37,0
plum,2026-05-22,38,0
plum,2026-05-22,39,0
plum,2026-05-22,40,0
plum,2026-05-22,41,0
plum,2026-05-22,42,0
plum,2026-05-22,43,0
plum,2026-05-22,44,0
plum,2026-05-22,45,0
plum,2026-05-22,46,0
plum,2026-05-22,47,0
plum,2026-05-23,0,0
plum,2026-05-23,1,0
plum,2026-05-23,2,0
plum,2026-05-23,3,0
plum,2026-05-23,4,0
plum,2026-05-23,5,0
plum,2026-05-23,6,0
plum,2026-05-23,7,0
plum,2026-05-23,8,0
plum,2026-05-23,9,0
plum,2026-05-23,10,0
plum,2026-05-23,11,0
plum,2026-05-23,12,0
plum,2026-05-23,13,0
plum,2026-05-23,14,0
plum,2026-05-23,15,0
plum,2026-05-23,16,1
plum,2026-05-23,17,0
plum,2026-05-23,18,0
plum,2026-05-23,19,0
plum,2026-05-23,20,0
plum,2026-05-23,21,0
plum,2026-05-23,22,0
plum,2026-05-23,23,0
plum,2026-05-23,24,0
plum,2026-05-23,25,2
plum,2026-05-23,26,0
plum,2026-05-23,27,0
plum,2026-05-23,28,0
plum,2026-05-23,29,0
plum,2026-05-23,30,0
plum,2026-05-23,31,0
plum,2026-05-23,32,0
plum,2026-05-23,33,0
plum,2026-05-23,34,0
plum,2026-05-23,35,0
plum,2026-05-23,36,0
plum,2026-05-23,37,0
plum,2026-05-23,38,0
plum,2026-05-23,39,0
plum,2026-05-23,40,0
plum,2026-05-23,41,0
plum,2026-05-23,42,0
plum,2026-05-23,43,0
plum,2026-05-23,44,0
plum,2026-05-23,45,0
plum,2026-05-23,46,0
plum,2026-05-23,47,0
plum,2026-05-24,0,0
plum,2026-05-24,1,0
plum,2026-05-24,2,0
plum,2026-05-24,3,0
plum,2026-05-24,4,0
plum,2026-05-24,5,0
plum,2026-05-24,6,0
plum,2026-05-24,7,0
plum,2026-05-24,8,0
plum,2026-05-24,9,0
plum,2026-05-24,10,0
plum,2026-05-24,11,0
plum,2026-05-24,12,0
plum,2026-05-24,13,0
plum,2026-05-24,14,0
plum,2026-05-24,15,0
plum,2026-05-24,16,0
plum,2026-05-24,17,0
plum,2026-05-24,18,0
plum,2026-05-24,19,0
plum,2026-05-24,20,0
plum,2026-05-24,21,0
plum,2026-05-24,22,0
plum,2026-05-24,23,0
plum,2026-05-24,24,0
plum,2026-05-24,25,0
plum,2026-05-24,26,0
plum,2026-05-24,27,0
plum,2026-05-24,28,1
plum,2026-05-24,29,0
plum,2026-05-24,30,0
plum,2026-05-24,31,0
plum,2026-05-24,32,0
plum,2026-05-24,33,0
plum,2026-05-24,34,0
plum,2026-05-24,35,0
plum,2026-05-24,36,0
plum,2026-05-24,37,0
plum,2026-05-24,38,0
plum,2026-05-24,39,1
plum,2026-05-24,40,0
plum,2026-05-24,41,0
plum,2026-05-24,42,0
plum,2026-05-24,43,0
plum,2026-05-24,44,0
plum,2026-05-24,45,0
plum,2026-05-24,46,1
plum,2026-05-24,47,0
plum,2026-05-25,0,0
plum,2026-05-25,1,0
plum,2026-05-25,2,0
plum,2026-05-25,3,0
plum,2026-05-25,4,0
plum,2026-05-25,5,0
plum,2026-05-25,6,0
plum,2026-05-25,7,0
plum,2026-05-25,8,0
plum,2026-05-25,9,0
plum,2026-05-25,10,0
plum,2026-05-25,11,0
plum,2026-05-25,12,0
plum,2026-05-25,13,0
plum,2026-05-25,14,0
plum,2026-05-25,15,0
plum,2026-05-25,16,0
plum,2026-05-25,17,0
plum,2026-05-25,18,0
plum,2026-05-25,19,0
plum,2026-05-25,20,0
plum,2026-05-25,21,0
plum,2026-05-25,22,0
plum,2026-05-25,23,0
plum,2026-05-25,24,0
plum,2026-05-25,25,0
plum,2026-05-25,26,0
plum,2026-05-25,27,0
plum,2026-05-25,28,0
plum,2026-05-25,29,0
plum,2026-05-25,30,0
plum,2026-05-25,31,0
plum,2026-05-25,32,0
plum,2026-05-25,33,0
plum,2026-05-25,34,0
plum,2026-05-25,35,0
plum,2026-05-25,36,0
plum,2026-05-25,37,0
plum,2026-05-25,38,2
plum,2026-05-25,39,0
plum,2026-05-25,40,0
plum,2026-05-25,41,0
plum,2026-05-25,42,0
plum,2026-05-25,43,0
plum,2026-05-25,44,0
plum,2026-05-25,45,0
plum,2026-05-25,46,0
plum,2026-05-25,47,0
plum,2026-05-26,0,0
plum,2026-05-26,1,0
plum,2026-05-26,2,0
plum,2026-05-26,3,0
plum,2026-05-26,4,0
plum,2026-05-26,5,0
plum,2026-05-26,6,0
plum,2026-05-26,7,0
plum,2026-05-26,8,0
plum,2026-05-26,9,0
plum,2026-05-26,10,0
plum,2026-05-26,11,0
plum,2026-05-26,12,0
plum,2026-05-26,13,0
plum,2026-05-26,14,0
plum,2026-05-26,15,0
plum,2026-05-26,16,0
plum,2026-05-26,17,0
plum,2026-05-26,18,0
plum,2026-05-26,19,0
plum,2026-05-26,20,0
plum,2026-05-26,21,0
plum,2026-05-26,22,0
plum,2026-05-26,23,0
plum,2026-05-26,24,0
plum,2026-05-26,25,0
plum,2026-05-26,26,0
plum,2026-05-26,27,0
plum,2026-05-26,28,0
plum,2026-05-26,29,0
plum,2026-05-26,30,0
plum,2026-05-26,31,0
plum,2026-05-26,32,0
plum,2026-05-26,33,0
plum,2026-05-26,34,0
plum,2026-05-26,35,0
plum,2026-05-26,36,0
plum,2026-05-26,37,1
plum,2026-05-26,38,0
plum,2026-05-26,39,0
plum,2026-05-26,40,0
plum,2026-05-26,41,0
plum,2026-05-26,42,0
plum,2026-05-26,43,0
plum,2026-05-26,44,0
plum,2026-05-26,45,1
plum,2026-05-26,46,0
plum,2026-05-26,47,0
plum,2026-05-27,0,0
plum,2026-05-27,1,0
plum,2026-05-27,2,0
plum,2026-05-27,3,0
plum,2026-05-27,4,0
plum,2026-05-27,5,0
plum,2026-05-27,6,0
plum,2026-05-27,7,0
plum,2026-05-27,8,0
plum,2026-05-27,9,0
plum,2026-05-27,10,0
plum,2026-05-27,11,0
plum,2026-05-27,12,0
plum,2026-05-27,13,0
plum,2026-05-27,14,0
plum,2026-05-27,15,0
plum,2026-05-27,16,0
plum,2026-05-27,17,0
plum,2026-05-27,18,0
plum,2026-05-27,19,0
plum,2026-05-27,20,1
plum,2026-05-27,21,0
plum,2026-05-27,22,0
plum,2026-05-27,23,0
plum,2026-05-27,24,0
plum,2026-05-27,25,0
plum,2026-05-27,26,0
plum,2026-05-27,27,0
plum,2026-05-27,28,0
plum,2026-05-27,29,0
plum,2026-05-27,30,0
plum,2026-05-27,31,0
plum,2026-05-27,32,0
plum,2026-05-27,33,0
plum,2026-05-27,34,0
plum,2026-05-27,35,0
plum,2026-05-27,36,0
plum,2026-05-27,37,0
plum,2026-05-27,38,0
plum,2026-05-27,39,0
plum,2026-05-27,40,3
plum,2026-05-27,41,0
plum,2026-05-27,42,0
plum,2026-05-27,43,0
plum,2026-05-27,44,0
plum,2026-05-27,45,0
plum,2026-05-27,46,1
plum,2026-05-27,47,1
plum,2026-05-28,0,0
plum,2026-05-28,1,0
plum,2026-05-28,2,0
plum,2026-05-28,3,0
plum,2026-05-28,4,0
plum,2026-05-28,5,0
plum,2026-05-28,6,0
plum,2026-05-28,7,0
plum,2026-05-28,8,0
plum,2026-05-28,9,0
plum,2026-05-28,10,0
plum,2026-05-28,11,0
plum,2026-05-28,12,0
plum,2026-05-28,13,0
plum,2026-05-28,14,0
plum,2026-05-28,15,0
plum,2026-05-28,16,0
plum,2026-05-28,17,0
plum,2026-05-28,18,0
plum,2026-05-28,19,0
plum,2026-05-28,20,0
plum,2026-05-28,21,0
plum,2026-05-28,22,0
plum,2026-05-28,23,0
plum,2026-05-28,24,0
plum,2026-05-28,25,1
plum,2026-05-28,26,0
plum,2026-05-28,27,0
plum,2026-05-28,28,0
plum,2026-05-28,29,0
plum,2026-05-28,30,0
plum,2026-05-28,31,0
plum,2026-05-28,32,0
plum,2026-05-28,33,1
plum,2026-05-28,34,0
plum,2026-05-28,35,0
plum,2026-05-28,36,0
plum,2026-05-28,37,0
plum,2026-05-28,38,1
plum,2026-05-28,39,0
plum,2026-05-28,40,0
plum,2026-05-28,41,0
plum,2026-05-28,42,1
plum,2026-05-28,43,0
plum,2026-05-28,44,0
plum,2026-05-28,45,0
plum,2026-05-28,46,0
plum,2026-05-28,47,0
plum,2026-05-29,0,0
plum,2026-05-29,1,0
plum,2026-05-29,2,0
plum,2026-05-29,3,0
plum,2026-05-29,4,0
plum,2026-05-29,5,0
plum,2026-05-29,6,0
plum,2026-05-29,7,0
plum,2026-05-29,8,0
plum,2026-05-29,9,0
plum,2026-05-29,10,0
plum,2026-05-29,11,0
plum,2026-05-29,12,0
plum,2026-05-29,13,0
plum,2026-05-29,14,0
plum,2026-05-29,15,0
plum,2026-05-29,16,0
plum,2026-05-29,17,0
plum,2026-05-29,18,0
plum,2026-05-29,19,0
plum,2026-05-29,20,2
plum,2026-05-29,21,0
plum,2026-05-29,22,1
plum,2026-05-29,23,0
plum,2026-05-29,24,0
plum,2026-05-29,25,0
plum,2026-05-29,26,0
plum,2026-05-29,27,0
plum,2026-05-29,28,0
plum,2026-05-29,29,0
plum,2026-05-29,30,0
plum,2026-05-29,31,0
plum,2026-05-29,32,0
plum,2026-05-29,33,0
plum,2026-05-29,34,1
plum,2026-05-29,35,0
plum,2026-05-29,36,0
plum,2026-05-29,37,0
plum,2026-05-29,38,0
plum,2026-05-29,39,0
plum,2026-05-29,40,0
plum,2026-05-29,41,0
plum,2026-05-29,42,0
plum,2026-05-29,43,0
plum,2026-05-29,44,0
plum,2026-05-29,45,0
plum,2026-05-29,46,0
plum,2026-05-29,47,0
plum,2026-05-30,0,0
plum,2026-05-30,1,0
plum,2026-05-30,2,0
plum,2026-05-30,3,0
plum,2026-05-30,4,0
plum,2026-05-30,5,0
plum,2026-05-30,6,0
plum,2026-05-30,7,0
plum,2026-05-30,8,0
plum,2026-05-30,9,0
plum,2026-05-30,10,0
plum,2026-05-30,11,0
plum,2026-05-30,12,0
plum,2026-05-30,13,0
plum,2026-05-30,14,0
plum,2026-05-30,15,0
plum,2026-05-30,16,0
plum,2026-05-30,17,0
plum,2026-05-30,18,0
plum,2026-05-30,19,0
plum,2026-05-30,20,0
plum,2026-05-30,21,0
plum,2026-05-30,22,1
plum,2026-05-30,23,3
plum,2026-05-30,24,0
plum,2026-05-30,25,0
plum,2026-05-30,26,0
plum,2026-05-30,27,0
plum,2026-05-30,28,0
plum,2026-05-30,29,0
plum,2026-05-30,30,0
plum,2026-05-30,31,0
plum,2026-05-30,32,0
plum,2026-05-30,33,0
plum,2026-05-30,34,0
plum,2026-05-30,35,0
plum,2026-05-30,36,0
plum,2026-05-30,37,0
plum,2026-05-30,38,0
plum,2026-05-30,39,1
plum,2026-05-30,40,3
plum,2026-05-30,41,0
plum,2026-05-30,42,0
plum,2026-05-30,43,0
plum,2026-05-30,44,0
plum,2026-05-30,45,0
plum,2026-05-30,46,0
plum,2026-05-30,47,0
plum,2026-05-31,0,0
plum,2026-05-31,1,0
plum,2026-05-31,2,0
plum,2026-05-31,3,0
plum,2026-05-31,4,0
plum,2026-05-31,5,0
plum,2026-05-31,6,0
plum,2026-05-31,7,0
plum,2026-05-31,8,0
plum,2026-05-31,9,0
plum,2026-05-31,10,0
plum,2026-05-31,11,0
plum,2026-05-31,12,0
plum,2026-05-31,13,0
plum,2026-05-31,14,0
plum,2026-05-31,15,0
plum,2026-05-31,16,0
plum,2026-05-31,17,0
plum,2026-05-31,18,0
plum,2026-05-31,19,0
plum,2026-05-31,20,0
plum,2026-05-31,21,0
plum,2026-05-31,22,0
plum,2026-05-31,23,0
plum,2026-05-31,24,0
plum,2026-05-31,25,0
plum,2026-05-31,26,0
plum,2026-05-31,27,0
plum,2026-05-31,28,0
plum,2026-05-31,29,0
plum,2026-05-31,30,0
plum,2026-05-31,31,1
plum,2026-05-31,32,0
plum,2026-05-31,33,0
plum,2026-05-31,34,0
plum,2026-05-31,35,0
plum,2026-05-31,36,0
plum,2026-05-31,37,0
plum,2026-05-31,38,0
plum,2026-05-31,39,0
plum,2026-05-31,40,0
plum,2026-05-31,41,0
plum,2026-05-31,42,0
plum,2026-05-31,43,0
plum,2026-05-31,44,0
plum,2026-05-31,45,0
plum,2026-05-31,46,0
plum,2026-05-31,47,0
plum,2026-06-01,0,0
plum,2026-06-01,1,0
plum,2026-06-01,2,0
plum,2026-06-01,3,0
plum,2026-06-01,4,0
plum,2026-06-01,5,0
plum,2026-06-01,6,0
plum,2026-06-01,7,0
plum,2026-06-01,8,0
plum,2026-06-01,9,0
plum,2026-06-01,10,0
plum,2026-06-01,11,0
plum,2026-06-01,12,0
plum,2026-06-01,13,0
plum,2026-06-01,14,0
plum,2026-06-01,15,0
plum,2026-06-01,16,0
plum,2026-06-01,17,0
plum,2026-06-01,18,0
plum,2026-06-01,19,0
plum,2026-06-01,20,1
plum,2026-06-01,21,1
plum,2026-06-01,22,0
plum,2026-06-01,23,0
plum,2026-06-01,24,0
plum,2026-06-01,25,0
plum,2026-06-01,26,0
plum,2026-06-01,27,0
plum,2026-06-01,28,0
plum,2026-06-01,29,0
plum,2026-06-01,30,0
plum,2026-06-01,31,0
plum,2026-06-01,32,0
plum,2026-06-01,33,0
plum,2026-06-01,34,0
plum,2026-06-01,35,0
plum,2026-06-01,36,0
plum,2026-06-01,37,0
plum,2026-06-01,38,0
plum,2026-06-01,39,0
plum,2026-06-01,40,1
plum,2026-06-01,41,0
plum,2026-06-01,42,0
plum,2026-06-01,43,0
plum,2026-06-01,44,1
plum,2026-06-01,45,0
plum,2026-06-01,46,0
plum,2026-06-01,47,0
plum,2026-06-02,0,0
plum,2026-06-02,1,0
plum,2026-06-02,2,0
plum,2026-06-02,3,0
plum,2026-06-02,4,0
plum,2026-06-02,5,0
plum,2026-06-02,6,0
plum,2026-06-02,7,0
plum,2026-06-02,8,0
plum,2026-06-02,9,0
plum,2026-06-02,10,0
plum,2026-06-02,11,0
plum,2026-06-02,12,0
plum,2026-06-02,13,0
plum,2026-06-02,14,0
plum,2026-06-02,15,0
plum,2026-06-02,16,0
plum,2026-06-02,17,0
plum,2026-06-02,18,0
plum,2026-06-02,19,0
plum,2026-06-02,20,0
plum,2026-06-02,21,0
plum,2026-06-02,22,0
plum,2026-06-02,23,0
plum,2026-06-02,24,0
plum,2026-06-02,25,1
plum,2026-06-02,26,0
plum,2026-06-02,27,0
plum,2026-06-02,28,1
plum,2026-06-02,29,0
plum,2026-06-02,30,0
plum,2026-06-02,31,0
plum,2026-06-02,32,0
plum,2026-06-02,33,0
plum,2026-06-02,34,0
plum,2026-06-02,35,0
plum,2026-06-02,36,0
plum,2026-06-02,37,0
plum,2026-06-02,38,0
plum,2026-06-02,39,1
plum,2026-06-02,40,0
plum,2026-06-02,41,0
plum,2026-06-02,42,0
plum,2026-06-02,43,0
plum,2026-06-02,44,0
plum,2026-06-02,45,0
plum,2026-06-02,46,0
plum,2026-06-02,47,0
plum,2026-06-03,0,0
plum,2026-06-03,1,0
plum,2026-06-03,2,0
plum,2026-06-03,3,0
plum,2026-06-03,4,0
plum,2026-06-03,5,0
plum,2026-06-03,6,0
plum,2026-06-03,7,0
plum,2026-06-03,8,0
plum,2026-06-03,9,0
plum,2026-06-03,10,0
plum,2026-06-03,11,0
plum,2026-06-03,12,0
plum,2026-06-03,13,0
plum,2026-06-03,14,0
plum,2026-06-03,15,0
plum,2026-06-03,16,0
plum,2026-06-03,17,0
plum,2026-06-03,18,0
plum,2026-06-03,19,0
plum,2026-06-03,20,0
plum,2026-06-03,21,0
plum,2026-06-03,22,0
plum,2026-06-03,23,0
plum,2026-06-03,24,0
plum,2026-06-03,25,0
plum,2026-06-03,26,0
plum,2026-06-03,27,0
plum,2026-06-03,28,0
plum,2026-06-03,29,0
plum,2026-06-03,30,0
plum,2026-06-03,31,0
plum,2026-06-03,32,0
plum,2026-06-03,33,0
plum,2026-06-03,34,0
plum,2026-06-03,35,0
plum,2026-06-03,36,0
plum,2026-06-03,37,0
plum,2026-06-03,38,0
plum,2026-06-03,39,0
plum,2026-06-03,40,0
plum,2026-06-03,41,0
plum,2026-06-03,42,0
plum,2026-06-03,43,0
plum,2026-06-03,44,0
plum,2026-06-03,45,0
plum,2026-06-03,46,0
plum,2026-06-03,47,0
plum,2026-06-04,0,0
plum,2026-06-04,1,0
plum,2026-06-04,2,0
plum,2026-06-04,3,0
plum,2026-06-04,4,0
plum,2026-06-04,5,0
plum,2026-06-04,6,0
plum,2026-06-04,7,0
plum,2026-06-04,8,0
plum,2026-06-04,9,0
plum,2026-06-04,10,0
plum,2026-06-04,11,0
plum,2026-06-04,12,0
plum,2026-06-04,13,0
plum,2026-06-04,14,0
plum,2026-06-04,15,0
plum,2026-06-04,16,0
plum,2026-06-04,17,0
plum,2026-06-04,18,0
plum,2026-06-04,19,0
plum,2026-06-04,20,0
plum,2026-06-04,21,0
plum,2026-06-04,22,0
plum,2026-06-04,23,1
plum,2026-06-04,24,2
plum,2026-06-04,25,0
plum,2026-06-04,26,0
plum,2026-06-04,27,0
plum,2026-06-04,28,0
plum,2026-06-04,29,1
plum,2026-06-04,30,1
plum,2026-06-04,31,0
plum,2026-06-04,32,0
plum,2026-06-04,33,0
plum,2026-06-04,34,0
plum,2026-06-04,35,0
plum,2026-06-04,36,0
plum,2026-06-04,37,0
plum,2026-06-04,38,1
plum,2026-06-04,39,2
plum,2026-06-04,40,0
plum,2026-06-04,41,1
plum,2026-06-04,42,0
plum,2026-06-04,43,0
plum,2026-06-04,44,0
plum,2026-06-04,45,0
plum,2026-06-04,46,0
plum,2026-06-04,47,0
plum,2026-06-05,0,0
plum,2026-06-05,1,0
plum,2026-06-05,2,0
plum,2026-06-05,3,0
plum,2026-06-05,4,0
plum,2026-06-05,5,0
plum,2026-06-05,6,0
plum,2026-06-05,7,0
plum,2026-06-05,8,0
plum,2026-06-05,9,0
plum,2026-06-05,10,0
plum,2026-06-05,11,0
plum,2026-06-05,12,0
plum,2026-06-05,13,0
plum,2026-06-05,14,0
plum,2026-06-05,15,0
plum,2026-06-05,16,0
plum,2026-06-05,17,0
plum,2026-06-05,18,0
plum,2026-06-05,19,0
plum,2026-06-05,20,0
plum,2026-06-05,21,0
plum,2026-06-05,22,1
plum,2026-06-05,23,0
plum,2026-06-05,24,0
plum,2026-06-05,25,0
plum,2026-06-05,26,0
plum,2026-06-05,27,0
plum,2026-06-05,28,0
plum,2026-06-05,29,0
plum,2026-06-05,30,0
plum,2026-06-05,31,0
plum,2026-06-05,32,0
plum,2026-06-05,33,0
plum,2026-06-05,34,0
plum,2026-06-05,35,0
plum,2026-06-05,36,0
plum,2026-06-05,37,0
plum,2026-06-05,38,0
plum,2026-06-05,39,0
plum,2026-06-05,40,0
plum,2026-06-05,41,0
plum,2026-06-05,42,0
plum,2026-06-05,43,0
plum,2026-06-05,44,0
plum,2026-06-05,45,0
plum,2026-06-05,46,0
plum,2026-06-05,47,0
plum,2026-06-06,0,0
plum,2026-06-06,1,0
plum,2026-06-06,2,0
plum,2026-06-06,3,0
plum,2026-06-06,4,0
plum,2026-06-06,5,0
plum,2026-06-06,6,0
plum,2026-06-06,7,0
plum,2026-06-06,8,0
plum,2026-06-06,9,0
plum,2026-06-06,10,0
plum,2026-06-06,11,0
plum,2026-06-06,12,0
plum,2026-06-06,13,0
plum,2026-06-06,14,0
plum,2026-06-06,15,0
plum,2026-06-06,16,0
plum,2026-06-06,17,0
plum,2026-06-06,18,0
plum,2026-06-06,19,0
plum,2026-06-06,20,0
plum,2026-06-06,21,0
plum,2026-06-06,22,0
plum,2026-06-06,23,0
plum,2026-06-06,24,1
plum,2026-06-06,25,0
plum,2026-06-06,26,1
plum,2026-06-06,27,1
plum,2026-06-06,28,0
plum,2026-06-06,29,0
plum,2026-06-06,30,0
plum,2026-06-06,31,0
plum,2026-06-06,32,0
plum,2026-06-06,33,0
plum,2026-06-06,34,0
plum,2026-06-06,35,0
plum,2026-06-06,36,0
plum,2026-06-06,37,0
plum,2026-06-06,38,0
plum,2026-06-06,39,0
plum,2026-06-06,40,0
plum,2026-06-06,41,0
plum,2026-06-06,42,0
plum,2026-06-06,43,0
plum,2026-06-06,44,0
plum,2026-06-06,45,0
plum,2026-06-06,46,0
plum,2026-06-06,47,0
plum,2026-06-07,0,0
plum,2026-06-07,1,0
plum,2026-06-07,2,0
plum,2026-06-07,3,0
plum,2026-06-07,4,0
plum,2026-06-07,5,0
plum,2026-06-07,6,0
plum,2026-06-07,7,0
plum,2026-06-07,8,0
plum,2026-06-07,9,0
plum,2026-06-07,10,0
plum,2026-06-07,11,0
plum,2026-06-07,12,0
plum,2026-06-07,13,0
plum,2026-06-07,14,0
plum,2026-06-07,15,0
plum,2026-06-07,16,0
plum,2026-06-07,17,0
plum,2026-06-07,18,0
plum,2026-06-07,19,0
plum,2026-06-07,20,0
plum,2026-06-07,21,0
plum,2026-06-07,22,0
plum,2026-06-07,23,0
plum,2026-06-07,24,0
plum,2026-06-07,25,0
plum,2026-06-07,26,0
plum,2026-06-07,27,0
plum,2026-06-07,28,0
plum,2026-06-07,29,0
plum,2026-06-07,30,0
plum,2026-06-07,31,0
plum,2026-06-07,32,0
plum,2026-06-07,33,0
plum,2026-06-07,34,0
plum,2026-06-07,35,0
plum,2026-06-07,36,0
plum,2026-06-07,37,0
plum,2026-06-07,38,0
plum,2026-06-07,39,0
plum,2026-06-07,40,0
plum,2026-06-07,41,0
plum,2026-06-07,42,0
plum,2026-06-07,43,1
plum,2026-06-07,44,0
plum,2026-06-07,45,0
plum,2026-06-07,46,0
plum,2026-06-07,47,0
plum,2026-06-08,0,0
plum,2026-06-08,1,0
plum,2026-06-08,2,0
plum,2026-06-08,3,0
plum,2026-06-08,4,0
plum,2026-06-08,5,0
plum,2026-06-08,6,0
plum,2026-06-08,7,0
plum,2026-06-08,8,0
plum,2026-06-08,9,0
plum,2026-06-08,10,0
plum,2026-06-08,11,0
plum,2026-06-08,12,0
plum,2026-06-08,13,0
plum,2026-06-08,14,0
plum,2026-06-08,15,0
plum,2026-06-08,16,0
plum,2026-06-08,17,0
plum,2026-06-08,18,0
plum,2026-06-08,19,0
plum,2026-06-08,20,0
plum,2026-06-08,21,0
plum,2026-06-08,22,0
plum,2026-06-08,23,0
plum,2026-06-08,24,0
plum,2026-06-08,25,0
plum,2026-06-08,26,1
plum,2026-06-08,27,0
plum,2026-06-08,28,0
plum,2026-06-08,29,0
plum,2026-06-08,30,0
plum,2026-06-08,31,0
plum,2026-06-08,32,0
plum,2026-06-08,33,0
plum,2026-06-08,34,0
plum,2026-06-08,35,0
plum,2026-06-08,36,0
plum,2026-06-08,37,0
plum,2026-06-08,38,0
plum,2026-06-08,39,0
plum,2026-06-08,40,0
plum,2026-06-08,41,0
plum,2026-06-08,42,0
plum,2026-06-08,43,2
plum,2026-06-08,44,0
plum,2026-06-08,45,0
plum,2026-06-08,46,0
plum,2026-06-08,47,0
plum,2026-06-09,0,0
plum,2026-06-09,1,0
plum,2026-06-09,2,0
plum,2026-06-09,3,1
plum,2026-06-09,4,0
plum,2026-06-09,5,0
plum,2026-06-09,6,0
plum,2026-06-09,7,0
plum,2026-06-09,8,0
plum,2026-06-09,9,0
plum,2026-06-09,10,0
plum,2026-06-09,11,0
plum,2026-06-09,12,0
plum,2026-06-09,13,0
plum,2026-06-09,14,0
plum,2026-06-09,15,0
plum,2026-06-09,16,0
plum,2026-06-09,17,1
plum,2026-06-09,18,0
plum,2026-06-09,19,0
plum,2026-06-09,20,0
plum,2026-06-09,21,0
plum,2026-06-09,22,0
plum,2026-06-09,23,0
plum,2026-06-09,24,0
plum,2026-06-09,25,0
plum,2026-06-09,26,0
plum,2026-06-09,27,0
plum,2026-06-09,28,0
plum,2026-06-09,29,0
plum,2026-06-09,30,0
plum,2026-06-09,31,0
plum,2026-06-09,32,1
plum,2026-06-09,33,0
plum,2026-06-09,34,0
plum,2026-06-09,35,0
plum,2026-06-09,36,0
plum,2026-06-09,37,0
plum,2026-06-09,38,0
plum,2026-06-09,39,0
plum,2026-06-09,40,0
plum,2026-06-09,41,0
plum,2026-06-09,42,0
plum,2026-06-09,43,0
plum,2026-06-09,44,0
plum,2026-06-09,45,0
plum,2026-06-09,46,0
plum,2026-06-09,47,0
plum,2026-06-10,0,0
plum,2026-06-10,1,0
plum,2026-06-10,2,0
plum,2026-06-10,3,0
plum,2026-06-10,4,0
plum,2026-06-10,5,0
plum,2026-06-10,6,0
plum,2026-06-10,7,0
plum,2026-06-10,8,0
plum,2026-06-10,9,0
plum,2026-06-10,10,0
plum,2026-06-10,11,0
plum,2026-06-10,12,0
plum,2026-06-10,13,0
plum,2026-06-10,14,0
plum,2026-06-10,15,0
plum,2026-06-10,16,0
plum,2026-06-10,17,0
plum,2026-06-10,18,0
plum,2026-06-10,19,0
plum,2026-06-10,20,0
plum,2026-06-10,21,0
plum,2026-06-10,22,2
plum,2026-06-10,23,0
plum,2026-06-10,24,0
plum,2026-06-10,25,0
plum,2026-06-10,26,0
plum,2026-06-10,27,0
plum,2026-06-10,28,0
plum,2026-06-10,29,0
plum,2026-06-10,30,0
plum,2026-06-10,31,0
plum,2026-06-10,32,0
plum,2026-06-10,33,0
plum,2026-06-10,34,0
plum,2026-06-10,35,0
plum,2026-06-10,36,0
plum,2026-06-10,37,0
plum,2026-06-10,38,0
plum,2026-06-10,39,0
plum,2026-06-10,40,0
plum,2026-06-10,41,0
plum,2026-06-10,42,0
plum,2026-06-10,43,0
plum,2026-06-10,44,0
plum,2026-06-10,45,0
plum,2026-06-10,46,0
plum,2026-06-10,47,0
plum,2026-06-11,0,0
plum,2026-06-11,1,0
plum,2026-06-11,2,0
plum,2026-06-11,3,0
plum,2026-06-11,4,0
plum,2026-06-11,5,0
plum,2026-06-11,6,0
plum,2026-06-11,7,0
plum,2026-06-11,8,0
plum,2026-06-11,9,0
plum,2026-06-11,10,0
plum,2026-06-11,11,0
plum,2026-06-11,12,0
plum,2026-06-11,13,0
plum,2026-06-11,14,0
plum,2026-06-11,15,0
plum,2026-06-11,16,0
plum,2026-06-11,17,0
plum,2026-06-11,18,0
plum,2026-06-11,19,0
plum,2026-06-11,20,0
plum,2026-06-11,21,0
plum,2026-06-11,22,0
plum,2026-06-11,23,1
plum,2026-06-11,24,0
plum,2026-06-11,25,0
plum,2026-06-11,26,0
plum,2026-06-11,27,0
plum,2026-06-11,28,0
plum,2026-06-11,29,0
plum,2026-06-11,30,0
plum,2026-06-11,31,0
plum,2026-06-11,32,0
plum,2026-06-11,33,0
plum,2026-06-11,34,0
plum,2026-06-11,35,0
plum,2026-06-11,36,1
plum,2026-06-11,37,0
plum,2026-06-11,38,0
plum,2026-06-11,39,0
plum,2026-06-11,40,0
plum,2026-06-11,41,0
plum,2026-06-11,42,2
plum,2026-06-11,43,2
plum,2026-06-11,44,0
plum,2026-06-11,45,0
plum,2026-06-11,46,0
plum,2026-06-11,47,0
plum,2026-06-12,0,0
plum,2026-06-12,1,0
plum,2026-06-12,2,0
plum,2026-06-12,3,0
plum,2026-06-12,4,0
plum,2026-06-12,5,0
plum,2026-06-12,6,0
plum,2026-06-12,7,0
plum,2026-06-12,8,0
plum,2026-06-12,9,0
plum,2026-06-12,10,0
plum,2026-06-12,11,0
plum,2026-06-12,12,0
plum,2026-06-12,13,0
plum,2026-06-12,14,0
plum,2026-06-12,15,0
plum,2026-06-12,16,0
plum,2026-06-12,17,0
plum,2026-06-12,18,0
plum,2026-06-12,19,1
plum,2026-06-12,20,0
plum,2026-06-12,21,0
plum,2026-06-12,22,0
plum,2026-06-12,23,0
plum,2026-06-12,24,1
plum,2026-06-12,25,0
plum,2026-06-12,26,0
plum,2026-06-12,27,0
plum,2026-06-12,28,0
plum,2026-06-12,29,0
plum,2026-06-12,30,0
plum,2026-06-12,31,0
plum,2026-06-12,32,0
plum,2026-06-12,33,1
plum,2026-06-12,34,0
plum,2026-06-12,35,0
plum,2026-06-12,36,0
plum,2026-06-12,37,0
plum,2026-06-12,38,0
plum,2026-06-12,39,0
plum,2026-06-12,40,0
plum,2026-06-12,41,0
plum,2026-06-12,42,0
plum,2026-06-12,43,0
plum,2026-06-12,44,0
plum,2026-06-12,45,0
plum,2026-06-12,46,0
plum,2026-06-12,47,0
plum,2026-06-13,0,0
plum,2026-06-13,1,0
plum,2026-06-13,2,0
plum,2026-06-13,3,0
plum,2026-06-13,4,0
plum,2026-06-13,5,0
plum,2026-06-13,6,0
plum,2026-06-13,7,0
plum,2026-06-13,8,0
plum,2026-06-13,9,0
plum,2026-06-13,10,0
plum,2026-06-13,11,0
plum,2026-06-13,12,0
plum,2026-06-13,13,0
plum,2026-06-13,14,0
plum,2026-06-13,15,0
plum,2026-06-13,16,0
plum,2026-06-13,17,0
plum,2026-06-13,18,0
plum,2026-06-13,19,0
plum,2026-06-13,20,0
plum,2026-06-13,21,0
plum,2026-06-13,22,0
plum,2026-06-13,23,0
plum,2026-06-13,24,0
plum,2026-06-13,25,0
plum,2026-06-13,26,0
plum,2026-06-13,27,0
plum,2026-06-13,28,0
plum,2026-06-13,29,0
plum,2026-06-13,30,0
plum,2026-06-13,31,0
plum,2026-06-13,32,0
plum,2026-06-13,33,0
plum,2026-06-13,34,0
plum,2026-06-13,35,0
plum,2026-06-13,36,0
plum,2026-06-13,37,0
plum,2026-06-13,38,0
plum,2026-06-13,39,0
plum,2026-06-13,40,0
plum,2026-06-13,41,0
plum,2026-06-13,42,0
plum,2026-06-13,43,0
plum,2026-06-13,44,1
plum,2026-06-13,45,0
plum,2026-06-13,46,0
plum,2026-06-13,47,0
plum,2026-06-14,0,0
plum,2026-06-14,1,0
plum,2026-06-14,2,0
plum,2026-06-14,3,0
plum,2026-06-14,4,0
plum,2026-06-14,5,0
plum,2026-06-14,6,0
plum,2026-06-14,7,0
plum,2026-06-14,8,0
plum,2026-06-14,9,0
plum,2026-06-14,10,0
plum,2026-06-14,11,0
plum,2026-06-14,12,0
plum,2026-06-14,13,0
plum,2026-06-14,14,0
plum,2026-06-14,15,0
plum,2026-06-14,16,0
plum,2026-06-14,17,0
plum,2026-06-14,18,0
plum,2026-06-14,19,0
plum,2026-06-14,20,0
plum,2026-06-14,21,0
plum,2026-06-14,22,0
plum,2026-06-14,23,0
plum,2026-06-14,24,0
plum,2026-06-14,25,0
plum,2026-06-14,26,0
plum,2026-06-14,27,0
plum,2026-06-14,28,0
plum,2026-06-14,29,0
plum,2026-06-14,30,0
plum,2026-06-14,31,0
plum,2026-06-14,32,0
plum,2026-06-14,33,0
plum,2026-06-14,34,0
plum,2026-06-14,35,0
plum,2026-06-14,36,0
plum,2026-06-14,37,0
plum,2026-06-14,38,0
plum,2026-06-14,39,0
plum,2026-06-14,40,0
plum,2026-06-14,41,0
plum,2026-06-14,42,0
plum,2026-06-14,43,1
plum,2026-06-14,44,0
plum,2026-06-14,45,0
plum,2026-06-14,46,0
plum,2026-06-14,47,1
plum,2026-06-15,0,0
plum,2026-06-15,1,0
plum,2026-06-15,2,0
plum,2026-06-15,3,0
plum,2026-06-15,4,0
plum,2026-06-15,5,0
plum,2026-06-15,6,0
plum,2026-06-15,7,0
plum,2026-06-15,8,0
plum,2026-06-15,9,0
plum,2026-06-15,10,0
plum,2026-06-15,11,0
plum,2026-06-15,12,0
plum,2026-06-15,13,0
plum,2026-06-15,14,0
plum,2026-06-15,15,0
plum,2026-06-15,16,0
plum,2026-06-15,17,0
plum,2026-06-15,18,0
plum,2026-06-15,19,0
plum,2026-06-15,20,0
plum,2026-06-15,21,1
plum,2026-06-15,22,0
plum,2026-06-15,23,0
plum,2026-06-15,24,0
plum,2026-06-15,25,0
plum,2026-06-15,26,0
plum,2026-06-15,27,0
plum,2026-06-15,28,0
plum,2026-06-15,29,0
plum,2026-06-15,30,0
plum,2026-06-15,31,0
plum,2026-06-15,32,0
plum,2026-06-15,33,0
plum,2026-06-15,34,0
plum,2026-06-15,35,0
plum,2026-06-15,36,0
plum,2026-06-15,37,0
plum,2026-06-15,38,0
plum,2026-06-15,39,0
plum,2026-06-15,40,0
plum,2026-06-15,41,0
plum,2026-06-15,42,0
plum,2026-06-15,43,0
plum,2026-06-15,44,0
plum,2026-06-15,45,0
plum,2026-06-15,46,0
plum,2026-06-15,47,0
plum,2026-06-16,0,0
plum,2026-06-16,1,0
plum,2026-06-16,2,0
plum,2026-06-16,3,0
plum,2026-06-16,4,0
plum,2026-06-16,5,0
plum,2026-06-16,6,0
plum,2026-06-16,7,0
plum,2026-06-16,8,0
plum,2026-06-16,9,0
plum,2026-06-16,10,0
plum,2026-06-16,11,0
plum,2026-06-16,12,0
plum,2026-06-16,13,0
plum,2026-06-16,14,0
plum,2026-06-16,15,0
plum,2026-06-16,16,0
plum,2026-06-16,17,0
plum,2026-06-16,18,0
plum,2026-06-16,19,0
plum,2026-06-16,20,0
plum,2026-06-16,21,0
plum,2026-06-16,22,0
plum,2026-06-16,23,0
plum,2026-06-16,24,0
plum,2026-06-16,25,0
plum,2026-06-16,26,0
plum,2026-06-16,27,0
plum,2026-06-16,28,0
plum,2026-06-16,29,0
plum,2026-06-16,30,0
plum,2026-06-16,31,0
plum,2026-06-16,32,0
plum,2026-06-16,33,0
plum,2026-06-16,34,0
plum,2026-06-16,35,0
plum,2026-06-16,36,0
plum,2026-06-16,37,0
plum,2026-06-16,38,0
plum,2026-06-16,39,1
plum,2026-06-16,40,0
plum,2026-06-16,41,0
plum,2026-06-16,42,1
plum,2026-06-16,43,0
plum,2026-06-16,44,0
plum,2026-06-16,45,0
plum,2026-06-16,46,0
plum,2026-06-16,47,0
plum,2026-06-17,0,0
plum,2026-06-17,1,0
plum,2026-06-17,2,0
plum,2026-06-17,3,0
plum,2026-06-17,4,0
plum,2026-06-17,5,0
plum,2026-06-17,6,0
plum,2026-06-17,7,0
plum,2026-06-17,8,0
plum,2026-06-17,9,0
plum,2026-06-17,10,0
plum,2026-06-17,11,0
plum,2026-06-17,12,0
plum,2026-06-17,13,0
plum,2026-06-17,14,0
plum,2026-06-17,15,2
plum,2026-06-17,16,0
plum,2026-06-17,17,0
plum,2026-06-17,18,0
plum,2026-06-17,19,0
plum,2026-06-17,20,0
plum,2026-06-17,21,0
plum,2026-06-17,22,0
plum,2026-06-17,23,0
plum,2026-06-17,24,0
plum,2026-06-17,25,0
plum,2026-06-17,26,0
plum,2026-06-17,27,0
plum,2026-06-17,28,0
plum,2026-06-17,29,0
plum,2026-06-17,30,0
plum,2026-06-17,31,0
plum,2026-06-17,32,0
plum,2026-06-17,33,0
plum,2026-06-17,34,0
plum,2026-06-17,35,0
plum,2026-06-17,36,0
plum,2026-06-17,37,0
plum,2026-06-17,38,1
plum,2026-06-17,39,0
plum,2026-06-17,40,0
plum,2026-06-17,41,0
plum,2026-06-17,42,0
plum,2026-06-17,43,0
plum,2026-06-17,44,0
plum,2026-06-17,45,1
plum,2026-06-17,46,0
plum,2026-06-17,47,0
plum,2026-06-18,0,0
plum,2026-06-18,1,0
plum,2026-06-18,2,0
plum,2026-06-18,3,0
plum,2026-06-18,4,0
plum,2026-06-18,5,0
plum,2026-06-18,6,0
plum,2026-06-18,7,0
plum,2026-06-18,8,0
plum,2026-06-18,9,0
plum,2026-06-18,10,0
plum,2026-06-18,11,0
plum,2026-06-18,12,0
plum,2026-06-18,13,0
plum,2026-06-18,14,0
plum,2026-06-18,15,0
plum,2026-06-18,16,0
plum,2026-06-18,17,0
plum,2026-06-18,18,0
plum,2026-06-18,19,0
plum,2026-06-18,20,0
plum,2026-06-18,21,0
plum,2026-06-18,22,0
plum,2026-06-18,23,0
plum,2026-06-18,24,0
plum,2026-06-18,25,0
plum,2026-06-18,26,0
plum,2026-06-18,27,0
plum,2026-06-18,28,0
plum,2026-06-18,29,0
plum,2026-06-18,30,0
plum,2026-06-18,31,0
plum,2026-06-18,32,0
plum,2026-06-18,33,0
plum,2026-06-18,34,0
plum,2026-06-18,35,0
plum,2026-06-18,36,0
plum,2026-06-18,37,0
plum,2026-06-18,38,0
plum,2026-06-18,39,0
plum,2026-06-18,40,0
plum,2026-06-18,41,0
plum,2026-06-18,42,0
plum,2026-06-18,43,0
plum,2026-06-18,44,0
plum,2026-06-18,45,0
plum,2026-06-18,46,0
plum,2026-06-18,47,0
plum,2026-06-19,0,0
plum,2026-06-19,1,0
plum,2026-06-19,2,0
plum,2026-06-19,3,0
plum,2026-06-19,4,0
plum,2026-06-19,5,0
plum,2026-06-19,6,0
plum,2026-06-19,7,0
plum,2026-06-19,8,0
plum,2026-06-19,9,0
plum,2026-06-19,10,0
plum,2026-06-19,11,0
plum,2026-06-19,12,0
plum,2026-06-19,13,0
plum,2026-06-19,14,0
plum,2026-06-19,15,0
plum,2026-06-19,16,0
plum,2026-06-19,17,0
plum,2026-06-19,18,0
plum,2026-06-19,19,0
plum,2026-06-19,20,0
plum,2026-06-19,21,0
plum,2026-06-19,22,0
plum,2026-06-19,23,0
plum,2026-06-19,24,0
plum,2026-06-19,25,0
plum,2026-06-19,26,0
plum,2026-06-19,27,0
plum,2026-06-19,28,0
plum,2026-06-19,29,0
plum,2026-06-19,30,0
plum,2026-06-19,31,0
plum,2026-06-19,32,0
plum,2026-06-19,33,0
plum,2026-06-19,34,0
plum,2026-06-19,35,0
plum,2026-06-19,36,0
plum,2026-06-19,37,0
plum,2026-06-19,38,0
plum,2026-06-19,39,0
plum,2026-06-19,40,0
plum,2026-06-19,41,0
plum,2026-06-19,42,0
plum,2026-06-19,43,0
plum,2026-06-19,44,1
plum,2026-06-19,45,0
plum,2026-06-19,46,0
plum,2026-06-19,47,0
plum,2026-06-20,0,0
plum,2026-06-20,1,0
plum,2026-06-20,2,0
plum,2026-06-20,3,0
plum,2026-06-20,4,0
plum,2026-06-20,5,0
plum,2026-06-20,6,0
plum,2026-06-20,7,0
plum,2026-06-20,8,0
plum,2026-06-20,9,0
plum,2026-06-20,10,0
plum,2026-06-20,11,0
plum,2026-06-20,12,0
plum,2026-06-20,13,0
plum,2026-06-20,14,0
plum,2026-06-20,15,1
plum,2026-06-20,16,0
plum,2026-06-20,17,0
plum,2026-06-20,18,0
plum,2026-06-20,19,0
plum,2026-06-20,20,0
plum,2026-06-20,21,0
plum,2026-06-20,22,0
plum,2026-06-20,23,0
plum,2026-06-20,24,0
plum,2026-06-20,25,0
plum,2026-06-20,26,0
plum,2026-06-20,27,0
plum,2026-06-20,28,0
plum,2026-06-20,29,0
plum,2026-06-20,30,0
plum,2026-06-20,31,0
plum,2026-06-20,32,0
plum,2026-06-20,33,0
plum,2026-06-20,34,0
plum,2026-06-20,35,1
plum,2026-06-20,36,0
plum,2026-06-20,37,0
plum,2026-06-20,38,0
plum,2026-06-20,39,0
plum,2026-06-20,40,0
plum,2026-06-20,41,0
plum,2026-06-20,42,0
plum,2026-06-20,43,0
plum,2026-06-20,44,0
plum,2026-06-20,45,0
plum,2026-06-20,46,0
plum,2026-06-20,47,0
plum,2026-06-21,0,0
plum,2026-06-21,1,0
plum,2026-06-21,2,0
plum,2026-06-21,3,0
plum,2026-06-21,4,0
plum,2026-06-21,5,0
plum,2026-06-21,6,0
plum,2026-06-21,7,0
plum,2026-06-21,8,0
plum,2026-06-21,9,0
plum,2026-06-21,10,0
plum,2026-06-21,11,0
plum,2026-06-21,12,0
plum,2026-06-21,13,0
plum,2026-06-21,14,0
plum,2026-06-21,15,0
plum,2026-06-21,16,0
plum,2026-06-21,17,0
plum,2026-06-21,18,0
plum,2026-06-21,19,0
plum,2026-06-21,20,0
plum,2026-06-21,21,0
plum,2026-06-21,22,0
plum,2026-06-21,23,0
plum,2026-06-21,24,0
plum,2026-06-21,25,0
plum,2026-06-21,26,0
plum,2026-06-21,27,0
plum,2026-06-21,28,0
plum,2026-06-21,29,0
plum,2026-06-21,30,0
plum,2026-06-21,31,0
plum,2026-06-21,32,0
plum,2026-06-21,33,0
plum,2026-06-21,34,0
plum,2026-06-21,35,1
plum,2026-06-21,36,0
plum,2026-06-21,37,0
plum,2026-06-21,38,0
plum,2026-06-21,39,0
plum,2026-06-21,40,0
plum,2026-06-21,41,0
plum,2026-06-21,42,0
plum,2026-06-21,43,0
plum,2026-06-21,44,0
plum,2026-06-21,45,0
plum,2026-06-21,46,0
plum,2026-06-21,47,0
plum,2026-06-22,0,0
plum,2026-06-22,1,0
plum,2026-06-22,2,0
plum,2026-06-22,3,0
plum,2026-06-22,4,0
plum,2026-06-22,5,0
plum,2026-06-22,6,0
plum,2026-06-22,7,0
plum,2026-06-22,8,0
plum,2026-06-22,9,0
plum,2026-06-22,10,0
plum,2026-06-22,11,0
plum,2026-06-22,12,0
plum,2026-06-22,13,0
plum,2026-06-22,14,0
plum,2026-06-22,15,0
plum,2026-06-22,16,0
plum,2026-06-22,17,0
plum,2026-06-22,18,0
plum,2026-06-22,19,0
plum,2026-06-22,20,0
plum,2026-06-22,21,0
plum,2026-06-22,22,0
plum,2026-06-22,23,0
plum,2026-06-22,24,0
plum,2026-06-22,25,0
plum,2026-06-22,26,0
plum,2026-06-22,27,0
plum,2026-06-22,28,0
plum,2026-06-22,29,0
plum,2026-06-22,30,0
plum,2026-06-22,31,0
plum,2026-06-22,32,0
plum,2026-06-22,33,0
plum,2026-06-22,34,0
plum,2026-06-22,35,0
plum,2026-06-22,36,0
plum,2026-06-22,37,0
plum,2026-06-22,38,0
plum,2026-06-22,39,0
plum,2026-06-22,40,0
plum,2026-06-22,41,0
plum,2026-06-22,42,0
plum,2026-06-22,43,0
plum,2026-06-22,44,0
plum,2026-06-22,45,0
plum,2026-06-22,46,0
plum,2026-06-22,47,0
plum,2026-06-23,0,0
plum,2026-06-23,1,0
plum,2026-06-23,2,0
plum,2026-06-23,3,0
plum,2026-06-23,4,0
plum,2026-06-23,5,0
plum,2026-06-23,6,0
plum,2026-06-23,7,0
plum,2026-06-23,8,0
plum,2026-06-23,9,0
plum,2026-06-23,10,0
plum,2026-06-23,11,0
plum,2026-06-23,12,0
plum,2026-06-23,13,0
plum,2026-06-23,14,0
plum,2026-06-23,15,0
plum,2026-06-23,16,0
plum,2026-06-23,17,0
plum,2026-06-23,18,0
plum,2026-06-23,19,0
plum,2026-06-23,20,0
plum,2026-06-23,21,0
plum,2026-06-23,22,0
plum,2026-06-23,23,0
plum,2026-06-23,24,0
plum,2026-06-23,25,0
plum,2026-06-23,26,1
plum,2026-06-23,27,0
plum,2026-06-23,28,0
plum,2026-06-23,29,0
plum,2026-06-23,30,0
plum,2026-06-23,31,0
plum,2026-06-23,32,0
plum,2026-06-23,33,0
plum,2026-06-23,34,1
plum,2026-06-23,35,0
plum,2026-06-23,36,0
plum,2026-06-23,37,0
plum,2026-06-23,38,0
plum,2026-06-23,39,0
plum,2026-06-23,40,0
plum,2026-06-23,41,0
plum,2026-06-23,42,0
plum,2026-06-23,43,0
plum,2026-06-23,44,0
plum,2026-06-23,45,0
plum,2026-06-23,46,0
plum,2026-06-23,47,0
plum,2026-06-24,0,0
plum,2026-06-24,1,0
plum,2026-06-24,2,0
plum,2026-06-24,3,0
plum,2026-06-24,4,0
plum,2026-06-24,5,0
plum,2026-06-24,6,0
plum,2026-06-24,7,0
plum,2026-06-24,8,0
plum,2026-06-24,9,0
plum,2026-06-24,10,0
plum,2026-06-24,11,0
plum,2026-06-24,12,0
plum,2026-06-24,13,0
plum,2026-06-24,14,1
plum,2026-06-24,15,0
plum,2026-06-24,16,0
plum,2026-06-24,17,0
plum,2026-06-24,18,0
plum,2026-06-24,19,0
plum,2026-06-24,20,0
plum,2026-06-24,21,0
plum,2026-06-24,22,0
plum,2026-06-24,23,0
plum,2026-06-24,24,0
plum,2026-06-24,25,0
plum,2026-06-24,26,0
plum,2026-06-24,27,0
plum,2026-06-24,28,0
plum,2026-06-24,29,0
plum,2026-06-24,30,0
plum,2026-06-24,31,0
plum,2026-06-24,32,0
plum,2026-06-24,33,0
plum,2026-06-24,34,0
plum,2026-06-24,35,0
plum,2026-06-24,36,0
plum,2026-06-24,37,0
plum,2026-06-24,38,0
plum,2026-06-24,39,1
plum,2026-06-24,40,1
plum,2026-06-24,41,0
plum,2026-06-24,42,0
plum,2026-06-24,43,0
plum,2026-06-24,44,0
plum,2026-06-24,45,0
plum,2026-06-24,46,0
plum,2026-06-24,47,0
plum,2026-06-25,0,0
plum,2026-06-25,1,1
plum,2026-06-25,2,0
plum,2026-06-25,3,0
plum,2026-06-25,4,0
plum,2026-06-25,5,0
plum,2026-06-25,6,0
plum,2026-06-25,7,0
plum,2026-06-25,8,0
plum,2026-06-25,9,0
plum,2026-06-25,10,0
plum,2026-06-25,11,0
plum,2026-06-25,12,0
plum,2026-06-25,13,0
plum,2026-06-25,14,0
plum,2026-06-25,15,0
plum,2026-06-25,16,0
plum,2026-06-25,17,0
plum,2026-06-25,18,0
plum,2026-06-25,19,0
plum,2026-06-25,20,0
plum,2026-06-25,21,0
plum,2026-06-25,22,0
plum,2026-06-25,23,1
plum,2026-06-25,24,0
plum,2026-06-25,25,0
plum,2026-06-25,26,0
plum,2026-06-25,27,0
plum,2026-06-25,28,0
plum,2026-06-25,29,0
plum,2026-06-25,30,0
plum,2026-06-25,31,0
plum,2026-06-25,32,0
plum,2026-06-25,33,0
plum,2026-06-25,34,0
plum,2026-06-25,35,0
plum,2026-06-25,36,0
plum,2026-06-25,37,0
plum,2026-06-25,38,0
plum,2026-06-25,39,0
plum,2026-06-25,40,0
plum,2026-06-25,41,0
plum,2026-06-25,42,0
plum,2026-06-25,43,0
plum,2026-06-25,44,1
plum,2026-06-25,45,0
plum,2026-06-25,46,1
plum,2026-06-25,47,0
plum,2026-06-26,0,0
plum,2026-06-26,1,0
plum,2026-06-26,2,0
plum,2026-06-26,3,0
plum,2026-06-26,4,0
plum,2026-06-26,5,0
plum,2026-06-26,6,0
plum,2026-06-26,7,0
plum,2026-06-26,8,0
plum,2026-06-26,9,0
plum,2026-06-26,10,0
plum,2026-06-26,11,0
plum,2026-06-26,12,0
plum,2026-06-26,13,0
plum,2026-06-26,14,0
plum,2026-06-26,15,1
plum,2026-06-26,16,0
plum,2026-06-26,17,0
plum,2026-06-26,18,0
plum,2026-06-26,19,0
plum,2026-06-26,20,1
plum,2026-06-26,21,0
plum,2026-06-26,22,0
plum,2026-06-26,23,0
plum,2026-06-26,24,0
plum,2026-06-26,25,0
plum,2026-06-26,26,0
plum,2026-06-26,27,0
plum,2026-06-26,28,0
plum,2026-06-26,29,0
plum,2026-06-26,30,0
plum,2026-06-26,31,0
plum,2026-06-26,32,0
plum,2026-06-26,33,0
plum,2026-06-26,34,0
plum,2026-06-26,35,0
plum,2026-06-26,36,0
plum,2026-06-26,37,0
plum,2026-06-26,38,0
plum,2026-06-26,39,0
plum,2026-06-26,40,0
plum,2026-06-26,41,0
plum,2026-06-26,42,0
plum,2026-06-26,43,0
plum,2026-06-26,44,0
plum,2026-06-26,45,0
plum,2026-06-26,46,0
plum,2026-06-26,47,0
plum,2026-06-27,0,0
plum,2026-06-27,1,0
plum,2026-06-27,2,0
plum,2026-06-27,3,0
plum,2026-06-27,4,0
plum,2026-06-27,5,0
plum,2026-06-27,6,0
plum,2026-06-27,7,0
plum,2026-06-27,8,0
plum,2026-06-27,9,0
plum,2026-06-27,10,0
plum,2026-06-27,11,0
plum,2026-06-27,12,0
plum,2026-06-27,13,0
plum,2026-06-27,14,0
plum,2026-06-27,15,0
plum,2026-06-27,16,0
plum,2026-06-27,17,0
plum,2026-06-27,18,0
plum,2026-06-27,19,0
plum,2026-06-27,20,0
plum,2026-06-27,21,0
plum,2026-06-27,22,0
plum,2026-06-27,23,1
plum,2026-06-27,24,1
plum,2026-06-27,25,0
plum,2026-06-27,26,0
plum,2026-06-27,27,0
plum,2026-06-27,28,0
plum,2026-06-27,29,0
plum,2026-06-27,30,0
plum,2026-06-27,31,0
plum,2026-06-27,32,0
plum,2026-06-27,33,1
plum,2026-06-27,34,0
plum,2026-06-27,35,0
plum,2026-06-27,36,0
plum,2026-06-27,37,0
plum,2026-06-27,38,0
plum,2026-06-27,39,0
plum,2026-06-27,40,0
plum,2026-06-27,41,0
plum,2026-06-27,42,0
plum,2026-06-27,43,0
plum,2026-06-27,44,0
plum,2026-06-27,45,0
plum,2026-06-27,46,0
plum,2026-06-27,47,0
plum,2026-06-28,0,0
plum,2026-06-28,1,0
plum,2026-06-28,2,0
plum,2026-06-28,3,0
plum,2026-06-28,4,0
plum,2026-06-28,5,0
plum,2026-06-28,6,0
plum,2026-06-28,7,0
plum,2026-06-28,8,0
plum,2026-06-28,9,0
plum,2026-06-28,10,0
plum,2026-06-28,11,0
plum,2026-06-28,12,0
plum,2026-06-28,13,0
plum,2026-06-28,14,0
plum,2026-06-28,15,0
plum,2026-06-28,16,0
plum,2026-06-28,17,0
plum,2026-06-28,18,0
plum,2026-06-28,19,0
plum,2026-06-28,20,0
plum,2026-06-28,21,0
plum,2026-06-28,22,0
plum,2026-06-28,23,0
plum,2026-06-28,24,0
plum,2026-06-28,25,0
plum,2026-06-28,26,0
plum,2026-06-28,27,0
plum,2026-06-28,28,0
plum,2026-06-28,29,0
plum,2026-06-28,30,0
plum,2026-06-28,31,1
plum,2026-06-28,32,0
plum,2026-06-28,33,0
plum,2026-06-28,34,0
plum,2026-06-28,35,0
plum,2026-06-28,36,0
plum,2026-06-28,37,1
plum,2026-06-28,38,0
plum,2026-06-28,39,0
plum,2026-06-28,40,0
plum,2026-06-28,41,0
plum,2026-06-28,42,1
plum,2026-06-28,43,0
plum,2026-06-28,44,0
plum,2026-06-28,45,0
plum,2026-06-28,46,0
plum,2026-06-28,47,0
plum,2026-06-29,0,0
plum,2026-06-29,1,0
plum,2026-06-29,2,0
plum,2026-06-29,3,0
plum,2026-06-29,4,0
plum,2026-06-29,5,0
plum,2026-06-29,6,0
plum,2026-06-29,7,0
plum,2026-06-29,8,0
plum,2026-06-29,9,0
plum,2026-06-29,10,0
plum,2026-06-29,11,0
plum,2026-06-29,12,0
plum,2026-06-29,13,0
plum,2026-06-29,14,0
plum,2026-06-29,15,0
plum,2026-06-29,16,0
plum,2026-06-29,17,0
plum,2026-06-29,18,0
plum,2026-06-29,19,0
plum,2026-06-29,20,0
plum,2026-06-29,21,0
plum,2026-06-29,22,0
plum,2026-06-29,23,0
plum,2026-06-29,24,0
plum,2026-06-29,25,0
plum,2026-06-29,26,0
plum,2026-06-29,27,0
plum,2026-06-29,28,0
plum,2026-06-29,29,0
plum,2026-06-29,30,0
plum,2026-06-29,31,0
plum,2026-06-29,32,0
plum,2026-06-29,33,0
plum,2026-06-29,34,0
plum,2026-06-29,35,0
plum,2026-06-29,36,0
plum,2026-06-29,37,0
plum,2026-06-29,38,0
plum,2026-06-29,39,0
plum,2026-06-29,40,0
plum,2026-06-29,41,0
plum,2026-06-29,42,0
plum,2026-06-29,43,1
plum,2026-06-29,44,0
plum,2026-06-29,45,0
plum,2026-06-29,46,0
plum,2026-06-29,47,0
plum,2026-06-30,0,0
plum,2026-06-30,1,0
plum,2026-06-30,2,0
plum,2026-06-30,3,0
plum,2026-06-30,4,0
plum,2026-06-30,5,0
plum,2026-06-30,6,0
plum,2026-06-30,7,0
plum,2026-06-30,8,0
plum,2026-06-30,9,0
plum,2026-06-30,10,0
plum,2026-06-30,11,0
plum,2026-06-30,12,0
plum,2026-06-30,13,0
plum,2026-06-30,14,0
plum,2026-06-30,15,1
plum,2026-06-30,16,0
plum,2026-06-30,17,0
plum,2026-06-30,18,0
plum,2026-06-30,19,0
plum,2026-06-30,20,0
plum,2026-06-30,21,0
plum,2026-06-30,22,0
plum,2026-06-30,23,0
plum,2026-06-30,24,0
plum,2026-06-30,25,0
plum,2026-06-30,26,0
plum,2026-06-30,27,0
plum,2026-06-30,28,0
plum,2026-06-30,29,0
plum,2026-06-30,30,0
plum,2026-06-30,31,0
plum,2026-06-30,32,0
plum,2026-06-30,33,1
plum,2026-06-30,34,0
plum,2026-06-30,35,0
plum,2026-06-30,36,0
plum,2026-06-30,37,0
plum,2026-06-30,38,0
plum,2026-06-30,39,0
plum,2026-06-30,40,0
plum,2026-06-30,41,0
plum,2026-06-30,42,0
plum,2026-06-30,43,0
plum,2026-06-30,44,0
plum,2026-06-30,45,1
plum,2026-06-30,46,0
plum,2026-06-30,47,0
plum,2026-07-01,0,0
plum,2026-07-01,1,0
plum,2026-07-01,2,0
plum,2026-07-01,3,0
plum,2026-07-01,4,0
plum,2026-07-01,5,0
plum,2026-07-01,6,0
plum,2026-07-01,7,0
plum,2026-07-01,8,0
plum,2026-07-01,9,0
plum,2026-07-01,10,0
plum,2026-07-01,11,0
plum,2026-07-01,12,0
plum,2026-07-01,13,0
plum,2026-07-01,14,0
plum,2026-07-01,15,0
plum,2026-07-01,16,1
plum,2026-07-01,17,6
plum,2026-07-01,18,3
plum,2026-07-01,19,0
plum,2026-07-01,20,0
plum,2026-07-01,21,0
plum,2026-07-01,22,1
plum,2026-07-01,23,0
plum,2026-07-01,24,0
plum,2026-07-01,25,0
plum,2026-07-01,26,0
plum,2026-07-01,27,0
plum,2026-07-01,28,0
plum,2026-07-01,29,0
plum,2026-07-01,30,0
plum,2026-07-01,31,0
plum,2026-07-01,32,0
plum,2026-07-01,33,0
plum,2026-07-01,34,0
plum,2026-07-01,35,0
plum,2026-07-01,36,0
plum,2026-07-01,37,0
plum,2026-07-01,38,0
plum,2026-07-01,39,0
plum,2026-07-01,40,0
plum,2026-07-01,41,0
plum,2026-07-01,42,0
plum,2026-07-01,43,0
plum,2026-07-01,44,0
plum,2026-07-01,45,0
plum,2026-07-01,46,0
plum,2026-07-01,47,0
plum,2026-07-02,0,0
plum,2026-07-02,1,0
plum,2026-07-02,2,0
plum,2026-07-02,3,0
plum,2026-07-02,4,0
plum,2026-07-02,5,0
plum,2026-07-02,6,0
plum,2026-07-02,7,0
plum,2026-07-02,8,0
plum,2026-07-02,9,0
plum,2026-07-02,10,0
plum,2026-07-02,11,0
plum,2026-07-02,12,0
plum,2026-07-02,13,0
plum,2026-07-02,14,0
plum,2026-07-02,15,0
plum,2026-07-02,16,0
plum,2026-07-02,17,1
plum,2026-07-02,18,0
plum,2026-07-02,19,0
plum,2026-07-02,20,0
plum,2026-07-02,21,0
plum,2026-07-02,22,0
plum,2026-07-02,23,0
plum,2026-07-02,24,0
plum,2026-07-02,25,0
plum,2026-07-02,26,0
plum,2026-07-02,27,0
plum,2026-07-02,28,0
plum,2026-07-02,29,0
plum,2026-07-02,30,0
plum,2026-07-02,31,0
plum,2026-07-02,32,1
plum,2026-07-02,33,0
plum,2026-07-02,34,0
plum,2026-07-02,35,0
plum,2026-07-02,36,0
plum,2026-07-02,37,10
plum,2026-07-02,38,0
plum,2026-07-02,39,0
plum,2026-07-02,40,0
plum,2026-07-02,41,0
plum,2026-07-02,42,0
plum,2026-07-02,43,1
plum,2026-07-02,44,0
plum,2026-07-02,45,0
plum,2026-07-02,46,0
plum,2026-07-02,47,0
plum,2026-07-03,0,0
plum,2026-07-03,1,0
plum,2026-07-03,2,0
plum,2026-07-03,3,0
plum,2026-07-03,4,0
plum,2026-07-03,5,0
plum,2026-07-03,6,0
plum,2026-07-03,7,0
plum,2026-07-03,8,0
plum,2026-07-03,9,0
plum,2026-07-03,10,0
plum,2026-07-03,11,0
plum,2026-07-03,12,0
plum,2026-07-03,13,0
plum,2026-07-03,14,0
plum,2026-07-03,15,0
plum,2026-07-03,16,0
plum,2026-07-03,17,0
plum,2026-07-03,18,0
plum,2026-07-03,19,0
plum,2026-07-03,20,0
plum,2026-07-03,21,0
plum,2026-07-03,22,0
plum,2026-07-03,23,0
plum,2026-07-03,24,0
plum,2026-07-03,25,0
plum,2026-07-03,26,0
plum,2026-07-03,27,0
plum,2026-07-03,28,0
plum,2026-07-03,29,0
plum,2026-07-03,30,0
plum,2026-07-03,31,0
plum,2026-07-03,32,0
plum,2026-07-03,33,1
plum,2026-07-03,34,0
plum,2026-07-03,35,0
plum,2026-07-03,36,0
plum,2026-07-03,37,0
plum,2026-07-03,38,0
plum,2026-07-03,39,0
plum,2026-07-03,40,0
plum,2026-07-03,41,0
plum,2026-07-03,42,0
plum,2026-07-03,43,0
plum,2026-07-03,44,0
plum,2026-07-03,45,0
plum,2026-07-03,46,0
plum,2026-07-03,47,0
plum,2026-07-04,0,0
plum,2026-07-04,1,0
plum,2026-07-04,2,0
plum,2026-07-04,3,0
plum,2026-07-04,4,0
plum,2026-07-04,5,0
plum,2026-07-04,6,0
plum,2026-07-04,7,0
plum,2026-07-04,8,0
plum,2026-07-04,9,0
plum,2026-07-04,10,0
plum,2026-07-04,11,0
plum,2026-07-04,12,0
plum,2026-07-04,13,0
plum,2026-07-04,14,0
plum,2026-07-04,15,0
plum,2026-07-04,16,0
plum,2026-07-04,17,0
plum,2026-07-04,18,0
plum,2026-07-04,19,0
plum,2026-07-04,20,0
plum,2026-07-04,21,0
plum,2026-07-04,22,0
plum,2026-07-04,23,0
plum,2026-07-04,24,0
plum,2026-07-04,25,1
plum,2026-07-04,26,0
plum,2026-07-04,27,0
plum,2026-07-04,28,0
plum,2026-07-04,29,0
plum,2026-07-04,30,0
plum,2026-07-04,31,0
plum,2026-07-04,32,0
plum,2026-07-04,33,0
plum,2026-07-04,34,0
plum,2026-07-04,35,0
plum,2026-07-04,36,0
plum,2026-07-04,37,0
plum,2026-07-04,38,0
plum,2026-07-04,39,0
plum,2026-07-04,40,0
plum,2026-07-04,41,0
plum,2026-07-04,42,0
plum,2026-07-04,43,0
plum,2026-07-04,44,0
plum,2026-07-04,45,0
plum,2026-07-04,46,0
plum,2026-07-04,47,0
plum,2026-07-05,0,0
plum,2026-07-05,1,0
plum,2026-07-05,2,0
plum,2026-07-05,3,0
plum,2026-07-05,4,0
plum,2026-07-05,5,0
plum,2026-07-05,6,0
plum,2026-07-05,7,0
plum,2026-07-05,8,0
plum,2026-07-05,9,0
plum,2026-07-05,10,0
plum,2026-07-05,11,0
plum,2026-07-05,12,0
plum,2026-07-05,13,0
plum,2026-07-05,14,0
plum,2026-07-05,15,0
plum,2026-07-05,16,0
plum,2026-07-05,17,0
plum,2026-07-05,18,0
plum,2026-07-05,19,0
plum,2026-07-05,20,0
plum,2026-07-05,21,0
plum,2026-07-05,22,0
plum,2026-07-05,23,0
plum,2026-07-05,24,0
plum,2026-07-05,25,0
plum,2026-07-05,26,0
plum,2026-07-05,27,0
plum,2026-07-05,28,0
plum,2026-07-05,29,0
plum,2026-07-05,30,0
plum,2026-07-05,31,0
plum,2026-07-05,32,0
plum,2026-07-05,33,0
plum,2026-07-05,34,0
plum,2026-07-05,35,0
plum,2026-07-05,36,0
plum,2026-07-05,37,0
plum,2026-07-05,38,1
plum,2026-07-05,39,0
plum,2026-07-05,40,1
plum,2026-07-05,41,0
plum,2026-07-05,42,0
plum,2026-07-05,43,0
plum,2026-07-05,44,0
plum,2026-07-05,45,0
plum,2026-07-05,46,0
plum,2026-07-05,47,0
plum,2026-07-06,0,0
plum,2026-07-06,1,0
plum,2026-07-06,2,0
plum,2026-07-06,3,0
plum,2026-07-06,4,0
plum,2026-07-06,5,0
plum,2026-07-06,6,0
plum,2026-07-06,7,0
plum,2026-07-06,8,0
plum,2026-07-06,9,0
plum,2026-07-06,10,0
plum,2026-07-06,11,0
plum,2026-07-06,12,0
plum,2026-07-06,13,0
plum,2026-07-06,14,0
plum,2026-07-06,15,0
plum,2026-07-06,16,0
plum,2026-07-06,17,0
plum,2026-07-06,18,0
plum,2026-07-06,19,0
plum,2026-07-06,20,0
plum,2026-07-06,21,0
plum,2026-07-06,22,0
plum,2026-07-06,23,0
plum,2026-07-06,24,0
plum,2026-07-06,25,0
plum,2026-07-06,26,0
plum,2026-07-06,27,0
plum,2026-07-06,28,0
plum,2026-07-06,29,0
plum,2026-07-06,30,0
plum,2026-07-06,31,0
plum,2026-07-06,32,0
plum,2026-07-06,33,0
plum,2026-07-06,34,0
plum,2026-07-06,35,0
plum,2026-07-06,36,0
plum,2026-07-06,37,0
plum,2026-07-06,38,0
plum,2026-07-06,39,0
plum,2026-07-06,40,0
plum,2026-07-06,41,0
plum,2026-07-06,42,0
plum,2026-07-06,43,0
plum,2026-07-06,44,0
plum,2026-07-06,45,0
plum,2026-07-06,46,0
plum,2026-07-06,47,0
plum,2026-07-07,0,0
plum,2026-07-07,1,0
plum,2026-07-07,2,0
plum,2026-07-07,3,0
plum,2026-07-07,4,0
plum,2026-07-07,5,0
plum,2026-07-07,6,0
plum,2026-07-07,7,0
plum,2026-07-07,8,0
plum,2026-07-07,9,0
plum,2026-07-07,10,0
plum,2026-07-07,11,0
plum,2026-07-07,12,0
plum,2026-07-07,13,0
plum,2026-07-07,14,0
plum,2026-07-07,15,0
plum,2026-07-07,16,0
plum,2026-07-07,17,0
plum,2026-07-07,18,0
plum,2026-07-07,19,0
plum,2026-07-07,20,1
plum,2026-07-07,21,0
plum,2026-07-07,22,0
plum,2026-07-07,23,0
plum,2026-07-07,24,0
plum,2026-07-07,25,0
plum,2026-07-07,26,0
plum,2026-07-07,27,0
plum,2026-07-07,28,0
plum,2026-07-07,29,0
plum,2026-07-07,30,0
plum,2026-07-07,31,0
plum,2026-07-07,32,0
plum,2026-07-07,33,0
plum,2026-07-07,34,0
plum,2026-07-07,35,0
plum,2026-07-07,36,0
plum,2026-07-07,37,0
plum,2026-07-07,38,0
plum,2026-07-07,39,0
plum,2026-07-07,40,0
plum,2026-07-07,41,0
plum,2026-07-07,42,0
plum,2026-07-07,43,0
plum,2026-07-07,44,0
plum,2026-07-07,45,0
plum,2026-07-07,46,0
plum,2026-07-07,47,0
plum,2026-07-08,0,0
plum,2026-07-08,1,0
plum,2026-07-08,2,0
plum,2026-07-08,3,0
plum,2026-07-08,4,0
plum,2026-07-08,5,0
plum,2026-07-08,6,0
plum,2026-07-08,7,0
plum,2026-07-08,8,0
plum,2026-07-08,9,0
plum,2026-07-08,10,0
plum,2026-07-08,11,0
plum,2026-07-08,12,0
plum,2026-07-08,13,0
plum,2026-07-08,14,0
plum,2026-07-08,15,0
plum,2026-07-08,16,1
plum,2026-07-08,17,0
plum,2026-07-08,18,0
plum,2026-07-08,19,0
plum,2026-07-08,20,0
plum,2026-07-08,21,0
plum,2026-07-08,22,0
plum,2026-07-08,23,0
plum,2026-07-08,24,0
plum,2026-07-08,25,0
plum,2026-07-08,26,0
plum,2026-07-08,27,0
plum,2026-07-08,28,0
plum,2026-07-08,29,0
plum,2026-07-08,30,0
plum,2026-07-08,31,0
plum,2026-07-08,32,0
plum,2026-07-08,33,0
plum,2026-07-08,34,0
plum,2026-07-08,35,0
plum,2026-07-08,36,0
plum,2026-07-08,37,0
plum,2026-07-08,38,0
plum,2026-07-08,39,0
plum,2026-07-08,40,0
plum,2026-07-08,41,0
plum,2026-07-08,42,0
plum,2026-07-08,43,0
plum,2026-07-08,44,0
plum,2026-07-08,45,0
plum,2026-07-08,46,0
plum,2026-07-08,47,0
plum,2026-07-09,0,0
plum,2026-07-09,1,0
plum,2026-07-09,2,0
plum,2026-07-09,3,0
plum,2026-07-09,4,0
plum,2026-07-09,5,0
plum,2026-07-09,6,0
plum,2026-07-09,7,0
plum,2026-07-09,8,0
plum,2026-07-09,9,0
plum,2026-07-09,10,0
plum,2026-07-09,11,0
plum,2026-07-09,12,0
plum,2026-07-09,13,0
plum,2026-07-09,14,0
plum,2026-07-09,15,0
plum,2026-07-09,16,0
plum,2026-07-09,17,0
plum,2026-07-09,18,0
plum,2026-07-09,19,0
plum,2026-07-09,20,0
plum,2026-07-09,21,0
plum,2026-07-09,22,0
plum,2026-07-09,23,0
plum,2026-07-09,24,0
plum,2026-07-09,25,0
plum,2026-07-09,26,0
plum,2026-07-09,27,0
plum,2026-07-09,28,0
plum,2026-07-09,29,0
plum,2026-07-09,30,0
plum,2026-07-09,31,0
plum,2026-07-09,32,0
plum,2026-07-09,33,0
plum,2026-07-09,34,0
plum,2026-07-09,35,0
plum,2026-07-09,36,0
plum,2026-07-09,37,0
plum,2026-07-09,38,0
plum,2026-07-09,39,0
plum,2026-07-09,40,0
plum,2026-07-09,41,1
plum,2026-07-09,42,0
plum,2026-07-09,43,0
plum,2026-07-09,44,0
plum,2026-07-09,45,0
plum,2026-07-09,46,0
plum,2026-07-09,47,0
plum,2026-07-10,0,0
plum,2026-07-10,1,0
plum,2026-07-10,2,0
plum,2026-07-10,3,0
plum,2026-07-10,4,0
plum,2026-07-10,5,0
plum,2026-07-10,6,0
plum,2026-07-10,7,0
plum,2026-07-10,8,0
plum,2026-07-10,9,0
plum,2026-07-10,10,0
plum,2026-07-10,11,0
plum,2026-07-10,12,0
plum,2026-07-10,13,0
plum,2026-07-10,14,0
plum,2026-07-10,15,0
plum,2026-07-10,16,0
plum,2026-07-10,17,0
plum,2026-07-10,18,1
plum,2026-07-10,19,0
plum,2026-07-10,20,1
plum,2026-07-10,21,0
plum,2026-07-10,22,0
plum,2026-07-10,23,1
plum,2026-07-10,24,0
plum,2026-07-10,25,0
plum,2026-07-10,26,0
plum,2026-07-10,27,0
plum,2026-07-10,28,0
plum,2026-07-10,29,0
plum,2026-07-10,30,0
plum,2026-07-10,31,0
plum,2026-07-10,32,0
plum,2026-07-10,33,0
plum,2026-07-10,34,0
plum,2026-07-10,35,0
plum,2026-07-10,36,0
plum,2026-07-10,37,0
plum,2026-07-10,38,0
plum,2026-07-10,39,0
plum,2026-07-10,40,0
plum,2026-07-10,41,0
plum,2026-07-10,42,0
plum,2026-07-10,43,0
plum,2026-07-10,44,0
plum,2026-07-10,45,0
plum,2026-07-10,46,0
plum,2026-07-10,47,0
plum,2026-07-11,0,0
plum,2026-07-11,1,0
plum,2026-07-11,2,0
plum,2026-07-11,3,0
plum,2026-07-11,4,0
plum,2026-07-11,5,0
plum,2026-07-11,6,0
plum,2026-07-11,7,0
plum,2026-07-11,8,0
plum,2026-07-11,9,0
plum,2026-07-11,10,0
plum,2026-07-11,11,0
plum,2026-07-11,12,0
plum,2026-07-11,13,0
plum,2026-07-11,14,0
plum,2026-07-11,15,0
plum,2026-07-11,16,0
plum,2026-07-11,17,0
plum,2026-07-11,18,0
plum,2026-07-11,19,0
plum,2026-07-11,20,0
plum,2026-07-11,21,0
plum,2026-07-11,22,0
plum,2026-07-11,23,0
plum,2026-07-11,24,0
plum,2026-07-11,25,0
plum,2026-07-11,26,0
plum,2026-07-11,27,0
plum,2026-07-11,28,0
plum,2026-07-11,29,1
plum,2026-07-11,30,0
plum,2026-07-11,31,0
plum,2026-07-11,32,0
plum,2026-07-11,33,0
plum,2026-07-11,34,0
plum,2026-07-11,35,0
plum,2026-07-11,36,0
plum,2026-07-11,37,0
plum,2026-07-11,38,7
plum,2026-07-11,39,0
plum,2026-07-11,40,0
plum,2026-07-11,41,0
plum,2026-07-11,42,0
plum,2026-07-11,43,0
plum,2026-07-11,44,0
plum,2026-07-11,45,0
plum,2026-07-11,46,0
plum,2026-07-11,47,0
plum,2026-07-12,0,0
plum,2026-07-12,1,0
plum,2026-07-12,2,0
plum,2026-07-12,3,0
plum,2026-07-12,4,0
plum,2026-07-12,5,0
plum,2026-07-12,6,0
plum,2026-07-12,7,0
plum,2026-07-12,8,0
plum,2026-07-12,9,0
plum,2026-07-12,10,0
plum,2026-07-12,11,0
plum,2026-07-12,12,0
plum,2026-07-12,13,0
plum,2026-07-12,14,0
plum,2026-07-12,15,0
plum,2026-07-12,16,0
plum,2026-07-12,17,0
plum,2026-07-12,18,0
plum,2026-07-12,19,0
plum,2026-07-12,20,0
plum,2026-07-12,21,0
plum,2026-07-12,22,0
plum,2026-07-12,23,0
plum,2026-07-12,24,0
plum,2026-07-12,25,0
plum,2026-07-12,26,0
plum,2026-07-12,27,1
plum,2026-07-12,28,0
plum,2026-07-12,29,0
plum,2026-07-12,30,0
plum,2026-07-12,31,0
plum,2026-07-12,32,0
plum,2026-07-12,33,0
plum,2026-07-12,34,0
plum,2026-07-12,35,0
plum,2026-07-12,36,0
plum,2026-07-12,37,0
plum,2026-07-12,38,1
plum,2026-07-12,39,0
plum,2026-07-12,40,0
plum,2026-07-12,41,0
plum,2026-07-12,42,1
plum,2026-07-12,43,0
plum,2026-07-12,44,0
plum,2026-07-12,45,0
plum,2026-07-12,46,0
plum,2026-07-12,47,0
plum,2026-07-13,0,0
plum,2026-07-13,1,0
plum,2026-07-13,2,0
plum,2026-07-13,3,0
plum,2026-07-13,4,0
plum,2026-07-13,5,0
plum,2026-07-13,6,0
plum,2026-07-13,7,0
plum,2026-07-13,8,0
plum,2026-07-13,9,0
plum,2026-07-13,10,0
plum,2026-07-13,11,0
plum,2026-07-13,12,0
plum,2026-07-13,13,0
plum,2026-07-13,14,0
plum,2026-07-13,15,0
plum,2026-07-13,16,0
plum,2026-07-13,17,0
plum,2026-07-13,18,0
plum,2026-07-13,19,0
plum,2026-07-13,20,0
plum,2026-07-13,21,0
plum,2026-07-13,22,0
plum,2026-07-13,23,0
plum,2026-07-13,24,0
plum,2026-07-13,25,1
plum,2026-07-13,26,0
plum,2026-07-13,27,0
plum,2026-07-13,28,0
plum,2026-07-13,29,0
plum,2026-07-13,30,0
plum,2026-07-13,31,0
plum,2026-07-13,32,0
plum,2026-07-13,33,0
plum,2026-07-13,34,0
plum,2026-07-13,35,0
plum,2026-07-13,36,0
plum,2026-07-13,37,0
plum,2026-07-13,38,0
plum,2026-07-13,39,0
plum,2026-07-13,40,0
plum,2026-07-13,41,0
plum,2026-07-13,42,0
plum,2026-07-13,43,0
plum,2026-07-13,44,0
plum,2026-07-13,45,0
plum,2026-07-13,46,0
plum,2026-07-13,47,0
plum,2026-07-14,0,0
plum,2026-07-14,1,0
plum,2026-07-14,2,0
plum,2026-07-14,3,0
plum,2026-07-14,4,0
plum,2026-07-14,5,0
plum,2026-07-14,6,0
plum,2026-07-14,7,0
plum,2026-07-14,8,0
plum,2026-07-14,9,0
plum,2026-07-14,10,0
plum,2026-07-14,11,0
plum,2026-07-14,12,0
plum,2026-07-14,13,0
plum,2026-07-14,14,0
plum,2026-07-14,15,0
plum,2026-07-14,16,0
plum,2026-07-14,17,1
plum,2026-07-14,18,0
plum,2026-07-14,19,0
plum,2026-07-14,20,0
plum,2026-07-14,21,0
plum,2026-07-14,22,2
plum,2026-07-14,23,0
plum,2026-07-14,24,1
plum,2026-07-14,25,0
plum,2026-07-14,26,1
plum,2026-07-14,27,0
plum,2026-07-14,28,0
plum,2026-07-14,29,1
plum,2026-07-14,30,0
plum,2026-07-14,31,0
plum,2026-07-14,32,0
plum,2026-07-14,33,1
plum,2026-07-14,34,0
plum,2026-07-14,35,0
plum,2026-07-14,36,0
plum,2026-07-14,37,0
plum,2026-07-14,38,0
plum,2026-07-14,39,0
plum,2026-07-14,40,0
plum,2026-07-14,41,0
plum,2026-07-14,42,0
plum,2026-07-14,43,0
plum,2026-07-14,44,0
plum,2026-07-14,45,0
plum,2026-07-14,46,0
plum,2026-07-14,47,0
plum,2026-07-15,0,0
plum,2026-07-15,1,0
plum,2026-07-15,2,0
plum,2026-07-15,3,0
plum,2026-07-15,4,0
plum,2026-07-15,5,0
plum,2026-07-15,6,0
plum,2026-07-15,7,0
plum,2026-07-15,8,0
plum,2026-07-15,9,0
plum,2026-07-15,10,0
plum,2026-07-15,11,0
plum,2026-07-15,12,0
plum,2026-07-15,13,0
plum,2026-07-15,14,0
plum,2026-07-15,15,0
plum,2026-07-15,16,0
plum,2026-07-15,17,0
plum,2026-07-15,18,0
plum,2026-07-15,19,1
plum,2026-07-15,20,0
plum,2026-07-15,21,0
plum,2026-07-15,22,0
plum,2026-07-15,23,0
plum,2026-07-15,24,0
plum,2026-07-15,25,0
plum,2026-07-15,26,0
plum,2026-07-15,27,0
plum,2026-07-15,28,0
plum,2026-07-15,29,0
plum,2026-07-15,30,1
plum,2026-07-15,31,0
plum,2026-07-15,32,0
plum,2026-07-15,33,0
plum,2026-07-15,34,0
plum,2026-07-15,35,0
plum,2026-07-15,36,0
plum,2026-07-15,37,0
plum,2026-07-15,38,0
plum,2026-07-15,39,0
plum,2026-07-15,40,0
plum,2026-07-15,41,0
plum,2026-07-15,42,0
plum,2026-07-15,43,0
plum,2026-07-15,44,0
plum,2026-07-15,45,0
plum,2026-07-15,46,0
plum,2026-07-15,47,0
plum,2026-07-16,0,0
plum,2026-07-16,1,0
plum,2026-07-16,2,0
plum,2026-07-16,3,0
plum,2026-07-16,4,0
plum,2026-07-16,5,0
plum,2026-07-16,6,0
plum,2026-07-16,7,0
plum,2026-07-16,8,0
plum,2026-07-16,9,0
plum,2026-07-16,10,0
plum,2026-07-16,11,0
plum,2026-07-16,12,0
plum,2026-07-16,13,0
plum,2026-07-16,14,0
plum,2026-07-16,15,0
plum,2026-07-16,16,0
plum,2026-07-16,17,0
plum,2026-07-16,18,1
plum,2026-07-16,19,0
plum,2026-07-16,20,0
plum,2026-07-16,21,0
plum,2026-07-16,22,0
plum,2026-07-16,23,0
plum,2026-07-16,24,0
plum,2026-07-16,25,0
plum,2026-07-16,26,0
plum,2026-07-16,27,0
plum,2026-07-16,28,0
plum,2026-07-16,29,0
plum,2026-07-16,30,0
plum,2026-07-16,31,0
plum,2026-07-16,32,0
plum,2026-07-16,33,0
plum,2026-07-16,34,0
plum,2026-07-16,35,0
plum,2026-07-16,36,0
plum,2026-07-16,37,0
plum,2026-07-16,38,0
plum,2026-07-16,39,0
plum,2026-07-16,40,0
plum,2026-07-16,41,0
plum,2026-07-16,42,0
plum,2026-07-16,43,0
plum,2026-07-16,44,0
plum,2026-07-16,45,0
plum,2026-07-16,46,0
plum,2026-07-16,47,0
plum,2026-07-17,0,0
plum,2026-07-17,1,0
plum,2026-07-17,2,0
plum,2026-07-17,3,0
plum,2026-07-17,4,0
plum,2026-07-17,5,0
plum,2026-07-17,6,0
plum,2026-07-17,7,0
plum,2026-07-17,8,0
plum,2026-07-17,9,0
plum,2026-07-17,10,0
plum,2026-07-17,11,0
plum,2026-07-17,12,0
plum,2026-07-17,13,0
plum,2026-07-17,14,0
plum,2026-07-17,15,0
plum,2026-07-17,16,0
plum,2026-07-17,17,0
plum,2026-07-17,18,0
plum,2026-07-17,19,0
plum,2026-07-17,20,0
plum,2026-07-17,21,1
plum,2026-07-17,22,0
plum,2026-07-17,23,0
plum,2026-07-17,24,0
plum,2026-07-17,25,0
plum,2026-07-17,26,0
plum,2026-07-17,27,8
plum,2026-07-17,28,0
plum,2026-07-17,29,0
plum,2026-07-17,30,0
plum,2026-07-17,31,0
plum,2026-07-17,32,0
plum,2026-07-17,33,0
plum,2026-07-17,34,0
plum,2026-07-17,35,0
plum,2026-07-17,36,0
plum,2026-07-17,37,0
plum,2026-07-17,38,0
plum,2026-07-17,39,0
plum,2026-07-17,40,0
plum,2026-07-17,41,0
plum,2026-07-17,42,0
plum,2026-07-17,43,0
plum,2026-07-17,44,0
plum,2026-07-17,45,0
plum,2026-07-17,46,0
plum,2026-07-17,47,0
plum,2026-07-18,0,0
plum,2026-07-18,1,0
plum,2026-07-18,2,0
plum,2026-07-18,3,0
plum,2026-07-18,4,2
plum,2026-07-18,5,0
plum,2026-07-18,6,0
plum,2026-07-18,7,0
plum,2026-07-18,8,0
plum,2026-07-18,9,0
plum,2026-07-18,10,0
plum,2026-07-18,11,0
plum,2026-07-18,12,0
plum,2026-07-18,13,0
plum,2026-07-18,14,0
plum,2026-07-18,15,0
plum,2026-07-18,16,0
plum,2026-07-18,17,0
plum,2026-07-18,18,0
plum,2026-07-18,19,0
plum,2026-07-18,20,0
plum,2026-07-18,21,0
plum,2026-07-18,22,0
plum,2026-07-18,23,0
plum,2026-07-18,24,0
plum,2026-07-18,25,0
plum,2026-07-18,26,4
plum,2026-07-18,27,0
plum,2026-07-18,28,0
plum,2026-07-18,29,0
plum,2026-07-18,30,0
plum,2026-07-18,31,0
plum,2026-07-18,32,0
plum,2026-07-18,33,0
plum,2026-07-18,34,0
plum,2026-07-18,35,0
plum,2026-07-18,36,1
plum,2026-07-18,37,1
plum,2026-07-18,38,0
plum,2026-07-18,39,0
plum,2026-07-18,40,0
plum,2026-07-18,41,0
plum,2026-07-18,42,0
plum,2026-07-18,43,0
plum,2026-07-18,44,0
plum,2026-07-18,45,0
plum,2026-07-18,46,0
plum,2026-07-18,47,0
plum,2026-07-19,0,0
plum,2026-07-19,1,0
plum,2026-07-19,2,0
plum,2026-07-19,3,0
plum,2026-07-19,4,0
plum,2026-07-19,5,0
plum,2026-07-19,6,0
plum,2026-07-19,7,0
plum,2026-07-19,8,0
plum,2026-07-19,9,0
plum,2026-07-19,10,0
plum,2026-07-19,11,0
plum,2026-07-19,12,0
plum,2026-07-19,13,0
plum,2026-07-19,14,0
plum,2026-07-19,15,0
plum,2026-07-19,16,0
plum,2026-07-19,17,0
plum,2026-07-19,18,0
plum,2026-07-19,19,0
plum,2026-07-19,20,0
plum,2026-07-19,21,0
plum,2026-07-19,22,0
plum,2026-07-19,23,0
plum,2026-07-19,24,0
plum,2026-07-19,25,0
plum,2026-07-19,26,0
plum,2026-07-19,27,1
plum,2026-07-19,28,0
plum,2026-07-19,29,0
plum,2026-07-19,30,0
plum,2026-07-19,31,0
plum,2026-07-19,32,0
plum,2026-07-19,33,0
plum,2026-07-19,34,0
plum,2026-07-19,35,0
plum,2026-07-19,36,0
plum,2026-07-19,37,0
plum,2026-07-19,38,0
plum,2026-07-19,39,0
plum,2026-07-19,40,0
plum,2026-07-19,41,0
plum,2026-07-19,42,0
plum,2026-07-19,43,0
plum,2026-07-19,44,0
plum,2026-07-19,45,0
plum,2026-07-19,46,0
plum,2026-07-19,47,0
plum,2026-07-20,0,0
plum,2026-07-20,1,0
plum,2026-07-20,2,0
plum,2026-07-20,3,0
plum,2026-07-20,4,0
plum,2026-07-20,5,0
plum,2026-07-20,6,0
plum,2026-07-20,7,0
plum,2026-07-20,8,0
plum,2026-07-20,9,0
plum,2026-07-20,10,0
plum,2026-07-20,11,0
plum,2026-07-20,12,0
plum,2026-07-20,13,0
plum,2026-07-20,14,0
plum,2026-07-20,15,0
plum,2026-07-20,16,0
plum,2026-07-20,17,0
plum,2026-07-20,18,0
plum,2026-07-20,19,0
plum,2026-07-20,20,0
plum,2026-07-20,21,0
plum,2026-07-20,22,0
plum,2026-07-20,23,0
plum,2026-07-20,24,0
plum,2026-07-20,25,0
plum,2026-07-20,26,0
plum,2026-07-20,27,0
plum,2026-07-20,28,0
plum,2026-07-20,29,0
plum,2026-07-20,30,0
plum,2026-07-20,31,0
plum,2026-07-20,32,0
plum,2026-07-20,33,0
plum,2026-07-20,34,0
plum,2026-07-20,35,0
plum,2026-07-20,36,0
plum,2026-07-20,37,0
plum,2026-07-20,38,0
plum,2026-07-20,39,2
plum,2026-07-20,40,0
plum,2026-07-20,41,0
plum,2026-07-20,42,0
plum,2026-07-20,43,0
plum,2026-07-20,44,0
plum,2026-07-20,45,0
plum,2026-07-20,46,0
plum,2026-07-20,47,0
plum,2026-07-21,0,0
plum,2026-07-21,1,0
plum,2026-07-21,2,0
plum,2026-07-21,3,0
plum,2026-07-21,4,0
plum,2026-07-21,5,0
plum,2026-07-21,6,0
plum,2026-07-21,7,0
plum,2026-07-21,8,0
plum,2026-07-21,9,0
plum,2026-07-21,10,0
plum,2026-07-21,11,0
plum,2026-07-21,12,0
plum,2026-07-21,13,0
plum,2026-07-21,14,0
plum,2026-07-21,15,0
plum,2026-07-21,16,2
plum,2026-07-21,17,0
plum,2026-07-21,18,0
plum,2026-07-21,19,0
plum,2026-07-21,20,0
plum,2026-07-21,21,0
plum,2026-07-21,22,0
plum,2026-07-21,23,0
plum,2026-07-21,24,0
plum,2026-07-21,25,0
plum,2026-07-21,26,0
plum,2026-07-21,27,0
plum,2026-07-21,28,0
plum,2026-07-21,29,0
plum,2026-07-21,30,1
plum,2026-07-21,31,0
plum,2026-07-21,32,0
plum,2026-07-21,33,0
plum,2026-07-21,34,0
plum,2026-07-21,35,0
plum,2026-07-21,36,0
plum,2026-07-21,37,0
plum,2026-07-21,38,0
plum,2026-07-21,39,0
plum,2026-07-21,40,0
plum,2026-07-21,41,0
plum,2026-07-21,42,3
plum,2026-07-21,43,1
plum,2026-07-21,44,0
plum,2026-07-21,45,0
plum,2026-07-21,46,0
plum,2026-07-21,47,0
plum,2026-07-22,0,0
plum,2026-07-22,1,0
plum,2026-07-22,2,0
plum,2026-07-22,3,0
plum,2026-07-22,4,0
plum,2026-07-22,5,0
plum,2026-07-22,6,0
plum,2026-07-22,7,0
plum,2026-07-22,8,0
plum,2026-07-22,9,0
plum,2026-07-22,10,0
plum,2026-07-22,11,0
plum,2026-07-22,12,0
plum,2026-07-22,13,0
plum,2026-07-22,14,0
plum,2026-07-22,15,0
plum,2026-07-22,16,0
plum,2026-07-22,17,0
plum,2026-07-22,18,0
plum,2026-07-22,19,1
plum,2026-07-22,20,0
plum,2026-07-22,21,0
plum,2026-07-22,22,0
plum,2026-07-22,23,0
plum,2026-07-22,24,0
plum,2026-07-22,25,0
plum,2026-07-22,26,0
plum,2026-07-22,27,0
plum,2026-07-22,28,0
plum,2026-07-22,29,0
plum,2026-07-22,30,0
plum,2026-07-22,31,0
plum,2026-07-22,32,0
plum,2026-07-22,33,0
plum,2026-07-22,34,0
plum,2026-07-22,35,0
plum,2026-07-22,36,0
plum,2026-07-22,37,0
plum,2026-07-22,38,0
plum,2026-07-22,39,0
plum,2026-07-22,40,0
plum,2026-07-22,41,0
plum,2026-07-22,42,0
plum,2026-07-22,43,0
plum,2026-07-22,44,0
plum,2026-07-22,45,0
plum,2026-07-22,46,1
plum,2026-07-22,47,0
plum,2026-07-23,0,0
plum,2026-07-23,1,0
plum,2026-07-23,2,0
plum,2026-07-23,3,0
plum,2026-07-23,4,0
plum,2026-07-23,5,0
plum,2026-07-23,6,0
plum,2026-07-23,7,0
plum,2026-07-23,8,0
plum,2026-07-23,9,0
plum,2026-07-23,10,0
plum,2026-07-23,11,0
plum,2026-07-23,12,0
plum,2026-07-23,13,0
plum,2026-07-23,14,0
plum,2026-07-23,15,0
plum,2026-07-23,16,0
plum,2026-07-23,17,0
plum,2026-07-23,18,0
plum,2026-07-23,19,0
plum,2026-07-23,20,0
plum,2026-07-23,21,0
plum,2026-07-23,22,0
plum,2026-07-23,23,0
plum,2026-07-23,24,1
plum,2026-07-23,25,0
plum,2026-07-23,26,0
plum,2026-07-23,27,0
plum,2026-07-23,28,0
plum,2026-07-23,29,0
plum,2026-07-23,30,0
plum,2026-07-23,31,0
plum,2026-07-23,32,0
plum,2026-07-23,33,0
plum,2026-07-23,34,0
plum,2026-07-23,35,0
plum,2026-07-23,36,0
plum,2026-07-23,37,0
plum,2026-07-23,38,0
plum,2026-07-23,39,0
plum,2026-07-23,40,0
plum,2026-07-23,41,0
plum,2026-07-23,42,0
plum,2026-07-23,43,0
plum,2026-07-23,44,0
plum,2026-07-23,45,0
plum,2026-07-23,46,0
plum,2026-07-23,47,0
plum,2026-07-24,0,0
plum,2026-07-24,1,0
plum,2026-07-24,2,0
plum,2026-07-24,3,0
plum,2026-07-24,4,0
plum,2026-07-24,5,0
plum,2026-07-24,6,0
plum,2026-07-24,7,0
plum,2026-07-24,8,0
plum,2026-07-24,9,0
plum,2026-07-24,10,0
plum,2026-07-24,11,0
plum,2026-07-24,12,0
plum,2026-07-24,13,0
plum,2026-07-24,14,0
plum,2026-07-24,15,1
plum,2026-07-24,16,0
plum,2026-07-24,17,0
plum,2026-07-24,18,0
plum,2026-07-24,19,0
plum,2026-07-24,20,1
plum,2026-07-24,21,0
plum,2026-07-24,22,0
plum,2026-07-24,23,0
plum,2026-07-24,24,0
plum,2026-07-24,25,0
plum,2026-07-24,26,0
plum,2026-07-24,27,1
plum,2026-07-24,28,0
plum,2026-07-24,29,0
plum,2026-07-24,30,0
plum,2026-07-24,31,0
plum,2026-07-24,32,0
plum,2026-07-24,33,0
plum,2026-07-24,34,0
plum,2026-07-24,35,0
plum,2026-07-24,36,0
plum,2026-07-24,37,0
plum,2026-07-24,38,1
plum,2026-07-24,39,0
plum,2026-07-24,40,0
plum,2026-07-24,41,1
plum,2026-07-24,42,0
plum,2026-07-24,43,0
plum,2026-07-24,44,0
plum,2026-07-24,45,0
plum,2026-07-24,46,0
plum,2026-07-24,47,0
plum,2026-07-25,0,0
plum,2026-07-25,1,0
plum,2026-07-25,2,0
plum,2026-07-25,3,0
plum,2026-07-25,4,0
plum,2026-07-25,5,0
plum,2026-07-25,6,0
plum,2026-07-25,7,0
plum,2026-07-25,8,0
plum,2026-07-25,9,0
plum,2026-07-25,10,0
plum,2026-07-25,11,0
plum,2026-07-25,12,0
plum,2026-07-25,13,0
plum,2026-07-25,14,0
plum,2026-07-25,15,0
plum,2026-07-25,16,0
plum,2026-07-25,17,0
plum,2026-07-25,18,1
plum,2026-07-25,19,0
plum,2026-07-25,20,0
plum,2026-07-25,21,0
plum,2026-07-25,22,0
plum,2026-07-25,23,0
plum,2026-07-25,24,0
plum,2026-07-25,25,0
plum,2026-07-25,26,0
plum,2026-07-25,27,0
plum,2026-07-25,28,0
plum,2026-07-25,29,0
plum,2026-07-25,30,0
plum,2026-07-25,31,0
plum,2026-07-25,32,0
plum,2026-07-25,33,0
plum,2026-07-25,34,0
plum,2026-07-25,35,0
plum,2026-07-25,36,1
plum,2026-07-25,37,0
plum,2026-07-25,38,0
plum,2026-07-25,39,0
plum,2026-07-25,40,0
plum,2026-07-25,41,3
plum,2026-07-25,42,0
plum,2026-07-25,43,0
plum,2026-07-25,44,0
plum,2026-07-25,45,0
plum,2026-07-25,46,0
plum,2026-07-25,47,0
plum,2026-07-26,0,0
plum,2026-07-26,1,0
plum,2026-07-26,2,0
plum,2026-07-26,3,0
plum,2026-07-26,4,0
plum,2026-07-26,5,0
plum,2026-07-26,6,0
plum,2026-07-26,7,0
plum,2026-07-26,8,0
plum,2026-07-26,9,0
plum,2026-07-26,10,0
plum,2026-07-26,11,0
plum,2026-07-26,12,0
plum,2026-07-26,13,0
plum,2026-07-26,14,0
plum,2026-07-26,15,0
plum,2026-07-26,16,0
plum,2026-07-26,17,0
plum,2026-07-26,18,0
plum,2026-07-26,19,0
plum,2026-07-26,20,0
plum,2026-07-26,21,0
plum,2026-07-26,22,1
plum,2026-07-26,23,0
plum,2026-07-26,24,0
plum,2026-07-26,25,0
plum,2026-07-26,26,0
plum,2026-07-26,27,0
plum,2026-07-26,28,0
plum,2026-07-26,29,0
plum,2026-07-26,30,0
plum,2026-07-26,31,0
plum,2026-07-26,32,0
plum,2026-07-26,33,0
plum,2026-07-26,34,0
plum,2026-07-26,35,0
plum,2026-07-26,36,0
plum,2026-07-26,37,2
plum,2026-07-26,38,0
plum,2026-07-26,39,0
plum,2026-07-26,40,0
plum,2026-07-26,41,0
plum,2026-07-26,42,1
plum,2026-07-26,43,0
plum,2026-07-26,44,0
plum,2026-07-26,45,0
plum,2026-07-26,46,0
plum,2026-07-26,47,0
plum,2026-07-27,0,0
plum,2026-07-27,1,0
plum,2026-07-27,2,0
plum,2026-07-27,3,0
plum,2026-07-27,4,0
plum,2026-07-27,5,0
plum,2026-07-27,6,0
plum,2026-07-27,7,0
plum,2026-07-27,8,0
plum,2026-07-27,9,0
plum,2026-07-27,10,0
plum,2026-07-27,11,1
plum,2026-07-27,12,0
plum,2026-07-27,13,0
plum,2026-07-27,14,0
plum,2026-07-27,15,0
plum,2026-07-27,16,0
plum,2026-07-27,17,0
plum,2026-07-27,18,0
plum,2026-07-27,19,0
plum,2026-07-27,20,0
plum,2026-07-27,21,0
plum,2026-07-27,22,0
plum,2026-07-27,23,0
plum,2026-07-27,24,0
plum,2026-07-27,25,0
plum,2026-07-27,26,0
plum,2026-07-27,27,0
plum,2026-07-27,28,0
plum,2026-07-27,29,0
plum,2026-07-27,30,0
plum,2026-07-27,31,0
plum,2026-07-27,32,0
plum,2026-07-27,33,8
plum,2026-07-27,34,0
plum,2026-07-27,35,0
plum,2026-07-27,36,0
plum,2026-07-27,37,0
plum,2026-07-27,38,0
plum,2026-07-27,39,0
plum,2026-07-27,40,0
plum,2026-07-27,41,0
plum,2026-07-27,42,0
plum,2026-07-27,43,0
plum,2026-07-27,44,0
plum,2026-07-27,45,0
plum,2026-07-27,46,0
plum,2026-07-27,47,0
plum,2026-07-28,0,0
plum,2026-07-28,1,1
plum,2026-07-28,2,0
plum,2026-07-28,3,0
plum,2026-07-28,4,0
plum,2026-07-28,5,0
plum,2026-07-28,6,0
plum,2026-07-28,7,0
plum,2026-07-28,8,0
plum,2026-07-28,9,0
plum,2026-07-28,10,0
plum,2026-07-28,11,0
plum,2026-07-28,12,0
plum,2026-07-28,13,1
plum,2026-07-28,14,0
plum,2026-07-28,15,1
plum,2026-07-28,16,2
plum,2026-07-28,17,0
plum,2026-07-28,18,0
plum,2026-07-28,19,1
plum,2026-07-28,20,0
plum,2026-07-28,21,0
plum,2026-07-28,22,0
plum,2026-07-28,23,0
plum,2026-07-28,24,0
plum,2026-07-28,25,0
plum,2026-07-28,26,0
plum,2026-07-28,27,0
plum,2026-07-28,28,0
plum,2026-07-28,29,0
plum,2026-07-28,30,0
plum,2026-07-28,31,0
plum,2026-07-28,32,0
plum,2026-07-28,33,0
plum,2026-07-28,34,0
plum,2026-07-28,35,0
plum,2026-07-28,36,0
plum,2026-07-28,37,0
plum,2026-07-28,38,0
plum,2026-07-28,39,0
plum,2026-07-28,40,0
plum,2026-07-28,41,1
plum,2026-07-28,42,0
plum,2026-07-28,43,0
plum,2026-07-28,44,1
plum,2026-07-28,45,0
plum,2026-07-28,46,0
plum,2026-07-28,47,0
plum,2026-07-29,0,0
plum,2026-07-29,1,0
plum,2026-07-29,2,0
plum,2026-07-29,3,0
plum,2026-07-29,4,0
plum,2026-07-29,5,0
plum,2026-07-29,6,0
plum,2026-07-29,7,0
plum,2026-07-29,8,0
plum,2026-07-29,9,0
plum,2026-07-29,10,0
plum,2026-07-29,11,0
plum,2026-07-29,12,0
plum,2026-07-29,13,0
plum,2026-07-29,14,0
plum,2026-07-29,15,0
plum,2026-07-29,16,0
plum,2026-07-29,17,0
plum,2026-07-29,18,0
plum,2026-07-29,19,1
plum,2026-07-29,20,0
plum,2026-07-29,21,0
plum,2026-07-29,22,0
plum,2026-07-29,23,0
plum,2026-07-29,24,0
plum,2026-07-29,25,0
plum,2026-07-29,26,0
plum,2026-07-29,27,0
plum,2026-07-29,28,0
plum,2026-07-29,29,0
plum,2026-07-29,30,0
plum,2026-07-29,31,0
plum,2026-07-29,32,0
plum,2026-07-29,33,0
plum,2026-07-29,34,0
plum,2026-07-29,35,0
plum,2026-07-29,36,0
plum,2026-07-29,37,0
plum,2026-07-29,38,1
plum,2026-07-29,39,0
plum,2026-07-29,40,0
plum,2026-07-29,41,0
plum,2026-07-29,42,1
plum,2026-07-29,43,0
plum,2026-07-29,44,0
plum,2026-07-29,45,0
plum,2026-07-29,46,0
plum,2026-07-29,47,0
plum,2026-07-30,0,0
plum,2026-07-30,1,0
plum,2026-07-30,2,0
plum,2026-07-30,3,0
plum,2026-07-30,4,0
plum,2026-07-30,5,0
plum,2026-07-30,6,0
plum,2026-07-30,7,0
plum,2026-07-30,8,0
plum,2026-07-30,9,0
plum,2026-07-30,10,0
plum,2026-07-30,11,0
plum,2026-07-30,12,0
plum,2026-07-30,13,0
plum,2026-07-30,14,0
plum,2026-07-30,15,0
plum,2026-07-30,16,0
plum,2026-07-30,17,0
plum,2026-07-30,18,0
plum,2026-07-30,19,0
plum,2026-07-30,20,0
plum,2026-07-30,21,0
plum,2026-07-30,22,0
plum,2026-07-30,23,1
plum,2026-07-30,24,0
plum,2026-07-30,25,0
plum,2026-07-30,26,0
plum,2026-07-30,27,0
plum,2026-07-30,28,0
plum,2026-07-30,29,0
plum,2026-07-30,30,0
plum,2026-07-30,31,0
plum,2026-07-30,32,0
plum,2026-07-30,33,0
plum,2026-07-30,34,0
plum,2026-07-30,35,1
plum,2026-07-30,36,0
plum,2026-07-30,37,0
plum,2026-07-30,38,0
plum,2026-07-30,39,0
plum,2026-07-30,40,0
plum,2026-07-30,41,0
plum,2026-07-30,42,0
plum,2026-07-30,43,1
plum,2026-07-30,44,1
plum,2026-07-30,45,1
plum,2026-07-30,46,0
plum,2026-07-30,47,0
plum,2026-07-31,0,0
plum,2026-07-31,1,0
plum,2026-07-31,2,0
plum,2026-07-31,3,0
plum,2026-07-31,4,0
plum,2026-07-31,5,0
plum,2026-07-31,6,0
plum,2026-07-31,7,0
plum,2026-07-31,8,0
plum,2026-07-31,9,0
plum,2026-07-31,10,0
plum,2026-07-31,11,0
plum,2026-07-31,12,0
plum,2026-07-31,13,0
plum,2026-07-31,14,0
plum,2026-07-31,15,0
plum,2026-07-31,16,0
plum,2026-07-31,17,0
plum,2026-07-31,18,1
plum,2026-07-31,19,0
plum,2026-07-31,20,0
plum,2026-07-31,21,0
plum,2026-07-31,22,0
plum,2026-07-31,23,0
plum,2026-07-31,24,0
plum,2026-07-31,25,0
plum,2026-07-31,26,0
plum,2026-07-31,27,0
plum,2026-07-31,28,0
plum,2026-07-31,29,0
plum,2026-07-31,30,0
plum,2026-07-31,31,0
plum,2026-07-31,32,0
plum,2026-07-31,33,0
plum,2026-07-31,34,0
plum,2026-07-31,35,0
plum,2026-07-31,36,0
plum,2026-07-31,37,0
plum,2026-07-31,38,0
plum,2026-07-31,39,0
plum,2026-07-31,40,0
plum,2026-07-31,41,0
plum,2026-07-31,42,2
plum,2026-07-31,43,0
plum,2026-07-31,44,0
plum,2026-07-31,45,2
plum,2026-07-31,46,0
plum,2026-07-31,47,0
plum,2026-08-01,0,0
plum,2026-08-01,1,0
plum,2026-08-01,2,0
plum,2026-08-01,3,0
plum,2026-08-01,4,0
plum,2026-08-01,5,0
plum,2026-08-01,6,0
plum,2026-08-01,7,0
plum,2026-08-01,8,0
plum,2026-08-01,9,0
plum,2026-08-01,10,0
plum,2026-08-01,11,0
plum,2026-08-01,12,0
plum,2026-08-01,13,1
plum,2026-08-01,14,0
plum,2026-08-01,15,0
plum,2026-08-01,16,0
plum,2026-08-01,17,0
plum,2026-08-01,18,0
plum,2026-08-01,19,0
plum,2026-08-01,20,1
plum,2026-08-01,21,0
plum,2026-08-01,22,1
plum,2026-08-01,23,0
plum,2026-08-01,24,0
plum,2026-08-01,25,0
plum,2026-08-01,26,0
plum,2026-08-01,27,0
plum,2026-08-01,28,0
plum,2026-08-01,29,0
plum,2026-08-01,30,0
plum,2026-08-01,31,0
plum,2026-08-01,32,0
plum,2026-08-01,33,0
plum,2026-08-01,34,0
plum,2026-08-01,35,0
plum,2026-08-01,36,0
plum,2026-08-01,37,0
plum,2026-08-01,38,0
plum,2026-08-01,39,0
plum,2026-08-01,40,0
plum,2026-08-01,41,0
plum,2026-08-01,42,0
plum,2026-08-01,43,4
plum,2026-08-01,44,0
plum,2026-08-01,45,0
plum,2026-08-01,46,0
plum,2026-08-01,47,0
plum,2026-08-02,0,0
plum,2026-08-02,1,0
plum,2026-08-02,2,0
plum,2026-08-02,3,0
plum,2026-08-02,4,0
plum,2026-08-02,5,0
plum,2026-08-02,6,0
plum,2026-08-02,7,0
plum,2026-08-02,8,0
plum,2026-08-02,9,0
plum,2026-08-02,10,0
plum,2026-08-02,11,0
plum,2026-08-02,12,0
plum,2026-08-02,13,0
plum,2026-08-02,14,0
plum,2026-08-02,15,0
plum,2026-08-02,16,2
plum,2026-08-02,17,0
plum,2026-08-02,18,0
plum,2026-08-02,19,0
plum,2026-08-02,20,0
plum,2026-08-02,21,0
plum,2026-08-02,22,0
plum,2026-08-02,23,0
plum,2026-08-02,24,0
plum,2026-08-02,25,0
plum,2026-08-02,26,0
plum,2026-08-02,27,0
plum,2026-08-02,28,0
plum,2026-08-02,29,0
plum,2026-08-02,30,0
plum,2026-08-02,31,0
plum,2026-08-02,32,0
plum,2026-08-02,33,0
plum,2026-08-02,34,3
plum,2026-08-02,35,0
plum,2026-08-02,36,0
plum,2026-08-02,37,0
plum,2026-08-02,38,0
plum,2026-08-02,39,0
plum,2026-08-02,40,0
plum,2026-08-02,41,0
plum,2026-08-02,42,0
plum,2026-08-02,43,0
plum,2026-08-02,44,0
plum,2026-08-02,45,0
plum,2026-08-02,46,0
plum,2026-08-02,47,0
plum,2026-08-03,0,0
plum,2026-08-03,1,0
plum,2026-08-03,2,0
plum,2026-08-03,3,0
plum,2026-08-03,4,0
plum,2026-08-03,5,0
plum,2026-08-03,6,0
plum,2026-08-03,7,0
plum,2026-08-03,8,0
plum,2026-08-03,9,0
plum,2026-08-03,10,0
plum,2026-08-03,11,0
plum,2026-08-03,12,0
plum,2026-08-03,13,1
plum,2026-08-03,14,0
plum,2026-08-03,15,0
plum,2026-08-03,16,0
plum,2026-08-03,17,0
plum,2026-08-03,18,1
plum,2026-08-03,19,0
plum,2026-08-03,20,0
plum,2026-08-03,21,0
plum,2026-08-03,22,1
plum,2026-08-03,23,0
plum,2026-08-03,24,0
plum,2026-08-03,25,0
plum,2026-08-03,26,0
plum,2026-08-03,27,0
plum,2026-08-03,28,0
plum,2026-08-03,29,0
plum,2026-08-03,30,0
plum,2026-08-03,31,0
plum,2026-08-03,32,0
plum,2026-08-03,33,0
plum,2026-08-03,34,0
plum,2026-08-03,35,0
plum,2026-08-03,36,0
plum,2026-08-03,37,0
plum,2026-08-03,38,0
plum,2026-08-03,39,0
plum,2026-08-03,40,0
plum,2026-08-03,41,0
plum,2026-08-03,42,0
plum,2026-08-03,43,0
plum,2026-08-03,44,0
plum,2026-08-03,45,0
plum,2026-08-03,46,0
plum,2026-08-03,47,0
plum,2026-08-04,0,0
plum,2026-08-04,1,0
plum,2026-08-04,2,0
plum,2026-08-04,3,0
plum,2026-08-04,4,0
plum,2026-08-04,5,0
plum,2026-08-04,6,0
plum,2026-08-04,7,0
plum,2026-08-04,8,0
plum,2026-08-04,9,0
plum,2026-08-04,10,0
plum,2026-08-04,11,0
plum,2026-08-04,12,0
plum,2026-08-04,13,0
plum,2026-08-04,14,0
plum,2026-08-04,15,0
plum,2026-08-04,16,0
plum,2026-08-04,17,0
plum,2026-08-04,18,0
plum,2026-08-04,19,0
plum,2026-08-04,20,0
plum,2026-08-04,21,0
plum,2026-08-04,22,0
plum,2026-08-04,23,0
plum,2026-08-04,24,0
plum,2026-08-04,25,0
plum,2026-08-04,26,0
plum,2026-08-04,27,1
plum,2026-08-04,28,0
plum,2026-08-04,29,0
plum,2026-08-04,30,0
plum,2026-08-04,31,0
plum,2026-08-04,32,0
plum,2026-08-04,33,0
plum,2026-08-04,34,0
plum,2026-08-04,35,0
plum,2026-08-04,36,0
plum,2026-08-04,37,0
plum,2026-08-04,38,0
plum,2026-08-04,39,0
plum,2026-08-04,40,0
plum,2026-08-04,41,0
plum,2026-08-04,42,0
plum,2026-08-04,43,0
plum,2026-08-04,44,1
plum,2026-08-04,45,0
plum,2026-08-04,46,0
plum,2026-08-04,47,0
plum,2026-08-05,0,0
plum,2026-08-05,1,0
plum,2026-08-05,2,0
plum,2026-08-05,3,0
plum,2026-08-05,4,0
plum,2026-08-05,5,0
plum,2026-08-05,6,0
plum,2026-08-05,7,0
plum,2026-08-05,8,0
plum,2026-08-05,9,0
plum,2026-08-05,10,0
plum,2026-08-05,11,0
plum,2026-08-05,12,0
plum,2026-08-05,13,0
plum,2026-08-05,14,0
plum,2026-08-05,15,1
plum,2026-08-05,16,0
plum,2026-08-05,17,0
plum,2026-08-05,18,0
plum,2026-08-05,19,0
plum,2026-08-05,20,0
plum,2026-08-05,21,2
plum,2026-08-05,22,0
plum,2026-08-05,23,0
plum,2026-08-05,24,0
plum,2026-08-05,25,0
plum,2026-08-05,26,0
plum,2026-08-05,27,0
plum,2026-08-05,28,0
plum,2026-08-05,29,0
plum,2026-08-05,30,0
plum,2026-08-05,31,0
plum,2026-08-05,32,0
plum,2026-08-05,33,0
plum,2026-08-05,34,0
plum,2026-08-05,35,1
plum,2026-08-05,36,0
plum,2026-08-05,37,0
plum,2026-08-05,38,0
plum,2026-08-05,39,0
plum,2026-08-05,40,0
plum,2026-08-05,41,0
plum,2026-08-05,42,0
plum,2026-08-05,43,0
plum,2026-08-05,44,0
plum,2026-08-05,45,0
plum,2026-08-05,46,0
plum,2026-08-05,47,0
plum,2026-08-06,0,0
plum,2026-08-06,1,0
plum,2026-08-06,2,0
plum,2026-08-06,3,0
plum,2026-08-06,4,0
plum,2026-08-06,5,0
plum,2026-08-06,6,0
plum,2026-08-06,7,0
plum,2026-08-06,8,0
plum,2026-08-06,9,0
plum,2026-08-06,10,0
plum,2026-08-06,11,0
plum,2026-08-06,12,0
plum,2026-08-06,13,0
plum,2026-08-06,14,0
plum,2026-08-06,15,0
plum,2026-08-06,16,0
plum,2026-08-06,17,0
plum,2026-08-06,18,5
plum,2026-08-06,19,0
plum,2026-08-06,20,0
plum,2026-08-06,21,1
plum,2026-08-06,22,1
plum,2026-08-06,23,0
plum,2026-08-06,24,0
plum,2026-08-06,25,0
plum,2026-08-06,26,0
plum,2026-08-06,27,0
plum,2026-08-06,28,0
plum,2026-08-06,29,0
plum,2026-08-06,30,0
plum,2026-08-06,31,0
plum,2026-08-06,32,0
plum,2026-08-06,33,0
plum,2026-08-06,34,0
plum,2026-08-06,35,0
plum,2026-08-06,36,1
plum,2026-08-06,37,0
plum,2026-08-06,38,0
plum,2026-08-06,39,0
plum,2026-08-06,40,0
plum,2026-08-06,41,0
plum,2026-08-06,42,0
plum,2026-08-06,43,0
plum,2026-08-06,44,0
plum,2026-08-06,45,0
plum,2026-08-06,46,1
plum,2026-08-06,47,0
plum,2026-08-07,0,0
plum,2026-08-07,1,0
plum,2026-08-07,2,0
plum,2026-08-07,3,0
plum,2026-08-07,4,0
plum,2026-08-07,5,0
plum,2026-08-07,6,0
plum,2026-08-07,7,0
plum,2026-08-07,8,0
plum,2026-08-07,9,0
plum,2026-08-07,10,0
plum,2026-08-07,11,0
plum,2026-08-07,12,0
plum,2026-08-07,13,0
plum,2026-08-07,14,0
plum,2026-08-07,15,0
plum,2026-08-07,16,0
plum,2026-08-07,17,0
plum,2026-08-07,18,0
plum,2026-08-07,19,0
plum,2026-08-07,20,0
plum,2026-08-07,21,0
plum,2026-08-07,22,0
plum,2026-08-07,23,0
plum,2026-08-07,24,0
plum,2026-08-07,25,0
plum,2026-08-07,26,0
plum,2026-08-07,27,0
plum,2026-08-07,28,0
plum,2026-08-07,29,0
plum,2026-08-07,30,0
plum,2026-08-07,31,0
plum,2026-08-07,32,0
plum,2026-08-07,33,0
plum,2026-08-07,34,0
plum,2026-08-07,35,0
plum,2026-08-07,36,0
plum,2026-08-07,37,0
plum,2026-08-07,38,0
plum,2026-08-07,39,0
plum,2026-08-07,40,0
plum,2026-08-07,41,0
plum,2026-08-07,42,0
plum,2026-08-07,43,1
plum,2026-08-07,44,0
plum,2026-08-07,45,0
plum,2026-08-07,46,0
plum,2026-08-07,47,0
plum,2026-08-08,0,0
plum,2026-08-08,1,0
plum,2026-08-08,2,0
plum,2026-08-08,3,0
plum,2026-08-08,4,0
plum,2026-08-08,5,0
plum,2026-08-08,6,0
plum,2026-08-08,7,0
plum,2026-08-08,8,0
plum,2026-08-08,9,0
plum,2026-08-08,10,0
plum,2026-08-08,11,0
plum,2026-08-08,12,0
plum,2026-08-08,13,0
plum,2026-08-08,14,0
plum,2026-08-08,15,0
plum,2026-08-08,16,0
plum,2026-08-08,17,0
plum,2026-08-08,18,0
plum,2026-08-08,19,0
plum,2026-08-08,20,0
plum,2026-08-08,21,0
plum,2026-08-08,22,0
plum,2026-08-08,23,0
plum,2026-08-08,24,0
plum,2026-08-08,25,1
plum,2026-08-08,26,0
plum,2026-08-08,27,0
plum,2026-08-08,28,0
plum,2026-08-08,29,0
plum,2026-08-08,30,0
plum,2026-08-08,31,0
plum,2026-08-08,32,0
plum,2026-08-08,33,0
plum,2026-08-08,34,0
plum,2026-08-08,35,0
plum,2026-08-08,36,0
plum,2026-08-08,37,0
plum,2026-08-08,38,0
plum,2026-08-08,39,0
plum,2026-08-08,40,0
plum,2026-08-08,41,0
plum,2026-08-08,42,0
plum,2026-08-08,43,0
plum,2026-08-08,44,1
plum,2026-08-08,45,0
plum,2026-08-08,46,0
plum,2026-08-08,47,0
plum,2026-08-09,0,0
plum,2026-08-09,1,1
plum,2026-08-09,2,0
plum,2026-08-09,3,0
plum,2026-08-09,4,0
plum,2026-08-09,5,0
plum,2026-08-09,6,0
plum,2026-08-09,7,0
plum,2026-08-09,8,0
plum,2026-08-09,9,0
plum,2026-08-09,10,0
plum,2026-08-09,11,0
plum,2026-08-09,12,0
plum,2026-08-09,13,0
plum,2026-08-09,14,0
plum,2026-08-09,15,0
plum,2026-08-09,16,1
plum,2026-08-09,17,0
plum,2026-08-09,18,0
plum,2026-08-09,19,0
plum,2026-08-09,20,0
plum,2026-08-09,21,1
plum,2026-08-09,22,0
plum,2026-08-09,23,0
plum,2026-08-09,24,1
plum,2026-08-09,25,0
plum,2026-08-09,26,0
plum,2026-08-09,27,0
plum,2026-08-09,28,0
plum,2026-08-09,29,0
plum,2026-08-09,30,0
plum,2026-08-09,31,0
plum,2026-08-09,32,0
plum,2026-08-09,33,0
plum,2026-08-09,34,0
plum,2026-08-09,35,0
plum,2026-08-09,36,0
plum,2026-08-09,37,0
plum,2026-08-09,38,2
plum,2026-08-09,39,0
plum,2026-08-09,40,0
plum,2026-08-09,41,0
plum,2026-08-09,42,0
plum,2026-08-09,43,0
plum,2026-08-09,44,0
plum,2026-08-09,45,0
plum,2026-08-09,46,0
plum,2026-08-09,47,0
plum,2026-08-10,0,0
plum,2026-08-10,1,0
plum,2026-08-10,2,0
plum,2026-08-10,3,0
plum,2026-08-10,4,0
plum,2026-08-10,5,0
plum,2026-08-10,6,0
plum,2026-08-10,7,0
plum,2026-08-10,8,0
plum,2026-08-10,9,0
plum,2026-08-10,10,0
plum,2026-08-10,11,0
plum,2026-08-10,12,0
plum,2026-08-10,13,0
plum,2026-08-10,14,0
plum,2026-08-10,15,0
plum,2026-08-10,16,0
plum,2026-08-10,17,0
plum,2026-08-10,18,0
plum,2026-08-10,19,1
plum,2026-08-10,20,0
plum,2026-08-10,21,0
plum,2026-08-10,22,0
plum,2026-08-10,23,1
plum,2026-08-10,24,1
plum,2026-08-10,25,0
plum,2026-08-10,26,0
plum,2026-08-10,27,0
plum,2026-08-10,28,0
plum,2026-08-10,29,0
plum,2026-08-10,30,0
plum,2026-08-10,31,0
plum,2026-08-10,32,0
plum,2026-08-10,33,0
plum,2026-08-10,34,0
plum,2026-08-10,35,0
plum,2026-08-10,36,0
plum,2026-08-10,37,0
plum,2026-08-10,38,0
plum,2026-08-10,39,0
plum,2026-08-10,40,0
plum,2026-08-10,41,0
plum,2026-08-10,42,0
plum,2026-08-10,43,0
plum,2026-08-10,44,0
plum,2026-08-10,45,0
plum,2026-08-10,46,0
plum,2026-08-10,47,0
plum,2026-08-11,0,0
plum,2026-08-11,1,0
plum,2026-08-11,2,0
plum,2026-08-11,3,0
plum,2026-08-11,4,0
plum,2026-08-11,5,0
plum,2026-08-11,6,0
plum,2026-08-11,7,0
plum,2026-08-11,8,0
plum,2026-08-11,9,0
plum,2026-08-11,10,0
plum,2026-08-11,11,0
plum,2026-08-11,12,0
plum,2026-08-11,13,0
plum,2026-08-11,14,0
plum,2026-08-11,15,0
plum,2026-08-11,16,0
plum,2026-08-11,17,0
plum,2026-08-11,18,1
plum,2026-08-11,19,2
plum,2026-08-11,20,0
plum,2026-08-11,21,1
plum,2026-08-11,22,0
plum,2026-08-11,23,1
plum,2026-08-11,24,0
plum,2026-08-11,25,0
plum,2026-08-11,26,0
plum,2026-08-11,27,0
plum,2026-08-11,28,0
plum,2026-08-11,29,0
plum,2026-08-11,30,0
plum,2026-08-11,31,0
plum,2026-08-11,32,0
plum,2026-08-11,33,0
plum,2026-08-11,34,1
plum,2026-08-11,35,0
plum,2026-08-11,36,1
plum,2026-08-11,37,0
plum,2026-08-11,38,0
plum,2026-08-11,39,0
plum,2026-08-11,40,0
plum,2026-08-11,41,0
plum,2026-08-11,42,0
plum,2026-08-11,43,0
plum,2026-08-11,44,0
plum,2026-08-11,45,0
plum,2026-08-11,46,0
plum,2026-08-11,47,0
plum,2026-08-12,0,0
plum,2026-08-12,1,0
plum,2026-08-12,2,0
plum,2026-08-12,3,0
plum,2026-08-12,4,0
plum,2026-08-12,5,0
plum,2026-08-12,6,0
plum,2026-08-12,7,0
plum,2026-08-12,8,0
plum,2026-08-12,9,0
plum,2026-08-12,10,0
plum,2026-08-12,11,0
plum,2026-08-12,12,0
plum,2026-08-12,13,0
plum,2026-08-12,14,0
plum,2026-08-12,15,0
plum,2026-08-12,16,1
plum,2026-08-12,17,0
plum,2026-08-12,18,0
plum,2026-08-12,19,0
plum,2026-08-12,20,0
plum,2026-08-12,21,1
plum,2026-08-12,22,0
plum,2026-08-12,23,0
plum,2026-08-12,24,0
plum,2026-08-12,25,0
plum,2026-08-12,26,0
plum,2026-08-12,27,0
plum,2026-08-12,28,0
plum,2026-08-12,29,0
plum,2026-08-12,30,2
plum,2026-08-12,31,0
plum,2026-08-12,32,0
plum,2026-08-12,33,0
plum,2026-08-12,34,0
plum,2026-08-12,35,0
plum,2026-08-12,36,0
plum,2026-08-12,37,0
plum,2026-08-12,38,0
plum,2026-08-12,39,0
plum,2026-08-12,40,0
plum,2026-08-12,41,0
plum,2026-08-12,42,0
plum,2026-08-12,43,0
plum,2026-08-12,44,0
plum,2026-08-12,45,0
plum,2026-08-12,46,0
plum,2026-08-12,47,0
plum,2026-08-13,0,0
plum,2026-08-13,1,0
plum,2026-08-13,2,0
plum,2026-08-13,3,0
plum,2026-08-13,4,0
plum,2026-08-13,5,0
plum,2026-08-13,6,0
plum,2026-08-13,7,0
plum,2026-08-13,8,0
plum,2026-08-13,9,0
plum,2026-08-13,10,0
plum,2026-08-13,11,0
plum,2026-08-13,12,0
plum,2026-08-13,13,0
plum,2026-08-13,14,0
plum,2026-08-13,15,0
plum,2026-08-13,16,1
plum,2026-08-13,17,1
plum,2026-08-13,18,0
plum,2026-08-13,19,0
plum,2026-08-13,20,0
plum,2026-08-13,21,0
plum,2026-08-13,22,0
plum,2026-08-13,23,0
plum,2026-08-13,24,0
plum,2026-08-13,25,0
plum,2026-08-13,26,0
plum,2026-08-13,27,1
plum,2026-08-13,28,0
plum,2026-08-13,29,0
plum,2026-08-13,30,0
plum,2026-08-13,31,0
plum,2026-08-13,32,0
plum,2026-08-13,33,0
plum,2026-08-13,34,0
plum,2026-08-13,35,0
plum,2026-08-13,36,1
plum,2026-08-13,37,0
plum,2026-08-13,38,0
plum,2026-08-13,39,0
plum,2026-08-13,40,0
plum,2026-08-13,41,0
plum,2026-08-13,42,0
plum,2026-08-13,43,0
plum,2026-08-13,44,0
plum,2026-08-13,45,0
plum,2026-08-13,46,0
plum,2026-08-13,47,0
plum,2026-08-14,0,0
plum,2026-08-14,1,0
plum,2026-08-14,2,0
plum,2026-08-14,3,0
plum,2026-08-14,4,0
plum,2026-08-14,5,0
plum,2026-08-14,6,0
plum,2026-08-14,7,0
plum,2026-08-14,8,0
plum,2026-08-14,9,0
plum,2026-08-14,10,0
plum,2026-08-14,11,0
plum,2026-08-14,12,0
plum,2026-08-14,13,0
plum,2026-08-14,14,0
plum,2026-08-14,15,0
plum,2026-08-14,16,0
plum,2026-08-14,17,1
plum,2026-08-14,18,0
plum,2026-08-14,19,0
plum,2026-08-14,20,1
plum,2026-08-14,21,0
plum,2026-08-14,22,0
plum,2026-08-14,23,0
plum,2026-08-14,24,0
plum,2026-08-14,25,0
plum,2026-08-14,26,0
plum,2026-08-14,27,0
plum,2026-08-14,28,0
plum,2026-08-14,29,0
plum,2026-08-14,30,0
plum,2026-08-14,31,1
plum,2026-08-14,32,0
plum,2026-08-14,33,0
plum,2026-08-14,34,0
plum,2026-08-14,35,0
plum,2026-08-14,36,0
plum,2026-08-14,37,0
plum,2026-08-14,38,0
plum,2026-08-14,39,0
plum,2026-08-14,40,0
plum,2026-08-14,41,0
plum,2026-08-14,42,0
plum,2026-08-14,43,0
plum,2026-08-14,44,0
plum,2026-08-14,45,0
plum,2026-08-14,46,0
plum,2026-08-14,47,0
plum,2026-08-15,0,0
plum,2026-08-15,1,0
plum,2026-08-15,2,0
plum,2026-08-15,3,0
plum,2026-08-15,4,0
plum,2026-08-15,5,0
plum,2026-08-15,6,0
plum,2026-08-15,7,0
plum,2026-08-15,8,0
plum,2026-08-15,9,0
plum,2026-08-15,10,0
plum,2026-08-15,11,0
plum,2026-08-15,12,0
plum,2026-08-15,13,0
plum,2026-08-15,14,0
plum,2026-08-15,15,0
plum,2026-08-15,16,0
plum,2026-08-15,17,0
plum,2026-08-15,18,0
plum,2026-08-15,19,0
plum,2026-08-15,20,0
plum,2026-08-15,21,0
plum,2026-08-15,22,0
plum,2026-08-15,23,0
plum,2026-08-15,24,0
plum,2026-08-15,25,0
plum,2026-08-15,26,0
plum,2026-08-15,27,0
plum,2026-08-15,28,0
plum,2026-08-15,29,0
plum,2026-08-15,30,0
plum,2026-08-15,31,1
plum,2026-08-15,32,0
plum,2026-08-15,33,0
plum,2026-08-15,34,0
plum,2026-08-15,35,0
plum,2026-08-15,36,0
plum,2026-08-15,37,0
plum,2026-08-15,38,0
plum,2026-08-15,39,0
plum,2026-08-15,40,0
plum,2026-08-15,41,0
plum,2026-08-15,42,0
plum,2026-08-15,43,0
plum,2026-08-15,44,0
plum,2026-08-15,45,0
plum,2026-08-15,46,1
plum,2026-08-15,47,0
plum,2026-08-16,0,0
plum,2026-08-16,1,0
plum,2026-08-16,2,0
plum,2026-08-16,3,0
plum,2026-08-16,4,0
plum,2026-08-16,5,0
plum,2026-08-16,6,0
plum,2026-08-16,7,0
plum,2026-08-16,8,0
plum,2026-08-16,9,0
plum,2026-08-16,10,0
plum,2026-08-16,11,0
plum,2026-08-16,12,0
plum,2026-08-16,13,0
plum,2026-08-16,14,0
plum,2026-08-16,15,0
plum,2026-08-16,16,0
plum,2026-08-16,17,0
plum,2026-08-16,18,0
plum,2026-08-16,19,0
plum,2026-08-16,20,0
plum,2026-08-16,21,0
plum,2026-08-16,22,0
plum,2026-08-16,23,0
plum,2026-08-16,24,1
plum,2026-08-16,25,0
plum,2026-08-16,26,0
plum,2026-08-16,27,0
plum,2026-08-16,28,0
plum,2026-08-16,29,0
plum,2026-08-16,30,0
plum,2026-08-16,31,0
plum,2026-08-16,32,0
plum,2026-08-16,33,1
plum,2026-08-16,34,0
plum,2026-08-16,35,0
plum,2026-08-16,36,0
plum,2026-08-16,37,0
plum,2026-08-16,38,0
plum,2026-08-16,39,0
plum,2026-08-16,40,0
plum,2026-08-16,41,1
plum,2026-08-16,42,0
plum,2026-08-16,43,0
plum,2026-08-16,44,0
plum,2026-08-16,45,0
plum,2026-08-16,46,0
plum,2026-08-16,47,0
plum,2026-08-17,0,0
plum,2026-08-17,1,0
plum,2026-08-17,2,0
plum,2026-08-17,3,0
plum,2026-08-17,4,0
plum,2026-08-17,5,0
plum,2026-08-17,6,0
plum,2026-08-17,7,0
plum,2026-08-17,8,0
plum,2026-08-17,9,0
plum,2026-08-17,10,0
plum,2026-08-17,11,0
plum,2026-08-17,12,0
plum,2026-08-17,13,0
plum,2026-08-17,14,0
plum,2026-08-17,15,0
plum,2026-08-17,16,0
plum,2026-08-17,17,0
plum,2026-08-17,18,0
plum,2026-08-17,19,0
plum,2026-08-17,20,0
plum,2026-08-17,21,1
plum,2026-08-17,22,0
plum,2026-08-17,23,0
plum,2026-08-17,24,0
plum,2026-08-17,25,0
plum,2026-08-17,26,0
plum,2026-08-17,27,0
plum,2026-08-17,28,0
plum,2026-08-17,29,0
plum,2026-08-17,30,0
plum,2026-08-17,31,0
plum,2026-08-17,32,0
plum,2026-08-17,33,0
plum,2026-08-17,34,0
plum,2026-08-17,35,0
plum,2026-08-17,36,0
plum,2026-08-17,37,0
plum,2026-08-17,38,0
plum,2026-08-17,39,0
plum,2026-08-17,40,0
plum,2026-08-17,41,0
plum,2026-08-17,42,0
plum,2026-08-17,43,0
plum,2026-08-17,44,0
plum,2026-08-17,45,0
plum,2026-08-17,46,0
plum,2026-08-17,47,0
plum,2026-08-18,0,0
plum,2026-08-18,1,0
plum,2026-08-18,2,0
plum,2026-08-18,3,0
plum,2026-08-18,4,0
plum,2026-08-18,5,0
plum,2026-08-18,6,0
plum,2026-08-18,7,0
plum,2026-08-18,8,0
plum,2026-08-18,9,0
plum,2026-08-18,10,0
plum,2026-08-18,11,0
plum,2026-08-18,12,0
plum,2026-08-18,13,0
plum,2026-08-18,14,0
plum,2026-08-18,15,0
plum,2026-08-18,16,0
plum,2026-08-18,17,0
plum,2026-08-18,18,0
plum,2026-08-18,19,0
plum,2026-08-18,20,0
plum,2026-08-18,21,0
plum,2026-08-18,22,0
plum,2026-08-18,23,0
plum,2026-08-18,24,0
plum,2026-08-18,25,0
plum,2026-08-18,26,0
plum,2026-08-18,27,0
plum,2026-08-18,28,2
plum,2026-08-18,29,0
plum,2026-08-18,30,0
plum,2026-08-18,31,1
plum,2026-08-18,32,0
plum,2026-08-18,33,0
plum,2026-08-18,34,0
plum,2026-08-18,35,0
plum,2026-08-18,36,0
plum,2026-08-18,37,0
plum,2026-08-18,38,0
plum,2026-08-18,39,1
plum,2026-08-18,40,1
plum,2026-08-18,41,0
plum,2026-08-18,42,0
plum,2026-08-18,43,0
plum,2026-08-18,44,4
plum,2026-08-18,45,0
plum,2026-08-18,46,0
plum,2026-08-18,47,0
plum,2026-08-19,0,0
plum,2026-08-19,1,0
plum,2026-08-19,2,0
plum,2026-08-19,3,0
plum,2026-08-19,4,0
plum,2026-08-19,5,0
plum,2026-08-19,6,0
plum,2026-08-19,7,0
plum,2026-08-19,8,0
plum,2026-08-19,9,0
plum,2026-08-19,10,0
plum,2026-08-19,11,0
plum,2026-08-19,12,0
plum,2026-08-19,13,0
plum,2026-08-19,14,0
plum,2026-08-19,15,0
plum,2026-08-19,16,0
plum,2026-08-19,17,0
plum,2026-08-19,18,0
plum,2026-08-19,19,0
plum,2026-08-19,20,0
plum,2026-08-19,21,0
plum,2026-08-19,22,0
plum,2026-08-19,23,0
plum,2026-08-19,24,0
plum,2026-08-19,25,0
plum,2026-08-19,26,0
plum,2026-08-19,27,0
plum,2026-08-19,28,0
plum,2026-08-19,29,0
plum,2026-08-19,30,0
plum,2026-08-19,31,0
plum,2026-08-19,32,0
plum,2026-08-19,33,0
plum,2026-08-19,34,0
plum,2026-08-19,35,0
plum,2026-08-19,36,0
plum,2026-08-19,37,1
plum,2026-08-19,38,0
plum,2026-08-19,39,0
plum,2026-08-19,40,0
plum,2026-08-19,41,0
plum,2026-08-19,42,0
plum,2026-08-19,43,0
plum,2026-08-19,44,0
plum,2026-08-19,45,0
plum,2026-08-19,46,0
plum,2026-08-19,47,0
plum,2026-08-20,0,0
plum,2026-08-20,1,0
plum,2026-08-20,2,0
plum,2026-08-20,3,0
plum,2026-08-20,4,0
plum,2026-08-20,5,0
plum,2026-08-20,6,0
plum,2026-08-20,7,0
plum,2026-08-20,8,0
plum,2026-08-20,9,0
plum,2026-08-20,10,0
plum,2026-08-20,11,0
plum,2026-08-20,12,0
plum,2026-08-20,13,0
plum,2026-08-20,14,0
plum,2026-08-20,15,0
plum,2026-08-20,16,0
plum,2026-08-20,17,0
plum,2026-08-20,18,0
plum,2026-08-20,19,0
plum,2026-08-20,20,0
plum,2026-08-20,21,0
plum,2026-08-20,22,0
plum,2026-08-20,23,0
plum,2026-08-20,24,0
plum,2026-08-20,25,0
plum,2026-08-20,26,0
plum,2026-08-20,27,0
plum,2026-08-20,28,0
plum,2026-08-20,29,0
plum,2026-08-20,30,0
plum,2026-08-20,31,0
plum,2026-08-20,32,1
plum,2026-08-20,33,0
plum,2026-08-20,34,0
plum,2026-08-20,35,0
plum,2026-08-20,36,0
plum,2026-08-20,37,0
plum,2026-08-20,38,0
plum,2026-08-20,39,0
plum,2026-08-20,40,0
plum,2026-08-20,41,0
plum,2026-08-20,42,0
plum,2026-08-20,43,0
plum,2026-08-20,44,0
plum,2026-08-20,45,0
plum,2026-08-20,46,0
plum,2026-08-20,47,0
plum,2026-08-21,0,0
plum,2026-08-21,1,0
plum,2026-08-21,2,0
plum,2026-08-21,3,0
plum,2026-08-21,4,0
plum,2026-08-21,5,0
plum,2026-08-21,6,0
plum,2026-08-21,7,0
plum,2026-08-21,8,0
plum,2026-08-21,9,0
plum,2026-08-21,10,0
plum,2026-08-21,11,0
plum,2026-08-21,12,0
plum,2026-08-21,13,0
plum,2026-08-21,14,0
plum,2026-08-21,15,0
plum,2026-08-21,16,0
plum,2026-08-21,17,0
plum,2026-08-21,18,0
plum,2026-08-21,19,1
plum,2026-08-21,20,0
plum,2026-08-21,21,0
plum,2026-08-21,22,0
plum,2026-08-21,23,0
plum,2026-08-21,24,0
plum,2026-08-21,25,0
plum,2026-08-21,26,0
plum,2026-08-21,27,0
plum,2026-08-21,28,0
plum,2026-08-21,29,0
plum,2026-08-21,30,0
plum,2026-08-21,31,0
plum,2026-08-21,32,0
plum,2026-08-21,33,0
plum,2026-08-21,34,0
plum,2026-08-21,35,1
plum,2026-08-21,36,0
plum,2026-08-21,37,0
plum,2026-08-21,38,0
plum,2026-08-21,39,0
plum,2026-08-21,40,0
plum,2026-08-21,41,0
plum,2026-08-21,42,0
plum,2026-08-21,43,0
plum,2026-08-21,44,0
plum,2026-08-21,45,0
plum,2026-08-21,46,0
plum,2026-08-21,47,0
plum,2026-08-22,0,0
plum,2026-08-22,1,0
plum,2026-08-22,2,0
plum,2026-08-22,3,0
plum,2026-08-22,4,0
plum,2026-08-22,5,0
plum,2026-08-22,6,0
plum,2026-08-22,7,0
plum,2026-08-22,8,0
plum,2026-08-22,9,0
plum,2026-08-22,10,0
plum,2026-08-22,11,0
plum,2026-08-22,12,0
plum,2026-08-22,13,0
plum,2026-08-22,14,0
plum,2026-08-22,15,0
plum,2026-08-22,16,0
plum,2026-08-22,17,0
plum,2026-08-22,18,0
plum,2026-08-22,19,0
plum,2026-08-22,20,1
plum,2026-08-22,21,0
plum,2026-08-22,22,0
plum,2026-08-22,23,0
plum,2026-08-22,24,0
plum,2026-08-22,25,0
plum,2026-08-22,26,0
plum,2026-08-22,27,0
plum,2026-08-22,28,0
plum,2026-08-22,29,0
plum,2026-08-22,30,0
plum,2026-08-22,31,0
plum,2026-08-22,32,0
plum,2026-08-22,33,0
plum,2026-08-22,34,0
plum,2026-08-22,35,0
plum,2026-08-22,36,0
plum,2026-08-22,37,0
plum,2026-08-22,38,0
plum,2026-08-22,39,0
plum,2026-08-22,40,0
plum,2026-08-22,41,0
plum,2026-08-22,42,0
plum,2026-08-22,43,0
plum,2026-08-22,44,0
plum,2026-08-22,45,0
plum,2026-08-22,46,0
plum,2026-08-22,47,0
plum,2026-08-23,0,0
plum,2026-08-23,1,0
plum,2026-08-23,2,0
plum,2026-08-23,3,0
plum,2026-08-23,4,0
plum,2026-08-23,5,0
plum,2026-08-23,6,0
plum,2026-08-23,7,0
plum,2026-08-23,8,0
plum,2026-08-23,9,0
plum,2026-08-23,10,0
plum,2026-08-23,11,0
plum,2026-08-23,12,0
plum,2026-08-23,13,0
plum,2026-08-23,14,0
plum,2026-08-23,15,0
plum,2026-08-23,16,0
plum,2026-08-23,17,0
plum,2026-08-23,18,0
plum,2026-08-23,19,0
plum,2026-08-23,20,0
plum,2026-08-23,21,0
plum,2026-08-23,22,0
plum,2026-08-23,23,0
plum,2026-08-23,24,0
plum,2026-08-23,25,0
plum,2026-08-23,26,0
plum,2026-08-23,27,0
plum,2026-08-23,28,0
plum,2026-08-23,29,0
plum,2026-08-23,30,0
plum,2026-08-23,31,0
plum,2026-08-23,32,1
plum,2026-08-23,33,0
plum,2026-08-23,34,0
plum,2026-08-23,35,0
plum,2026-08-23,36,0
plum,2026-08-23,37,0
plum,2026-08-23,38,0
plum,2026-08-23,39,0
plum,2026-08-23,40,0
plum,2026-08-23,41,0
plum,2026-08-23,42,0
plum,2026-08-23,43,0
plum,2026-08-23,44,0
plum,2026-08-23,45,0
plum,2026-08-23,46,0
plum,2026-08-23,47,0
plum,2026-08-24,0,0
plum,2026-08-24,1,0
plum,2026-08-24,2,0
plum,2026-08-24,3,0
plum,2026-08-24,4,0
plum,2026-08-24,5,0
plum,2026-08-24,6,0
plum,2026-08-24,7,0
plum,2026-08-24,8,0
plum,2026-08-24,9,0
plum,2026-08-24,10,0
plum,2026-08-24,11,0
plum,2026-08-24,12,0
plum,2026-08-24,13,0
plum,2026-08-24,14,0
plum,2026-08-24,15,0
plum,2026-08-24,16,0
plum,2026-08-24,17,0
plum,2026-08-24,18,0
plum,2026-08-24,19,0
plum,2026-08-24,20,2
plum,2026-08-24,21,1
plum,2026-08-24,22,0
plum,2026-08-24,23,0
plum,2026-08-24,24,0
plum,2026-08-24,25,0
plum,2026-08-24,26,0
plum,2026-08-24,27,0
plum,2026-08-24,28,0
plum,2026-08-24,29,0
plum,2026-08-24,30,0
plum,2026-08-24,31,0
plum,2026-08-24,32,0
plum,2026-08-24,33,0
plum,2026-08-24,34,0
plum,2026-08-24,35,0
plum,2026-08-24,36,0
plum,2026-08-24,37,1
plum,2026-08-24,38,0
plum,2026-08-24,39,0
plum,2026-08-24,40,0
plum,2026-08-24,41,0
plum,2026-08-24,42,1
plum,2026-08-24,43,0
plum,2026-08-24,44,0
plum,2026-08-24,45,0
plum,2026-08-24,46,0
plum,2026-08-24,47,0
plum,2026-08-25,0,0
plum,2026-08-25,1,0
plum,2026-08-25,2,0
plum,2026-08-25,3,0
plum,2026-08-25,4,0
plum,2026-08-25,5,0
plum,2026-08-25,6,0
plum,2026-08-25,7,0
plum,2026-08-25,8,0
plum,2026-08-25,9,0
plum,2026-08-25,10,0
plum,2026-08-25,11,0
plum,2026-08-25,12,0
plum,2026-08-25,13,0
plum,2026-08-25,14,0
plum,2026-08-25,15,1
plum,2026-08-25,16,0
plum,2026-08-25,17,0
plum,2026-08-25,18,0
plum,2026-08-25,19,0
plum,2026-08-25,20,0
plum,2026-08-25,21,0
plum,2026-08-25,22,0
plum,2026-08-25,23,0
plum,2026-08-25,24,0
plum,2026-08-25,25,0
plum,2026-08-25,26,0
plum,2026-08-25,27,0
plum,2026-08-25,28,0
plum,2026-08-25,29,0
plum,2026-08-25,30,0
plum,2026-08-25,31,0
plum,2026-08-25,32,0
plum,2026-08-25,33,0
plum,2026-08-25,34,0
plum,2026-08-25,35,0
plum,2026-08-25,36,0
plum,2026-08-25,37,0
plum,2026-08-25,38,0
plum,2026-08-25,39,0
plum,2026-08-25,40,0
plum,2026-08-25,41,0
plum,2026-08-25,42,0
plum,2026-08-25,43,0
plum,2026-08-25,44,0
plum,2026-08-25,45,0
plum,2026-08-25,46,0
plum,2026-08-25,47,0
plum,2026-08-26,0,0
plum,2026-08-26,1,0
plum,2026-08-26,2,0
plum,2026-08-26,3,0
plum,2026-08-26,4,0
plum,2026-08-26,5,0
plum,2026-08-26,6,0
plum,2026-08-26,7,0
plum,2026-08-26,8,0
plum,2026-08-26,9,0
plum,2026-08-26,10,0
plum,2026-08-26,11,0
plum,2026-08-26,12,0
plum,2026-08-26,13,0
plum,2026-08-26,14,0
plum,2026-08-26,15,0
plum,2026-08-26,16,0
plum,2026-08-26,17,0
plum,2026-08-26,18,0
plum,2026-08-26,19,0
plum,2026-08-26,20,0
plum,2026-08-26,21,0
plum,2026-08-26,22,0
plum,2026-08-26,23,0
plum,2026-08-26,24,0
plum,2026-08-26,25,0
plum,2026-08-26,26,0
plum,2026-08-26,27,0
plum,2026-08-26,28,0
plum,2026-08-26,29,0
plum,2026-08-26,30,0
plum,2026-08-26,31,0
plum,2026-08-26,32,0
plum,2026-08-26,33,0
plum,2026-08-26,34,0
plum,2026-08-26,35,0
plum,2026-08-26,36,2
plum,2026-08-26,37,0
plum,2026-08-26,38,0
plum,2026-08-26,39,0
plum,2026-08-26,40,0
plum,2026-08-26,41,0
plum,2026-08-26,42,0
plum,2026-08-26,43,0
plum,2026-08-26,44,0
plum,2026-08-26,45,0
plum,2026-08-26,46,0
plum,2026-08-26,47,0
plum,2026-08-27,0,0
plum,2026-08-27,1,0
plum,2026-08-27,2,0
plum,2026-08-27,3,0
plum,2026-08-27,4,0
plum,2026-08-27,5,0
plum,2026-08-27,6,0
plum,2026-08-27,7,0
plum,2026-08-27,8,0
plum,2026-08-27,9,0
plum,2026-08-27,10,0
plum,2026-08-27,11,0
plum,2026-08-27,12,0
plum,2026-08-27,13,0
plum,2026-08-27,14,0
plum,2026-08-27,15,0
plum,2026-08-27,16,0
plum,2026-08-27,17,0
plum,2026-08-27,18,0
plum,2026-08-27,19,0
plum,2026-08-27,20,0
plum,2026-08-27,21,0
plum,2026-08-27,22,0
plum,2026-08-27,23,0
plum,2026-08-27,24,0
plum,2026-08-27,25,0
plum,2026-08-27,26,0
plum,2026-08-27,27,0
plum,2026-08-27,28,0
plum,2026-08-27,29,0
plum,2026-08-27,30,0
plum,2026-08-27,31,0
plum,2026-08-27,32,1
plum,2026-08-27,33,0
plum,2026-08-27,34,0
plum,2026-08-27,35,1
plum,2026-08-27,36,0
plum,2026-08-27,37,0
plum,2026-08-27,38,0
plum,2026-08-27,39,0
plum,2026-08-27,40,0
plum,2026-08-27,41,0
plum,2026-08-27,42,0
plum,2026-08-27,43,0
plum,2026-08-27,44,0
plum,2026-08-27,45,0
plum,2026-08-27,46,0
plum,2026-08-27,47,0
plum,2026-08-28,0,0
plum,2026-08-28,1,0
plum,2026-08-28,2,0
plum,2026-08-28,3,0
plum,2026-08-28,4,0
plum,2026-08-28,5,0
plum,2026-08-28,6,0
plum,2026-08-28,7,0
plum,2026-08-28,8,0
plum,2026-08-28,9,0
plum,2026-08-28,10,0
plum,2026-08-28,11,0
plum,2026-08-28,12,0
plum,2026-08-28,13,0
plum,2026-08-28,14,0
plum,2026-08-28,15,0
plum,2026-08-28,16,0
plum,2026-08-28,17,0
plum,2026-08-28,18,0
plum,2026-08-28,19,0
plum,2026-08-28,20,0
plum,2026-08-28,21,0
plum,2026-08-28,22,3
plum,2026-08-28,23,0
plum,2026-08-28,24,0
plum,2026-08-28,25,0
plum,2026-08-28,26,0
plum,2026-08-28,27,0
plum,2026-08-28,28,0
plum,2026-08-28,29,0
plum,2026-08-28,30,0
plum,2026-08-28,31,0
plum,2026-08-28,32,0
plum,2026-08-28,33,0
plum,2026-08-28,34,0
plum,2026-08-28,35,0
plum,2026-08-28,36,0
plum,2026-08-28,37,0
plum,2026-08-28,38,0
plum,2026-08-28,39,0
plum,2026-08-28,40,0
plum,2026-08-28,41,0
plum,2026-08-28,42,0
plum,2026-08-28,43,0
plum,2026-08-28,44,0
plum,2026-08-28,45,0
plum,2026-08-28,46,0
plum,2026-08-28,47,0
plum,2026-08-29,0,0
plum,2026-08-29,1,0
plum,2026-08-29,2,0
plum,2026-08-29,3,0
plum,2026-08-29,4,0
plum,2026-08-29,5,0
plum,2026-08-29,6,0
plum,2026-08-29,7,0
plum,2026-08-29,8,0
plum,2026-08-29,9,0
plum,2026-08-29,10,0
plum,2026-08-29,11,0
plum,2026-08-29,12,0
plum,2026-08-29,13,0
plum,2026-08-29,14,0
plum,2026-08-29,15,0
plum,2026-08-29,16,0
plum,2026-08-29,17,0
plum,2026-08-29,18,0
plum,2026-08-29,19,0
plum,2026-08-29,20,0
plum,2026-08-29,21,0
plum,2026-08-29,22,0
plum,2026-08-29,23,0
plum,2026-08-29,24,0
plum,2026-08-29,25,0
plum,2026-08-29,26,0
plum,2026-08-29,27,0
plum,2026-08-29,28,0
plum,2026-08-29,29,0
plum,2026-08-29,30,0
plum,2026-08-29,31,0
plum,2026-08-29,32,0
plum,2026-08-29,33,0
plum,2026-08-29,34,0
plum,2026-08-29,35,0
plum,2026-08-29,36,0
plum,2026-08-29,37,0
plum,2026-08-29,38,0
plum,2026-08-29,39,0
plum,2026-08-29,40,0
plum,2026-08-29,41,0
plum,2026-08-29,42,0
plum,2026-08-29,43,0
plum,2026-08-29,44,0
plum,2026-08-29,45,0
plum,2026-08-29,46,0
plum,2026-08-29,47,0
plum,2026-08-30,0,0
plum,2026-08-30,1,0
plum,2026-08-30,2,0
plum,2026-08-30,3,0
plum,2026-08-30,4,0
plum,2026-08-30,5,0
plum,2026-08-30,6,0
plum,2026-08-30,7,0
plum,2026-08-30,8,0
plum,2026-08-30,9,0
plum,2026-08-30,10,0
plum,2026-08-30,11,0
plum,2026-08-30,12,0
plum,2026-08-30,13,0
plum,2026-08-30,14,0
plum,2026-08-30,15,0
plum,2026-08-30,16,0
plum,2026-08-30,17,0
plum,2026-08-30,18,0
plum,2026-08-30,19,0
plum,2026-08-30,20,0
plum,2026-08-30,21,0
plum,2026-08-30,22,1
plum,2026-08-30,23,0
plum,2026-08-30,24,0
plum,2026-08-30,25,0
plum,2026-08-30,26,0
plum,2026-08-30,27,0
plum,2026-08-30,28,0
plum,2026-08-30,29,0
plum,2026-08-30,30,0
plum,2026-08-30,31,0
plum,2026-08-30,32,0
plum,2026-08-30,33,0
plum,2026-08-30,34,0
plum,2026-08-30,35,0
plum,2026-08-30,36,0
plum,2026-08-30,37,0
plum,2026-08-30,38,0
plum,2026-08-30,39,0
plum,2026-08-30,40,0
plum,2026-08-30,41,0
plum,2026-08-30,42,0
plum,2026-08-30,43,0
plum,2026-08-30,44,0
plum,2026-08-30,45,0
plum,2026-08-30,46,0
plum,2026-08-30,47,0
plum,2026-08-31,0,0
plum,2026-08-31,1,0
plum,2026-08-31,2,0
plum,2026-08-31,3,0
plum,2026-08-31,4,0
plum,2026-08-31,5,0
plum,2026-08-31,6,0
plum,2026-08-31,7,0
plum,2026-08-31,8,0
plum,2026-08-31,9,0
plum,2026-08-31,10,0
plum,2026-08-31,11,0
plum,2026-08-31,12,0
plum,2026-08-31,13,0
plum,2026-08-31,14,0
plum,2026-08-31,15,0
plum,2026-08-31,16,0
plum,2026-08-31,17,0
plum,2026-08-31,18,0
plum,2026-08-31,19,0
plum,2026-08-31,20,0
plum,2026-08-31,21,0
plum,2026-08-31,22,1
plum,2026-08-31,23,0
plum,2026-08-31,24,1
plum,2026-08-31,25,0
plum,2026-08-31,26,1
plum,2026-08-31,27,0
plum,2026-08-31,28,0
plum,2026-08-31,29,0
plum,2026-08-31,30,0
plum,2026-08-31,31,0
plum,2026-08-31,32,0
plum,2026-08-31,33,0
plum,2026-08-31,34,0
plum,2026-08-31,35,0
plum,2026-08-31,36,0
plum,2026-08-31,37,0
plum,2026-08-31,38,0
plum,2026-08-31,39,0
plum,2026-08-31,40,0
plum,2026-08-31,41,0
plum,2026-08-31,42,0
plum,2026-08-31,43,0
plum,2026-08-31,44,1
plum,2026-08-31,45,0
plum,2026-08-31,46,0
plum,2026-08-31,47,0
plum,2026-09-01,0,0
plum,2026-09-01,1,0
plum,2026-09-01,2,0
plum,2026-09-01,3,0
plum,2026-09-01,4,0
plum,2026-09-01,5,0
plum,2026-09-01,6,0
plum,2026-09-01,7,0
plum,2026-09-01,8,0
plum,2026-09-01,9,0
plum,2026-09-01,10,0
plum,2026-09-01,11,0
plum,2026-09-01,12,0
plum,2026-09-01,13,0
plum,2026-09-01,14,0
plum,2026-09-01,15,0
plum,2026-09-01,16,0
plum,2026-09-01,17,0
plum,2026-09-01,18,0
plum,2026-09-01,19,0
plum,2026-09-01,20,0
plum,2026-09-01,21,0
plum,2026-09-01,22,0
plum,2026-09-01,23,0
plum,2026-09-01,24,0
plum,2026-09-01,25,0
plum,2026-09-01,26,2
plum,2026-09-01,27,0
plum,2026-09-01,28,0
plum,2026-09-01,29,0
plum,2026-09-01,30,0
plum,2026-09-01,31,0
plum,2026-09-01,32,0
plum,2026-09-01,33,1
plum,2026-09-01,34,0
plum,2026-09-01,35,0
plum,2026-09-01,36,0
plum,2026-09-01,37,0
plum,2026-09-01,38,0
plum,2026-09-01,39,0
plum,2026-09-01,40,0
plum,2026-09-01,41,0
plum,2026-09-01,42,0
plum,2026-09-01,43,0
plum,2026-09-01,44,0
plum,2026-09-01,45,1
plum,2026-09-01,46,0
plum,2026-09-01,47,0
plum,2026-09-02,0,0
plum,2026-09-02,1,0
plum,2026-09-02,2,0
plum,2026-09-02,3,0
plum,2026-09-02,4,0
plum,2026-09-02,5,0
plum,2026-09-02,6,0
plum,2026-09-02,7,0
plum,2026-09-02,8,0
plum,2026-09-02,9,0
plum,2026-09-02,10,0
plum,2026-09-02,11,0
plum,2026-09-02,12,0
plum,2026-09-02,13,0
plum,2026-09-02,14,1
plum,2026-09-02,15,0
plum,2026-09-02,16,0
plum,2026-09-02,17,0
plum,2026-09-02,18,0
plum,2026-09-02,19,0
plum,2026-09-02,20,0
plum,2026-09-02,21,0
plum,2026-09-02,22,0
plum,2026-09-02,23,0
plum,2026-09-02,24,0
plum,2026-09-02,25,0
plum,2026-09-02,26,0
plum,2026-09-02,27,0
plum,2026-09-02,28,0
plum,2026-09-02,29,0
plum,2026-09-02,30,0
plum,2026-09-02,31,0
plum,2026-09-02,32,0
plum,2026-09-02,33,0
plum,2026-09-02,34,0
plum,2026-09-02,35,0
plum,2026-09-02,36,0
plum,2026-09-02,37,0
plum,2026-09-02,38,0
plum,2026-09-02,39,0
plum,2026-09-02,40,0
plum,2026-09-02,41,0
plum,2026-09-02,42,0
plum,2026-09-02,43,0
plum,2026-09-02,44,0
plum,2026-09-02,45,0
plum,2026-09-02,46,0
plum,2026-09-02,47,0
plum,2026-09-03,0,0
plum,2026-09-03,1,0
plum,2026-09-03,2,0
plum,2026-09-03,3,0
plum,2026-09-03,4,0
plum,2026-09-03,5,0
plum,2026-09-03,6,0
plum,2026-09-03,7,0
plum,2026-09-03,8,0
plum,2026-09-03,9,0
plum,2026-09-03,10,0
plum,2026-09-03,11,0
plum,2026-09-03,12,0
plum,2026-09-03,13,0
plum,2026-09-03,14,0
plum,2026-09-03,15,0
plum,2026-09-03,16,0
plum,2026-09-03,17,0
plum,2026-09-03,18,0
plum,2026-09-03,19,0
plum,2026-09-03,20,0
plum,2026-09-03,21,0
plum,2026-09-03,22,0
plum,2026-09-03,23,0
plum,2026-09-03,24,0
plum,2026-09-03,25,1
plum,2026-09-03,26,0
plum,2026-09-03,27,1
plum,2026-09-03,28,0
plum,2026-09-03,29,0
plum,2026-09-03,30,0
plum,2026-09-03,31,2
plum,2026-09-03,32,0
plum,2026-09-03,33,0
plum,2026-09-03,34,0
plum,2026-09-03,35,0
plum,2026-09-03,36,0
plum,2026-09-03,37,0
plum,2026-09-03,38,0
plum,2026-09-03,39,0
plum,2026-09-03,40,0
plum,2026-09-03,41,0
plum,2026-09-03,42,0
plum,2026-09-03,43,1
plum,2026-09-03,44,0
plum,2026-09-03,45,0
plum,2026-09-03,46,0
plum,2026-09-03,47,0
plum,2026-09-04,0,0
plum,2026-09-04,1,0
plum,2026-09-04,2,0
plum,2026-09-04,3,0
plum,2026-09-04,4,0
plum,2026-09-04,5,0
plum,2026-09-04,6,0
plum,2026-09-04,7,0
plum,2026-09-04,8,0
plum,2026-09-04,9,0
plum,2026-09-04,10,0
plum,2026-09-04,11,0
plum,2026-09-04,12,0
plum,2026-09-04,13,0
plum,2026-09-04,14,0
plum,2026-09-04,15,0
plum,2026-09-04,16,1
plum,2026-09-04,17,0
plum,2026-09-04,18,0
plum,2026-09-04,19,0
plum,2026-09-04,20,0
plum,2026-09-04,21,0
plum,2026-09-04,22,0
plum,2026-09-04,23,0
plum,2026-09-04,24,0
plum,2026-09-04,25,0
plum,2026-09-04,26,0
plum,2026-09-04,27,0
plum,2026-09-04,28,0
plum,2026-09-04,29,0
plum,2026-09-04,30,0
plum,2026-09-04,31,1
plum,2026-09-04,32,0
plum,2026-09-04,33,0
plum,2026-09-04,34,0
plum,2026-09-04,35,0
plum,2026-09-04,36,0
plum,2026-09-04,37,0
plum,2026-09-04,38,0
plum,2026-09-04,39,0
plum,2026-09-04,40,0
plum,2026-09-04,41,0
plum,2026-09-04,42,0
plum,2026-09-04,43,0
plum,2026-09-04,44,0
plum,2026-09-04,45,0
plum,2026-09-04,46,0
plum,2026-09-04,47,0
plum,2026-09-05,0,0
plum,2026-09-05,1,0
plum,2026-09-05,2,0
plum,2026-09-05,3,0
plum,2026-09-05,4,1
plum,2026-09-05,5,0
plum,2026-09-05,6,0
plum,2026-09-05,7,0
plum,2026-09-05,8,0
plum,2026-09-05,9,0
plum,2026-09-05,10,0
plum,2026-09-05,11,0
plum,2026-09-05,12,0
plum,2026-09-05,13,0
plum,2026-09-05,14,0
plum,2026-09-05,15,0
plum,2026-09-05,16,0
plum,2026-09-05,17,0
plum,2026-09-05,18,0
plum,2026-09-05,19,0
plum,2026-09-05,20,0
plum,2026-09-05,21,0
plum,2026-09-05,22,0
plum,2026-09-05,23,0
plum,2026-09-05,24,0
plum,2026-09-05,25,4
plum,2026-09-05,26,2
plum,2026-09-05,27,0
plum,2026-09-05,28,0
plum,2026-09-05,29,1
plum,2026-09-05,30,0
plum,2026-09-05,31,0
plum,2026-09-05,32,0
plum,2026-09-05,33,0
plum,2026-09-05,34,0
plum,2026-09-05,35,0
plum,2026-09-05,36,0
plum,2026-09-05,37,0
plum,2026-09-05,38,0
plum,2026-09-05,39,0
plum,2026-09-05,40,0
plum,2026-09-05,41,0
plum,2026-09-05,42,0
plum,2026-09-05,43,0
plum,2026-09-05,44,0
plum,2026-09-05,45,0
plum,2026-09-05,46,0
plum,2026-09-05,47,0
plum,2026-09-06,0,0
plum,2026-09-06,1,0
plum,2026-09-06,2,1
plum,2026-09-06,3,0
plum,2026-09-06,4,0
plum,2026-09-06,5,0
plum,2026-09-06,6,0
plum,2026-09-06,7,0
plum,2026-09-06,8,0
plum,2026-09-06,9,0
plum,2026-09-06,10,0
plum,2026-09-06,11,0
plum,2026-09-06,12,0
plum,2026-09-06,13,0
plum,2026-09-06,14,0
plum,2026-09-06,15,0
plum,2026-09-06,16,0
plum,2026-09-06,17,0
plum,2026-09-06,18,0
plum,2026-09-06,19,0
plum,2026-09-06,20,0
plum,2026-09-06,21,0
plum,2026-09-06,22,0
plum,2026-09-06,23,0
plum,2026-09-06,24,0
plum,2026-09-06,25,0
plum,2026-09-06,26,0
plum,2026-09-06,27,0
plum,2026-09-06,28,0
plum,2026-09-06,29,0
plum,2026-09-06,30,0
plum,2026-09-06,31,0
plum,2026-09-06,32,0
plum,2026-09-06,33,0
plum,2026-09-06,34,0
plum,2026-09-06,35,0
plum,2026-09-06,36,0
plum,2026-09-06,37,0
plum,2026-09-06,38,0
plum,2026-09-06,39,1
plum,2026-09-06,40,0
plum,2026-09-06,41,0
plum,2026-09-06,42,0
plum,2026-09-06,43,0
plum,2026-09-06,44,0
plum,2026-09-06,45,0
plum,2026-09-06,46,0
plum,2026-09-06,47,0
plum,2026-09-07,0,0
plum,2026-09-07,1,0
plum,2026-09-07,2,0
plum,2026-09-07,3,0
plum,2026-09-07,4,0
plum,2026-09-07,5,0
plum,2026-09-07,6,0
plum,2026-09-07,7,0
plum,2026-09-07,8,0
plum,2026-09-07,9,0
plum,2026-09-07,10,0
plum,2026-09-07,11,0
plum,2026-09-07,12,0
plum,2026-09-07,13,0
plum,2026-09-07,14,0
plum,2026-09-07,15,0
plum,2026-09-07,16,0
plum,2026-09-07,17,0
plum,2026-09-07,18,0
plum,2026-09-07,19,0
plum,2026-09-07,20,0
plum,2026-09-07,21,0
plum,2026-09-07,22,0
plum,2026-09-07,23,0
plum,2026-09-07,24,0
plum,2026-09-07,25,0
plum,2026-09-07,26,0
plum,2026-09-07,27,0
plum,2026-09-07,28,0
plum,2026-09-07,29,0
plum,2026-09-07,30,0
plum,2026-09-07,31,0
plum,2026-09-07,32,0
plum,2026-09-07,33,0
plum,2026-09-07,34,0
plum,2026-09-07,35,0
plum,2026-09-07,36,0
plum,2026-09-07,37,2
plum,2026-09-07,38,0
plum,2026-09-07,39,0
plum,2026-09-07,40,0
plum,2026-09-07,41,0
plum,2026-09-07,42,0
plum,2026-09-07,43,0
plum,2026-09-07,44,0
plum,2026-09-07,45,0
plum,2026-09-07,46,0
plum,2026-09-07,47,0
plum,2026-09-08,0,0
plum,2026-09-08,1,0
plum,2026-09-08,2,0
plum,2026-09-08,3,0
plum,2026-09-08,4,0
plum,2026-09-08,5,0
plum,2026-09-08,6,0
plum,2026-09-08,7,0
plum,2026-09-08,8,0
plum,2026-09-08,9,0
plum,2026-09-08,10,0
plum,2026-09-08,11,0
plum,2026-09-08,12,0
plum,2026-09-08,13,0
plum,2026-09-08,14,0
plum,2026-09-08,15,0
plum,2026-09-08,16,0
plum,2026-09-08,17,0
plum,2026-09-08,18,0
plum,2026-09-08,19,0
plum,2026-09-08,20,0
plum,2026-09-08,21,0
plum,2026-09-08,22,0
plum,2026-09-08,23,0
plum,2026-09-08,24,2
plum,2026-09-08,25,0
plum,2026-09-08,26,0
plum,2026-09-08,27,0
plum,2026-09-08,28,0
plum,2026-09-08,29,0
plum,2026-09-08,30,0
plum,2026-09-08,31,0
plum,2026-09-08,32,0
plum,2026-09-08,33,0
plum,2026-09-08,34,0
plum,2026-09-08,35,0
plum,2026-09-08,36,0
plum,2026-09-08,37,0
plum,2026-09-08,38,0
plum,2026-09-08,39,1
plum,2026-09-08,40,0
plum,2026-09-08,41,0
plum,2026-09-08,42,0
plum,2026-09-08,43,0
plum,2026-09-08,44,0
plum,2026-09-08,45,0
plum,2026-09-08,46,0
plum,2026-09-08,47,0
plum,2026-09-09,0,0
plum,2026-09-09,1,0
plum,2026-09-09,2,0
plum,2026-09-09,3,0
plum,2026-09-09,4,0
plum,2026-09-09,5,0
plum,2026-09-09,6,0
plum,2026-09-09,7,0
plum,2026-09-09,8,0
plum,2026-09-09,9,0
plum,2026-09-09,10,0
plum,2026-09-09,11,0
plum,2026-09-09,12,0
plum,2026-09-09,13,0
plum,2026-09-09,14,0
plum,2026-09-09,15,0
plum,2026-09-09,16,0
plum,2026-09-09,17,0
plum,2026-09-09,18,0
plum,2026-09-09,19,0
plum,2026-09-09,20,0
plum,2026-09-09,21,0
plum,2026-09-09,22,0
plum,2026-09-09,23,0
plum,2026-09-09,24,0
plum,2026-09-09,25,0
plum,2026-09-09,26,0
plum,2026-09-09,27,0
plum,2026-09-09,28,0
plum,2026-09-09,29,0
plum,2026-09-09,30,0
plum,2026-09-09,31,0
plum,2026-09-09,32,0
plum,2026-09-09,33,0
plum,2026-09-09,34,0
plum,2026-09-09,35,0
plum,2026-09-09,36,0
plum,2026-09-09,37,0
plum,2026-09-09,38,0
plum,2026-09-09,39,1
plum,2026-09-09,40,0
plum,2026-09-09,41,0
plum,2026-09-09,42,0
plum,2026-09-09,43,0
plum,2026-09-09,44,0
plum,2026-09-09,45,0
plum,2026-09-09,46,0
plum,2026-09-09,47,0
plum,2026-09-10,0,0
plum,2026-09-10,1,0
plum,2026-09-10,2,0
plum,2026-09-10,3,0
plum,2026-09-10,4,0
plum,2026-09-10,5,0
plum,2026-09-10,6,0
plum,2026-09-10,7,0
plum,2026-09-10,8,0
plum,2026-09-10,9,0
plum,2026-09-10,10,0
plum,2026-09-10,11,0
plum,2026-09-10,12,0
plum,2026-09-10,13,0
plum,2026-09-10,14,0
plum,2026-09-10,15,0
plum,2026-09-10,16,0
plum,2026-09-10,17,0
plum,2026-09-10,18,0
plum,2026-09-10,19,0
plum,2026-09-10,20,0
plum,2026-09-10,21,0
plum,2026-09-10,22,0
plum,2026-09-10,23,0
plum,2026-09-10,24,0
plum,2026-09-10,25,0
plum,2026-09-10,26,0
plum,2026-09-10,27,0
plum,2026-09-10,28,0
plum,2026-09-10,29,0
plum,2026-09-10,30,0
plum,2026-09-10,31,0
plum,2026-09-10,32,0
plum,2026-09-10,33,0
plum,2026-09-10,34,0
plum,2026-09-10,35,0
plum,2026-09-10,36,0
plum,2026-09-10,37,1
plum,2026-09-10,38,0
plum,2026-09-10,39,1
plum,2026-09-10,40,0
plum,2026-09-10,41,0
plum,2026-09-10,42,0
plum,2026-09-10,43,0
plum,2026-09-10,44,0
plum,2026-09-10,45,0
plum,2026-09-10,46,0
plum,2026-09-10,47,0
